id	title	first_page	start_share	last_page	end_share
vol007_tropicalagricult7188ceyl#1887-08#114	POTATO CULTURE	160	0.00	160	1.00
vol002_tropicalagricult18821883colo#1883-01#175	TOBACCO IN BURMAH	623	0.50	623	0.83
vol058_dli-ernet-229219#1922-01/06#001	(untitled)	0		3	0.58
vol012_tropicalagricult1218ceyl#1892-08#106	CEYLON AT THE CHICAGO SHOW: A GOOD INVESTMENT.	164	1.00	165	1.00
vol015_tropicalagricult1518ceyl#1895-12#089	VEGETABLE BUTTER.	428	1.00	428	0.92
vol010_tropicalagricult1018ceyl#1891-06#030	THE INDIAN MANUFACTURING INDUSTRIES.	879	0.67	881	1.00
vol020_tropicalagricult2019ceyl#1900-09#137	ERRONEOUS VIEWS CORRECTED; ROOM FOR EXTENSION OF P	221	1.00	221	1.00
vol007_tropicalagricult7188ceyl#1888-05#041	PETROLEUM	770	1.00	770	1.00
vol101_iss04_tropical-agriculturist-october-december-1945-101-4#1945-10/12#033	9. **PUBLICATIONS**—	86	1.00	86	1.00
vol052_iss05_tropical-agriculturist-1919-05-52-5#1919-05#003	BATTICALOA.	2	1.00	3	1.00
vol041_lbg-vol-xli-tropicalagricult0000dewi-t3r5#1913-10#025	COCONUTS IN ZANZIBAR.	309	1.00	309	0.92
vol035_tropicalagricul351910ceyl#1910-08#082	CARAVONICA COTTON.	217	1.00	217	1.00
vol005_tropicalagricult18851886colo#1885-10#071	PLANTING IN BRAZIL	290	0.50	290	1.00
vol018_tropicalagricult1818ceyl#1898-12#126	CEYLON TEA IN AUSTRIA AND HUNGARY.	467	1.00	467	1.00
vol005_tropicalagricult18851886colo#1886-06#119	THE NEED OF OPENING UP FRESH MARKETS FOR CEYLON TE	884	1.00	884	0.83
vol015_tropicalagricult1518ceyl#1895-12#134	A NEW PLANTATION CO	443	1.00	443	1.00
vol023_tropicalagricult2319ceyl#1903-08#112	REMARKS ON R. B. GARDEN'S CIRCULAR OF 26TH MAY, 19	158	1.00	159	1.00
vol014_tropicalagricult1418ceyl#1894-12#016	PLANTING AND PRODUCE NOTES.	429	1.00	430	0.83
vol008_tropicalagricult8188ceyl#1889-01#028	DRIED PLANTS FOR ESSENTIAL OILS	471	1.00	471	1.00
vol008_tropicalagricult8188ceyl#1889-03#093	TEA GROWING IN CEYLON ON OLD COFFEE ESTATES.	642	1.00	643	1.00
vol004_tropicalagricult18841885colo#1884-08#076	JAPANESE PLUM	146	1.00	146	1.00
vol009_tropicalagricult9188ceyl#1890-06#115	THE HEALTH OF THE SKIN.	898	1.00	899	1.00
vol007_tropicalagricult7188ceyl#1887-11#069	COCONUT CULTIVATION: THE MAIN ROOT AND FEEDING ROO	359	1.00	360	1.00
vol010_tropicalagricult1018ceyl#1891-02#133	BARK AND DRUG REPORT.	641	1.00	641	0.86
vol015_tropicalagricult1518ceyl#1896-02#032	THE SUPPLY OF TEA AND THE MARKET	551	1.00	551	0.92
vol010_tropicalagricult1018ceyl#1890-12#071	GEMMING IN RAKWANA	453	1.00	453	1.00
vol007_tropicalagricult7188ceyl#1888-04#111	THE DUTCH CINCHONA AUCTIONS.	739	1.00	739	0.92
vol006_tropicalagricult18861887colo#1886-11#082	GERMINATION OF SEEDS OF THE VINE	353	0.67	353	1.00
vol031_tropicalagricul311908ceyl#1908-08#187	COAGULATING CASTILLOA RUBBER.	443	1.00	443	1.00
vol009_tropicalagricult9188ceyl#1890-06#033	NEW GUINEA PLANTS	862	1.00	862	0.92
vol003_tropicalagricult18831884colo#1883-10#038	TEA AND COFFEE CULTIVATION IN CEYLON.	268	1.00	277	1.00
vol006_tropicalagricult18861887colo#1886-08#053	TEA, CINCHONA BARK AND COFFEE IN THE UNITED STATES	111	1.00	112	1.00
vol016_tropicalagricult1618ceyl#1896-12#085	NEWS FROM BRITISH CENTRAL AFRICA.	431	1.00	431	0.75
vol016_tropicalagricult1618ceyl#1897-03#103	DEAFNESS.	665	1.00	665	0.83
vol008_tropicalagricult8188ceyl#1889-06#040	COCONUT CULTURE DISCUSSION.	843	1.00	843	1.00
vol014_tropicalagricult1418ceyl#1895-04#023	MR. H. H. JOHNSTON, C. B. AND SIKHS FOR BRITISH CE	716	1.00	716	0.92
vol002_tropicalagricult18821883colo#1883-04#084	IVORY	825	1.00	825	1.00
vol009_tropicalagricult9188ceyl#1889-09#095	MR. DUNN'S ANALYSES OF CEYLON TEA.	251	1.00	252	1.00
vol011_tropicalagricult1118ceyl#1891-07#146	FALL IN TOBACCO SHARES	87	1.00	88	1.00
vol045_lbg-630-5-tag-v-45#1915-11#029	INJURIOUS ACTION OF HEAVY DRESSINGS OF LIME ON MOO	367	1.00	368	0.92
