P000004	NONE		medium	Govt Agricultural Chemist, Ceylon; MCP searches (Kelway Bamber chemist Ceylon tea) found no person item.
P000009	NONE		medium	Secretary Ceylon Agricultural Society, Supt School Gardens; searched Drieberg + CAS/school gardens; only a German musicologist (1780-1856), no match.
P000012	NONE		medium	Agricultural Chemist, Dept of Agriculture Ceylon 1924-45; only candidate a German singer (1839-99). Search on Joachim chemist Ceylon found nothing.
P000014	NONE		medium	Curator RBG Peradeniya; candidates Hugh Macmillan (Free Church minister, d.1903) and Harold Macmillan (PM) conflict. Search for Henry Fraser Macmillan found nothing.
P000016	NONE		medium	Ceylon planter/Commissioner in America 1881-1910; candidates (Baron Amulree, Canadian railway entrepreneur, engineer d.1851) have no Ceylon/tea link.
P000018	NONE		medium	Government Veterinary Surgeon, Ceylon; search Sturgess veterinary Ceylon returned only an actor/surname item.
P000020	NONE		medium	Manager, Experiment Station Peradeniya; candidate Thomas Henry Holland is a geologist (Geol. Survey India), a different career. No other fit.
P000022	NONE		medium	Gate Mudaliyar, Board of Agriculture member; only candidate a politician born 1974. Search found nothing.
P000025	NONE		medium	Ceylon planter/director 1881-1914; candidates are Quebec physician, 18th-c writer, rower; none fit.
P000027	NONE		medium	Chairman/member, Board of Agriculture, Ceylon planter; search found only Australian cricketer Thomas Coombe.
P000029	LINK	Q6758160	high	Sir Hilarion Marcus Fernando: Ceylonese physician and statesman, Knight Bachelor, b. Colombo 1864-1936; matches Dr/Sir, Board member 1884-1941.
P000031	NONE		medium	Secretary Ceylon Association in London 1882-1922; candidate W.M. Leake the antiquary died 1860 (namesake). Others: cricketer, rugby player.
P000033	NONE		medium	Govt Veterinary Surgeon / Deputy Director Animal Husbandry Ceylon 1924-44; only candidate an illustrator b.1925.
P000036	LINK	Q5720247	high	Henry De Mel (alias Sir Henry Lawson De Mel), Ceylonese politician 1877-1936, KBE; matches Henry L. De Mel, Hon./Sir/C.B.E., Board member 1904-41.
P000040	UNSURE	Q76068162	low	Malcolm Park (d.1963) peerage item has no occupation/place; profile is Govt Mycologist Ceylon 1921-45. Name and era only.
P000042	LINK	Q16003781	high	Thomas Yates Wright: British planter, Sri Lanka citizen, British Army, MBE, 1869-1964; matches Col. T. Y. Wright, Ceylon board member 1898-1945.
P000044	NONE		low	A. M. Ferguson (Ceylon Observer, Commissioner for Ceylon); candidates all wrong era/role; searches for Alastair Mackenzie Ferguson found no item.
P000048	UNSURE	Q64853680	medium	John Grinlinton, Knight Bachelor, matches Sir John Grinlinton (Ceylon Commissioner, Chicago 1893); rare surname but item has no dates/role.
P000050	NONE		medium	Govt Entomologist Ceylon 1919-45; candidates modern (born 1937+). Search found nothing.
P000054	MIXED	Q6231692	medium	Dominant: Dr J. E. Taylor, editor of Science-Gossip = John Ellor Taylor, popular science writer 1837-95. Pools James Taylor, Ceylon tea planter (Q6144040).
P000057	LINK	Q55227768	high	Roland Victor Norris (alias R.V. Norris), English biochemist 1888-1950; matches Dr Roland V. Norris, Director Tea Research Institute of Ceylon 1920-45.
P000059	NONE		medium	Robert Cross, plant collector (cinchona, S. America/Nilgiris) 1881-1931; candidates are modern researchers/peerage stubs; searches found no collector item.
P000061	NONE		medium	Board of Agriculture member, Ceylon 1881-1938; only candidate a racing driver b.1910. No match.
P000063	LINK	Q27972860	medium	Richard Blechynden, merchant who popularized iced tea; matches Indian Tea Commissioner/agent promoting Indian tea in America 1884-1909. WD item lacks dates.
P000067	NONE		medium	Divisional Agricultural Officer/Acting Plant Pathologist Ceylon 1927-45; only candidate German physicist Wolfgang Paul. No match.
P000069	NONE		medium	Dr Reginald Child, Director Coconut Research Scheme Ceylon 1932-45; candidates American writers/18th-c banker; search found nothing.
P000073	NONE		medium	Joseph Holloway, cacao planter (Maria estate, Wattegama) 1881-1928; candidates all modern people. No match.
P000075	NONE		medium	Ceylon coconut planter 1882-1909; candidates (Jardine of Jardine Matheson d.1843, ornithologist d.1874, US Sec. Agriculture) do not fit.
P000077	NONE		medium	Board member / Unofficial Member Western Province, Ceylon 1889-1925; no candidates; not searched further (brisk).
P000079	NONE		low	J. H. Hart, Supt Royal Botanic Gardens Trinidad; two MCP searches (Hart botanist Trinidad; John Hinchley Hart) returned no matching item.
P000081	NONE		medium	A. J. Bamford, Supdt Colombo Observatory 1913-42; no candidates found.
P000083	NONE		medium	E. Elliott, Government Agent Southern Province, author on rice; no candidates found.
P000085	NONE		medium	E. B. Creasy, agent in Colombo (tea-box importer) 1881-1904; no candidates. Sir Edward Creasy surface form likely the historian namesake, not this agent.
P000087	NONE		medium	Mycologist, Rubber Research Scheme Ceylon 1902-44; candidates Australian geologist d.1925, psychiatrist, 17th-c politician. Search found nothing.
P000089	LINK	Q18910510	high	Edward Morell Holmes (alias E. M. Holmes), British botanist 1843-1930; matches E. M. Holmes F.L.S., Curator, Pharmaceutical Society museum, cited 1881-1936.
P000091	NONE		medium	M. Rogivue, Ceylon tea agent in Russia/Moscow 1890-1906; no candidates.
P000093	NONE		medium	Joseph Fraser, Ceylon tea planter/visiting agent/director 1881-1923; candidates Australian phrenologist, researcher. No match.
P000095	NONE		medium	R. E. Pineo, Ceylon tea planter/promoter in America 1883-99; no candidates.
P000100	NONE		medium	T. Eden, Agricultural Chemist TRI Ceylon; candidates peerage stub (no data) and NZ cricketer (1855-1914). Search found nothing.
P000102	LINK	Q21520254	high	William Graham McIvor, botanist 1824-76, 'quinine specialist', Ooty; matches Supdt Govt Cinchona Plantations Nilgiris, cited posthumously 1882-92.
P000105	UNSURE	Q16007470	medium	Wilmot A. Perera MP (1905-73) is a Ceylonese planter-politician, but profile starts 1901 (before his birth) and has Mudaliyar title; may pool an older W. A. Perera.
P000109	NONE		medium	Mudaliyar N. Wickramaratne, Agricultural Instructor / Secretary Food Products Committee 1906-44; no candidates found.
P000111	NONE		medium	N. K. Jardine, Entomologist for Tea Tortrix / Plant Pest Inspector Ceylon 1915-38; no candidates found.
P000113	LINK	Q748967	high	William Roxburgh (Roxb.), surgeon-botanist 1751-1815, resided Kolkata; matches botanist authority, author Flora Indica, Supt Calcutta garden; cited posthumously.
P000115	NONE		medium	Ernest Tye, Secretary Indian Tea Association, London 1881-1902; no candidates found.
P000117	NONE		medium	H. D. Garrick, member Board of Agriculture / Estate Products Committee 1903-35; no candidates found.
P000119	NONE		low	Dr B. H. Paul (Benjamin H. Paul), analyst/chemist in London, cinchona analyses; search on name + analytical chemist London found no item.
P000121	NONE		medium	A. Bruce, Ceylon Govt Agricultural/Analytical Chemist; candidates (James Bruce explorer, theologian, US politician, Nyasaland capitalist) do not fit.
P000123	LINK	Q514794	high	Sir Henry Alexander Wickham, botanist/explorer 1846-1928, Knight Bachelor; matches collector of Hevea seeds in Brazil, rubber pioneer, Sir Henry Wickham.
P000125	LINK	Q506188	high	Sir Thomas Johnstone Lipton, British tea merchant 1848-1931; matches T. J. Lipton, tea merchant/dealer with Ceylon estates, Sir Thomas Lipton.
P000127	NONE		medium	Eugene C. Schrottky, chemist/planter Gangapitiya, Ceylon 1881-1917; search found only German entomologist Curt Schrottky.
P000129	NONE		medium	J. H. Renton, Ceylon Tea Commissioner in Europe 1890-1921; no candidates found.
P000131	NONE		medium	William Smith, planter of Mattakelle, Dimbula 1881-1928; candidates (lexicographer, US politicians, sealer) do not fit.
P000134	NONE		medium	D. T. E. Dassanayake, Supt Colombo Observatory 1929-45; no candidates found.
P000136	LINK	Q2566984	high	Sir George King, botanist 1840-1909, KCIE, worked in Kolkata, field antimalarials; matches Surgeon-Major, Supt Royal Botanic Garden Calcutta.
P000138	NONE		medium	L. Lord, Economic Botanist, Dept of Agriculture Ceylon 1926-41; no candidates found.
P000140	NONE		medium	George Brown, Board of Agriculture member Ceylon 1887-1938; candidates (Canadian politician, footballer, general) do not fit.
P000144	NONE		medium	J. B. Coles, Board of Agriculture / Estate Products Committee member 1888-1932; no candidates found.
P000146	NONE		medium	N. D. Stephen Silva J.P., Board member Ceylon 1914-42; no candidates found.
P000148	NONE		medium	S. Kandiah, Assistant in Agricultural Chemistry, Ceylon 1925-45; no candidates found.
P000150	LINK	Q71069	high	Sir Dietrich Brandis, botanist/forester 1824-1907, KCIE, worked in British Raj; matches Inspector-General of Forests, Government of India.
P000152	UNSURE	Q47126427	medium	William Small (W.Small), botanist, FLS, IPNI author; fits Dr W. Small, Mycologist Ceylon (Uganda in places), but WD item has no dates or posts.
P000154	NONE		medium	J. Sheridan Patterson, Board of Agriculture / Estate Products Committee member 1891-1929; no candidates found.
P000156	NONE		medium	Dr W. Youngman, Director of Agriculture Ceylon 1930-45; search found no person item.
P000161	LINK	Q125159663	medium	R. N. Lyne, editor of a Zanzibar Arabic/English gazette; matches R. N. Lyne, Director of Agriculture Zanzibar (later Ceylon). Same place and initials; WD has no dates.
P000164	UNSURE	Q5933516	medium	John Parkin FRS, botanist 1873-1964; fits Scientific Assistant (Trinity Coll. Cambridge) on rubber at Peradeniya, but WD lacks Ceylon link; mentions from 1882 predate him.
P000166	NONE		medium	R. Valentine Webster, Ceylon planter/company man 1886-1906; only candidate a Canadian court case.
P000168	NONE		medium	William Jackson, Aberdeen engineer, inventor of Excelsior tea roller; candidates (US congressman, Manchester mayor, etc.) do not fit.
P000170	NONE		medium	Giles F. Walker, Chairman Planters' Association of Ceylon 1882-1911; no candidates found.
P000172	NONE		medium	W. Herbert Anderson, director of Ceylon tea companies, London 1884-1906; no candidates found.
P000174	NONE		medium	C. Huntley Wilkinson, Board of Agriculture member 1887-1940; no candidates found.
P000177	LINK	Q65658813	high	Rudolph David Anstead 1876-1962, botanist/horticulturist, played for Europeans (India); matches Rudolph D. Anstead, Planting Expert / Director of Agriculture Madras.
P000179	NONE		medium	Alexander Perera, rainfall recorder / Inspector of School Gardens Ceylon 1897-1926; no candidates found.
P000181	LINK	Q963818	high	Charles Ledger 1818-1905, noted for work on quinine; matches cinchona seed collector in Bolivia (Ledgeriana), cited 1881-1943.
P000184	NONE		medium	Francis Beven, Unofficial Member Western Province, Board member 1882-1941; no candidates found.
P000189	NONE		medium	A. G. K. Borron, planter of Crystal Hill, Kandy 1881-1903; no candidates found.
P000191	NONE		medium	F. F. Street, Colombo tea buyer/expert 1887-1904; no candidates found.
P000193	NONE		medium	Alexander Ross, Ceylon planter (Venture estate) 1881-1901; candidates (engineer, fur trader, undated stubs) have no Ceylon link.
P000195	NONE		medium	G. Bruce Foote, Board of Agriculture member (geologist) 1882-1937; no candidates found.
P000198	NONE		medium	Elwood May, New York capitalist, American Ceylon Planters' Tea Co. 1888-99; no candidates found.
P000200	NONE		medium	James Sinclair, Ceylon planter/company chairman (Dimbula, Lindula) 1881-1904; candidates (Earl of Caithness d.1881, artist, undated stubs) have no Ceylon link.
P000203	NONE		medium	D. S. Cameron, Board of Agriculture member 1906-31; candidates (painter D. Y. Cameron, Lochiel, Canadian politicians) do not fit.
P000205	NONE		medium	John Hamilton of S. Rucker & Co., ex-Dikoya planter, cinchona statistics author 1881-1903; candidates are naval officers/US politician.
P000207	NONE		medium	Mudaliyar S. Muttutamby, District Adigar Mannar, Board member 1919-45; no candidates found.
P000211	NONE		medium	Charles Shand, Colombo merchant/tea expert, nephew of Sir Wm. Reid 1881-1903; no candidates found.
P000213	NONE		medium	Henry Cottam, old Ceylon planter and author 1881-1903; only candidate born 1973.
P000215	NONE		medium	C. Drieberg variant (Secretary Ceylon Agricultural Society, Supt School Gardens); same person as P000009, not found in Wikidata.
P000217	NONE		medium	John G. Wardrop, Colombo company director/chairman 1885-1929; no candidates found.
P000219	NONE		medium	C. Arulambalam, Central Board of Agriculture member 1934-45; no candidates found.
P000223	NONE		medium	J. Osland Moody, tea broker of James Henty & Co., Melbourne 1881-89; no candidates found.
P000225	NONE		medium	Dr O. de Vries, rubber researcher, Central Rubber Station Buitenzorg 1915-36; candidate O. de Vries is an 18th-c Amsterdam engraver (fl.1758-80). Search found nothing.
P000229	NONE		medium	John D. Vanderstraaten, Unofficial Member Western Province 1893-1941; no candidates found.
P000231	NONE		medium	Frederick William Bois, Colombo company director/Chamber of Commerce 1881-1906; no candidates found.
P000233	NONE		medium	John H. Starey, managing director, Eastern Produce and Estates Co. 1886-1904; no candidates found.
P000235	NONE		medium	S. Chelliah, Agricultural Instructor Northern Province 1889-1917; no candidates found.
P000237	NONE		medium	T. H. Parsons, Curator RBG Peradeniya 1917-45; candidates (US law professor, archdeacon, actor) wrong; search found nothing.
P000239	NONE		medium	Andrew Rutherford, Govt Entomologist Ceylon 1913-34; candidates NZ politician, US politicians, modern academics; search found nothing.
P000242	NONE		medium	James W. Ferguson, Visiting Agent (St Coombs) / Board member 1892-1937; candidates (Scottish chemist, priests, politicians) do not fit.
P000245	NONE		medium	W. C. Lester-Smith, Soil Conservation Officer / Secretary Central Board of Agriculture 1926-42; no candidates found.
P000247	NONE		medium	Arthur W. L. Turner, Secretary Planters' Assoc. / TRI 1882-1944; candidate Australian vet scientist (1900-89) conflicts.
P000250	NONE		medium	Henry Bois, Colombo agency director/chairman 1887-1942; no candidates found.
P000253	LINK	Q82778	high	Pliny the Elder, Roman naturalist and writer (AD 23-79), notable work Natural History; matches 'ancient author', naturalist, treatise on food plants.
P000255	NONE		medium	J. M. Macdonald 'of Ramie fame', MacDonald, Boyle & Co. London 1881-1913; no candidates found.
P000257	NONE		medium	A. Madanayake, Agricultural Instructor (Galle, NWP, Matale) 1912-28; no candidates found.
P000259	NONE		medium	E. W. Keith, Board / Estate Products Committee member 1908-32; no candidates found.
P000261	NONE		medium	L. P. Gapp, Board of Agriculture member 1925-45; no candidates found.
P000264	NONE		medium	A. M. Clement Dias, Board member, Low-Country Products Assoc. 1882-1945; no candidates found.
P000266	LINK	Q18674331	high	Peter Lund Simmonds (alias), journalist/botanist 1814-97, contributed to Popular Science; matches P. L. Simmonds, author of Tropical Agriculture, editor of The Technologist.
P000269	NONE		medium	D. H. Kotalawala, Muhandiram, Unofficial Member Uva, Board member 1907-37; no candidates found.
P000271	LINK	Q109382387	high	Sir Edward Rosling, British planter and politician 1863-1946; matches Ceylon planter, M.L.C./Hon., Sir, director 1893-1917.
P000273	NONE		medium	G. Bryce, Asst Botanist and Mycologist Ceylon 1912-28; no candidates found.
P000275	NONE		medium	J. Alec Roberts, Secretary (Ceylon Association, London) 1881-1939; candidates all wrong era/role.
P000277	NONE		medium	Norman W. Grieve, director of Ceylon tea companies 1889-1912; no candidates found.
P000279	LINK	Q200666	high	Robert Fortune, British botanist and plant collector 1812-80; matches author of 'Two Journeys in the Tea Districts', introduced China tea to India; cited posthumously.
P000281	NONE		medium	Alexander (Trafford) Brooke, secretary/chairman, James Hadden & Co. 1881-1920; no candidates found.
P000283	NONE		low	David Howard F.C.S., cinchona bark analyst of Howards & Sons 1881-1922; candidates are wrong-era stubs; search on quinine chemist found nothing.
P000286	NONE		medium	James Gibson, Colombo market reporter (Baillie St, Fort) 1883-1908; candidates (minister, US judge, stubs) have no Ceylon link.
P000288	NONE		medium	R. van Romunde, Director Government Cinchona Enterprise Java 1883-91; search found only J. W. van Romunde, politician 1812-1860.
P000307	NONE		medium	V. A. Julius, Colombo company director/legal adviser 1890-1906; candidate Victor August Julius is a Dutch physicist (1851-1902), different career.
P000309	NONE		medium	Edward J. Young, Ceylon planter/Commissioner for labour supply S. India 1885-1909; candidate is an American clergyman.
P000320	NONE		medium	Charles Young, Ceylon director/visiting agent 1881-1911; candidates (US astronomer, Australian stub) do not fit.
P000328	LINK	Q93481272	high	O. C. Tillekeratne, Ceylonese politician 1878-1923; matches Hon. Mr Oswald Tillekeratne, Board member 1917-24.
P000334	NONE		medium	Frederick Lewis, Asst Conservator of Forests Ceylon, F.L.S. 1885-1942; candidates actors/naval officer. No match.
P000338	NONE		medium	James Forbes, Colombo broker/company chairman 1888-1941; candidates (gardener d.1861, physicist, railway man) do not fit.
P000344	LINK	Q2404423	high	George Gardner, Scottish botanist 1812-49, died Kandy; matches Supt Peradeniya Gardens 1844-49; cited posthumously.
P000353	NONE		medium	Hugh Fraser, Matale planter/managing director (Bandarapola) 1884-1910; candidates (House of Fraser chairman, diplomat, witch-trial stub) do not fit.
P000362	NONE		medium	Henry Brown, ex-Ceylon coffee planter/police inspector, later Nyasaland 1885-1908; candidates (inventor, Jamaican judge, etc.) do not fit.
P000367	LINK	Q1704958	high	Sir Robert Hart, 1st Bt, British official in China 1835-1911 (Who's Who in the Far East, Qing histories); matches Inspector-General of Customs, report on China tea trade.
P000370	NONE		medium	Thomas Kempe, London advertiser of a deafness cure 1894-98; candidates are medieval bishop, peerage stubs, footballer.
P000382	LINK	Q55636387	medium	U. B. Unamboowe, Sri Lankan politician born Kotmale, OBE; matches Ratemahatmaya of Kotmale, Board member 1919-45. WD lacks dates.
P000387	LINK	Q16933076	medium	John Henry Meedeniya, Ceylonese politician 1867-1931; matches J. H. Meedeniya, Adigar/R.M., Unofficial Member Sabaragamuwa. Rare name; later mentions posthumous.
P000394	LINK	Q17329848	high	Sir Ambalavanar Kanagasabai, Ceylon Tamil lawyer/politician 1856-1927; matches Hon./Sir A. Kanagasabai of Jaffna, Board member 1906-21.
P000397	LINK	Q94825474	medium	Charles Upham Shepard Jr., American physician 1842-1915; matches Dr Charles U. Shepard, tea grower at Pinehurst, S. Carolina. WD lacks the tea/SC link.
P000401	NONE		medium	James B. Laurie C.A., auditor of Ceylon companies, London 1888-1921; candidates (generals, actor, engineer) do not fit.
P000406	MIXED		high	'Prince of Wales' title pools several heirs 1881-1942 (future Edward VII, George V, Edward VIII); not one person.
P000412	NONE		medium	George M. Fowler C.C.S., Government Agent Ceylon 1890-1911; candidates (English solicitor 1858-1937, others) have no Ceylon link.
P000418	LINK	Q18530911	high	Thomas Whiffen 1819-1904, manufacturer of fine chemicals; matches principal buyer of cinchona bark (quinine maker), Battersea, 1888-95.
P000421	LINK	Q2644863	high	Sir Alfred Dent KCMG, British businessman 1844-1927, Malaysia citizenship; matches Commissioner/founder of British North Borneo, Ceylon interests.
P000425	LINK	Q5537907	high	Sir George C. M. Birdwood 1832-1917, Anglo-Indian official, naturalist, botanist, KCIE, born Belgaum; matches author on Indian silks and ploughs.
P000432	NONE		low	Robert Thomson, ex-Supt cinchona plantations / island botanist Jamaica; candidates modern stubs; search on Jamaica cinchona botanist found nothing.
P000435	NONE		medium	Arthur Thompson of W. J. & H. Thompson, London tea brokers 1883-1934; candidates do not fit.
P000437	NONE		high	'Peppercorn' is a pseudonym of a Ceylon planting correspondent 1884-91; candidate painter A. D. Peppercorn unrelated.
P000442	UNSURE	Q4722307	medium	Alfred Baur, Swiss art collector 1865-1951; name/era fit proprietor of Ceylon Manure Works, Colombo, but WD has no Ceylon or business link.
P000445	NONE		medium	Eric S. Anderson, Dikoya planter/director 1885-1901; candidates (US generals, painter) do not fit.
P000451	LINK	Q16059854	high	John Buchanan C.M.G. 1855-96, Scottish horticulturist in Blantyre (Malawi), d. Chinde; matches pioneer planter of Zomba/Blantyre, Shire Highlands.
P000461	MIXED	Q373094	medium	Pools Ceylon company chairman (dominant, not found) with 'Secretary of Agriculture' James Wilson (US Sec. of Agriculture 1897-1913, Q373094).
P000468	NONE		medium	Sir William Johnston, Bart., Secretary at 21 Mincing Lane, Ceylon proprietor 1889-1906; candidates (US poet, Irish politician, etc.) do not fit.
P000476	NONE		medium	Daniel Joseph, Nominated Member Central Province, cocoa grower 1888-1919; candidates modern. No match.
P000482	UNSURE	Q131468508	low	Harold Hamel Smith (b.1867) item has only birth date; profile is editor of Tropical Life, cacao writer 1900-30. Name only.
P000490	NONE		low	Robert H. Elliot, 'the Mysore Planter', author on Mysore planting and Clifton-on-Bowmont farm; candidate a surgeon (1864-1936); search found nothing.
P000497	MIXED	Q48373	medium	Dominant: David Livingstone, explorer/missionary 1813-73 (explorer role x10, Zambezi/Blantyre). Also pools a Blantyre coffee planter/estate manager of that name.
P000506	NONE		medium	Joseph C. Dunbar, Dimbula estate manager/company chairman 1890-1906; only candidate a peerage stub with no data.
P000515	NONE		medium	Thomas Mackie, Dimbula planter/director (Great Western) 1883-1903; candidates (Canadian politician, researchers, actor) do not fit.
P000521	NONE		medium	Donald Mackay, Ceylon proprietary planter, Perak correspondent 1885-1908; candidates (admiral d.1850, US architects/banker) do not fit.
P000529	NONE		medium	James Irvine, Uva/Badulla tea planter 1882-1909; candidates (Scottish painter, naval officer, minister) do not fit.
P000532	LINK	Q332746	high	Michael Hicks Beach, 1st Earl St Aldwyn 1837-1916, position held Chancellor of the Exchequer; matches Sir Michael Hicks-Beach, Chancellor, tea duty budgets 1891-1902.
P000537	NONE		medium	Charles Gibbon, Panwila/Wattegama cacao planter 1887-1925; candidates (novelist d.1890, peerage stubs) do not fit.
P000539	NONE		medium	David Wilson, Colombo coir-fibre machine co-introducer, estate owner 1882-1901; candidates have no Ceylon link.
P000554	NONE		medium	William Milne, North Matale cacao/coffee planter 1887-1908; candidate South Australian politician (1822-95) does not fit.
P000571	LINK	Q312503	high	John Lubbock, 1st Baron Avebury 1834-1913, naturalist/entomologist, MP, Linnean Soc. president; matches Sir John Lubbock Bart./Lord Avebury, papers on ants and bees.
P000596	LINK	Q126709750	medium	James Collins, economic botanist and curator (fl.1846-1900), Kew economic botany; matches author of Report on the Caoutchouc of Commerce. Singapore post not in WD.
P000608	LINK	Q18954621	high	Sir Thomas Wardle, English silk dyer and printer 1831-1909; matches silk dyer of Leek, author of 'Wild Silks of India'.
P000611	NONE		medium	W. J. Gallagher, Govt Mycologist then Director of Agriculture FMS 1908-38; candidates baseball players/journalist.
P000617	MIXED	Q23612252	low	Pools Charles Ford, Supt Botanical and Afforestation Dept Hong Kong (1880s-1900s, not found) with Dr C. E. Ford, geneticist in Ceylon (1930s-40s) = Charles Edmund Ford, cytogeneticist 1912-99?
P000623	NONE		low	Dr H. B. Hutchinson, Rothamsted researcher 1904-40; candidates (architect d.1831, industrialist, Dean of Barbados) wrong; search found nothing.
P000625	NONE		medium	Henry Tod, director Ceylon Tea Plantations Co., London 1888-1901; only candidate a Youngstown OH millionaire.
P000636	NONE		medium	T. H. Hill, ex-Matale planter, pioneer planter in Selangor 1891-1903; only candidate an undated peerage stub.
P000640	NONE		medium	Alfred Brown, Colombo Commercial Co. managing director, Triple Action roller inventor 1891-1902; candidates do not fit.
P000644	NONE		medium	C. J. (Clement) Scott, Ceylon shareholder/director 1882-1911; candidate British schoolteacher (1856-1924) does not fit.
P000647	NONE		medium	G. Martin B.Sc., A.I.C., London Supt Chemist, Ceylon Rubber Research Scheme 1923-34; candidates (badminton player, mycologists) do not fit.
P000654	NONE		low	J. E. O'Connor C.I.E., Director-General of Statistics, Govt of India 1882-1903; candidates are politicians/judges; search found nothing.
P000666	LINK	Q189552	high	Sir William Crookes, British chemist and physicist 1832-1919, PRS; matches Sir William Crookes, scientist, nitrogen fixation, radiometer inventor.
P000672	UNSURE	Q108195420	low	G. K. Stewart, British businessman item has no dates or details; profile is Chairman, Ceylon Estates Proprietary Association, Board member 1896-1937.
P000690	LINK	Q98098977	high	Charles Hubert Zaleski Fernando (alias C. H. Z. Fernando), Ceylon politician 1892-1973; matches Hon. Mr C. H. Z. Fernando, Board member 1919-38.
P000698	NONE		medium	George Greig, engineer of Harveston, Maskeliya 1883-1906; candidates (watercolourist d.1867, football manager) do not fit.
P000703	NONE		low	James Mollison, Supt Govt Farms Bombay / Inspector-General of Agriculture India 1893-1917; candidates wrong; search found nothing.
P000706	LINK	Q62822	high	Otto Warburg, German botanist 1859-1938, Kolonialwirtschaftliches Komitee, Berlin; matches Dr O. Warburg of Berlin, editor of Tropenpflanzer.
P000711	LINK	Q1398	high	Virgil, Roman poet (70-19 BC); matches 'author of the Georgics', poet, old agriculturist, cited.
P000714	MIXED	Q880924	medium	Dominant: W. G. Cochran, statistician (1909-80) cited 1936-43 for chi-square/series tests. Earlier 'Mr William Cochran' mentions from 1881 are a different man.
P000728	NONE		medium	George Allen, chairman of Ceylon tea companies 1887-1903; candidates (engraver/publisher, US jurist, etc.) do not fit.
P000735	LINK	Q153408	high	Sir Joseph Banks 1743-1820, botanist, President of the Royal Society; matches P.R.S., voyaged with Cook, Kew, suggested tea cultivation; cited posthumously.
P000745	NONE		low	Thomas Routledge, Sunderland papermaker, bamboo-pulp advocate 1881-1911; only candidate a modern researcher; search found nothing.
P000749	NONE		medium	William Raitt, chemical engineer/paper fibre expert, Bangalore 1909-15; only candidate a witch-trial-era minister.
P000764	NONE		low	G. W. Robinson, soil scientist (soil classification, Soils) cited 1887-1944; candidates (ship's officer, modern mineralogist) wrong; search found nothing.
P000772	LINK	Q22674391	high	John McEwan, English businessman and tea expert 1855-1924; matches tea importer, director Allynugger Tea Co., author 1893-1915.
P000776	NONE		medium	M. Favier, French ex-engineer officer, inventor of rhea-fibre steaming process 1882-95; only candidate a priest (1867-1947).
P000784	NONE		medium	W. Watson, Inspector, Colonial Bank of New Zealand 1885-1907; candidates (lichenologist, peerage stubs) do not fit.
P000786	UNSURE	Q75878821	low	Alexander William Crichton, barrister (peerage stub, no dates) fits 'barrister, subscriber' and chairman of Britannia estate co., but evidence is thin.
P000788	LINK	Q4723069	high	Sir Alfred Lewis Jones 1845-1909, ship-owner, Liverpool Chamber of Commerce; matches Sir Alfred Jones of Liverpool, Liverpool School of Tropical Medicine chairman.
P000793	NONE		medium	C. W. Horsfall, Ceylon planter, Thirty Committee member 1882-1902; only candidate a peerage stub with no data.
P000806	NONE		medium	Gordon Frazer, Colombo director/China tea report author 1888-1906; candidates (Australian engineer, Canadian civil servant) do not fit.
P000811	LINK	Q5600885	high	Sir James Caird 1816-92, agronomist/statistician, MP; matches Indian famine commissioner, author on 'Condition of India'.
P000817	LINK	Q6758160	high	Sir H. Marcus Fernando, Ceylonese physician-statesman 1864-1936 (same as P000029); matches Dr/Sir, M.D., Board of Agriculture member.
P000829	NONE		medium	Major A. J. Boyd, Editor Queensland Agricultural Journal 1883-1922; candidates (Canadian candidate, poet d.1636, etc.) do not fit.
P000834	NONE		medium	Andrew Nicol, pioneer planter, Nicol Cargill & Co., Planting M.L.C. 1882-1911; candidates modern stubs.
P000842	LINK	Q5684445	high	Frank Benton, U.S. beekeeper/entomologist 1852-1919; matches American bee researcher of Cyprus/Munich who brought bees to Ceylon.
P000852	LINK	Q16945419	high	Pehr Olsson-Seffer, botanist 1873-1911; matches Dr Olsson-Seffer, director Zacualpa Botanical Station and rubber station, Mexico 1906-11.
P000859	LINK	Q7387402	high	S. C. Paul, Sri Lankan surgeon 1868-1942; matches Dr S. C. Paul, Board of Agriculture member, Low-Country Products Assoc. chairman 1928-42.
P000873	NONE		medium	Alexander Brown, coffee planter/estate agent 1845-76, Planters' Assoc. secretary, author of Planters' Manual; candidates do not fit.
P000877	LINK	Q4741868	high	Sir Ambrose Shea 1815-1905, position held Governor of the Bahamas; matches Governor of the Bahamas, sisal industry developer.
P000881	NONE		medium	E. A. Andrews, Entomologist, Indian Tea Association 1917-32; candidates are US biologist/philologist named Ethan Allen Andrews.
P000886	LINK	Q21513729	high	George Alexander Gammie, British botanist 1864-1934; matches Imperial Cotton Specialist, Botanical Survey Bombay. Profile also notes his father J. A. Gammie.
P000897	NONE		medium	John Martin, Dimbula estate manager (Mount Vernon) 1885-1909; candidates are US senator/judges.
P000900	LINK	Q152366	high	Liberty Hyde Bailey, U.S. botanist/horticulturist 1858-1954; matches Prof L. H. Bailey, Cornell agricultural college and experiment station.
P000905	NONE		high	'Philpot' is a single-name London tea correspondent 1893-94; candidates (NZ entomologist Philpott, surname items) unrelated.
P000917	LINK	Q189144	high	Sir Walter Raleigh, English statesman/explorer 1552-1618; matches cited as introducer of potato and tobacco, courtier of Elizabeth.
P000929	UNSURE	Q119582876	low	Campbell Walker item has only a VIAF ID; profile is Major/Col. Campbell Walker, Conservator of Forests, Madras/Nilgiris. Name only.
P000945	NONE		medium	James Anderson, Ceylon estate acting manager/shareholder 1885-1904; candidates naval officers, poet, missionary.
P000949	LINK	Q529	high	Louis Pasteur, French chemist and microbiologist 1822-95; matches scientist on fermentation, bacteria, silkworm disease.
P000954	LINK	Q138855792	high	Robert Dudley Beeston 1844-95, government official in British North Borneo; matches Capt. R. D. Beeston, North Borneo/Sandakan agent 1885-94.
P000959	LINK	Q7366736	high	Sir Roper Lethbridge 1840-1919, MP, barrister, Indologist, ex-Indian Civil Service; matches Sir Roper Lethbridge M.P., letters on tea duties, company chairman.
P000967	LINK	Q21166144	high	Thomas Barlow Wood (alias T. B. Wood), Professor of Agriculture Cambridge, FRS, 1869-1929; matches Drapers Professor of Agriculture, animal nutrition.
P000971	NONE		medium	Tom Gray, veteran Ceylon planter, Maskeliya pioneer 1881-1902; candidates (painter d.1876, musicians, coach) do not fit.
P000976	NONE		medium	W. H. Gourlay, Board of Agriculture member, Talawakelle 1941-45; only candidate a golfer b.1850.
P000984	LINK	Q21609739	high	(B.) Alfred Steinmann 1892-1974, botanist, employer Algemeen Proefstation voor den Landbouw; matches Dr A. Steinmann, Tea Experiment Station Buitenzorg 1921-30.
P000990	NONE		low	C. J. P. Magee, plant pathologist NSW Dept of Agriculture 1926-37; candidates US politicians etc.; search found nothing.
P000993	LINK	Q111518598	high	David Thomatis 1851-1919, Italian educator and agriculturalist; matches Dr David Thomatis, breeder of Caravonica cotton, Cairns, Queensland.
P000996	NONE		low	Dr E. V. Wilcox, Director US Agricultural Experiment Station Hawaii 1909-17; candidates (Connecticut politician, musician) wrong; search found nothing.
P001003	NONE		low	H. Atherton Lee, plant pathologist (Manila Bureau of Agriculture, HSPA station) cited 1921+; candidates Korean scientists etc.; search found nothing.
P001010	LINK	Q503318	high	Jean-Baptiste Boussingault 1801-87, French agricultural chemist/agronomist; matches J. B. Boussingault, plant nutrition and nitrogen experiments; cited posthumously.
P001014	LINK	Q15925279	medium	John Ednie Brown 1848-99, silviculturist, JP South Australia; matches J. E. Brown, Conservator of Forests South Australia. A few 'James Brown' mentions may be another man.
P001020	NONE		medium	J. S. Kennedy, Director of Irrigation Ceylon 1926-38; candidate John Stodart Kennedy is a zoologist (1912-93), different career.
P001024	NONE		medium	Capt. James Stewart, Master-Attendant Colombo, pearl fisheries 1887-1909; candidates (missionary, naval officer, diplomats) do not fit.
P001028	NONE		medium	John Paterson, Ceylon company director 1882-1906; candidates (convict register, Australian paleontologist, etc.) do not fit.
P001039	NONE		medium	R. Cecil Wood, Deputy Director of Agriculture Madras, ICTA Trinidad 1908-44; candidates (herpetologist, US surgeon, naturalist) do not fit.
P001047	NONE		medium	W. H. Bartlett, Secretary of a London tea company 1897-1906; candidates (painter d.1854, other painters/photographer) do not fit.
P001055	MIXED	Q4714143	high	Dominant: Rev. Alec Garden Fraser 1873-1962, Principal Trinity College Kandy, Unofficial Member. Pools his father Sir Andrew H. L. Fraser, Lt-Governor of Bengal (Q4759079).
P001068	NONE		medium	David Crole, ex-Assam planter, author of 'Tea: a Text-book', lecturer 1897-1909; only candidate a modern researcher.
P001073	NONE		medium	'Mr Edge', rainfall observer, Eastern Province 1899-1901; candidates are artists/browser/wrestler.
P001079	NONE		medium	Giles Walker, Bogawantalawa planter, Planters' Assoc. chairman 1882-1903 (cf. P000170); candidates peerage stub, film director.
P001088	UNSURE	Q16931553	low	J. C. Ratwatte II, Sri Lankan politician, no dates; profile is J. C. Ratwatte Dissawa, prize donor 1914-31. Ratwatte family has several J. C.s.
P001093	UNSURE	Q16007650	medium	K. Ramiah (b.1892), described as Indian writer/Rajya Sabha member; profile is K. Ramiah, paddy specialist (rice geneticist). Plausible same man; WD has no agriculture link.
P001102	LINK	Q7207	high	Elizabeth I of England, Queen 1558-1603; matches 'Good Queen Bess', monarch during Drake's cruises; historical references.
P001108	LINK	Q106143	high	Samuel Pepys 1633-1703, diarist and Admiralty administrator; matches author of Diary entries on tea, of the Admiralty.
P001117	MIXED	Q950726	medium	Dominant: Sir William Ramsay, Scottish chemist 1852-1916, University College London (argon). Surface forms also pool Sir William Tilden, another chemist.
P001134	MIXED	Q17070188	medium	Dominant: General William Cullen 1785-1862, Resident in Travancore (graphite, gutta). Pools Dr William Cullen, physician-writer on medicine (Q462762).
P001143	LINK	Q5322110	high	E. R. Squibb 1819-1900, American physician and pharmaceutical manufacturer; matches Dr Squibb, cinchona assays, cocaine, New York.
P001152	LINK	Q57514	high	Albert Günther 1830-1914, zoologist/ichthyologist/herpetologist at British Museum; matches Dr Günther, fish authority, Reptiles of British India.
P001156	LINK	Q97731318	high	Henry William Cave 1854-1913, English photographer and publisher; matches H. W. Cave, author/photographer of Picturesque Ceylon.
P001162	LINK	Q223013	high	Hugh Falconer 1808-65, Scottish botanist/palaeontologist; matches Dr Falconer, Supt Saharanpur and Calcutta gardens; cited posthumously.
P001169	LINK	Q1886993	high	John Stanley Gardiner 1872-1946, British zoologist/oceanographer, Cambridge; matches J. Stanley Gardiner, Cambridge scientist, leader of Maldives/Minikoi expedition.
P001175	NONE		medium	K. Chinnasamy Pillai, Agricultural Instructor Batticaloa/Jaffna 1917-21; candidate is an Indian priest (1901-70).
P001190	LINK	Q939063	high	Sir Rutherford Alcock 1809-97, diplomat in China/Japan; matches Sir Rutherford Alcock K.C.B., chairman of British North Borneo Co.
P001197	NONE		medium	W. B. Wilson B.Agr., Tobacco Expert Ceylon / Director Revenue Settlement Madras 1884-1936; candidates are politicians named William Wilson.
P001200	MIXED	Q387724	medium	Dominant: Worthington George Smith 1835-1917, mycologist/illustrator (identified fungus, title-page artist). Pools Dr W. G. Smith of Edinburgh, translator of von Tubeuf.
P001202	NONE		medium	W. J. (Waldegrave James) Thompson, Mincing Lane tea broker / Queensland coffee writer 1885-1902; only candidate a peerage stub.
P001208	LINK	Q138559	high	Lord William Bentinck 1774-1839, position held Governor-General of India; matches Governor-General who appointed 1834 tea committee.
P001210	NONE		medium	William Roberts, manager Jorehaut Tea Co. 1882-1901 (pools a tannin researcher); candidates (engraver, clergy, engineer) do not fit.
P001216	NONE		medium	A. (Ashley) Walker, Selangor planter/manager 1887-98; candidates undated manufacturer, botanist b.1930.
P001218	LINK	Q23925269	medium	Axel Thierry Preyer b.1877, biologist/agronomist/consul; matches Dr Axel Preyer of Berlin, cacao fermentation research 1900-22. Q47124704 (botanist Preyer) may be a duplicate.
P001231	LINK	Q16826323	high	Sir Charles Justin MacCarthy 1811-64, position held Governor of British Ceylon; matches Governor of Ceylon (1861-65), remembered later.
P001235	UNSURE	Q66087676	medium	Dodwell Francis Browne (1841-1921), alias Dodwell Browne, has no occupation in WD; profile is Ceylon counsel/advocate 1892-1902. Rare name, no role match.
P001239	LINK	Q5337491	high	Edgar Thurston 1855-1935, zoologist/ethnologist/Indologist; matches Supt Government Central Museum Madras, reporter on economic products.
P001253	LINK	Q21609898	medium	Herbert Stone (b.1865), botanist; matches Herbert Stone, timber identification specialist, Birmingham, Imperial Institute referee. WD lacks the timber link.
P001262	LINK	Q96279288	medium	Jaganathan Tyagaraja b.1895, Ceylon Tamil barrister/politician; matches J. Tyagaraja M.A., LL.B., chairman Low-Country Products Assoc. 1930-39.
P001268	NONE		medium	John Walker, founder of Bon Accord Iron Works, coffee machinery inventor, Ceylon 1885-1902; candidates naval officers/politicians/modern.
P001272	NONE		medium	M. Arnaud, French chemist (cinchonamine), gutta-percha maker 1882-98; only candidate a peerage stub.
P001278	UNSURE	Q50636671	low	Paul Arens, researcher at Wageningen, no dates; profile Dr P. Arens, Rubber Experiment Station Malang 1913-30. Dutch link plausible, evidence thin.
P001287	LINK	Q7387899	medium	S. Sivapalan 1890-1960, Sri Lankan politician/MP; matches S. Sivapalan, Board member, Trincomalee District Agricultural Committee 1940-45.
P001291	LINK	Q11208130	high	Percival Spencer Umfreville Pickering 1858-1920, British chemist; matches Spencer Pickering of the Woburn Experimental Fruit Farm.
P001301	NONE		low	W. R. Thompson pools a biological-control entomologist (lab superintendent) and Sir Wardlaw Thompson; candidates stubs; search found nothing.
P001303	MIXED	Q1680330	medium	Pools Brigade-Surgeon J. E. T. Aitchison 1836-98 (botanist, Kuram valley flora, Afghan Boundary Commission) with William Aitchison, planter of Dooloo, Cachar.
P001308	NONE		medium	A. P. Green, entomological referee / Trimen's travelling companion 1887-1903; candidate died 1858.
P001329	NONE		medium	E. Webb, Kandy planters' committee member 1892-1903; only candidate a 19th-c American artist.
P001349	MIXED	Q75615591	medium	Dominant: General Henry Hopkinson C.S.I. (1820-99), ex-Chief Commissioner Assam, Indian Tea Assoc. Pools Mr Hopkinson Q.C., counsel.
P001355	NONE		medium	J. Lamb, Tea Technologist/Biochemist, Tea Research Institute 1881-1945; only candidate a British artist (1892).
P001359	NONE		medium	Joseph P. Anderson, Kelani Valley visiting agent/director 1886-1909; candidate John Parker Anderson is a civil servant, different career.
P001361	LINK	Q15633424	high	Joseph Reynolds Green 1848-1914, botanist/physiologist; matches Prof J. Reynolds Green D.Sc., F.R.S., Trinity College Cambridge.
P001364	NONE		medium	James Thomas White, Murray Robertson & Co., Ceylon M.L.C. 1882-97; candidate an American publisher/poet.
P001370	LINK	Q742971	medium	John Bull, national personification of the UK (not a human); matches 'personification of Britain' in cartoons. One stray 'arrowroot grower' mention.
P001373	MIXED		medium	Pools Sir John Wilson, Governor/General Commanding Ceylon 1831-38 (Q16850621), Prof. John Wilson agriculturist (Q18917551) and a Nilambe planter/director.
P001378	LINK	Q271648	high	Marianne North 1830-90, English botanical painter and traveller; matches Miss North, artist, owner of the North Gallery at Kew.
P001389	NONE		medium	Robert William Forbes, director of Ceylon companies, Philpot Lane 1886-1904; only candidate a modern researcher.
P001397	NONE		medium	T. J. Ferguson of Hinde & Co., Calicut 1883-1910; only candidate an undated researcher.
P001400	MIXED	Q15854649	medium	Pools Sir William Edward Maxwell 1846-97 (Resident Selangor, Malay papers) with Dr Walter Maxwell, Honolulu sugar expert/agricultural chemist.
P001412	NONE		medium	Sir William Reid, Bart., Demerara planter, opened Spring Valley (Uva) coffee 1886-1903; candidates (General Reid 1791-1858, ministers, stubs) do not fit.
P001422	LINK	Q21607695	medium	Arthur Rufus Sanderson (alias A. R. Sanderson), British botanist/entomologist 1877-1932; matches A. R. Sanderson F.L.S., researcher on rubber vegetative characters 1922-31.
P001432	NONE		medium	C. A. Loos, Assistant in Mycology, Tea Research Institute 1900-42; candidates German ornithologist, modern musicians.
P001445	LINK	Q713874	high	John Forbes Royle 1799-1858, British botanist/physician; matches Dr Forbes Royle, author of 'Fibrous Plants of India'; cited posthumously.
P001456	NONE		low	Henry G. Smith F.C.S., chemist, Technological Museum Sydney (eucalyptus oils) 1897-1924; candidates (entomologist, US judge, etc.) do not fit.
P001461	LINK	Q1349901	high	Henry Ogg Forbes 1851-1932, explorer/botanist/ornithologist; matches H. O. Forbes, collector in New Guinea/Timor Laut, Director of Liverpool Museums.
P001469	NONE		medium	J. A. Campbell of Waltrim, Lindula planter 1881-1913; candidates (US jurist, Scottish architect, US college president) do not fit.
P001476	NONE		medium	J. Henry Roberts, partner S. Rucker & Co., London tea broker 1883-93; only candidate a modern researcher.
P001483	NONE		medium	John Bailey, Ceylon Civil Service, Assistant Agent Badulla/Uva 1883-1912; candidates modern Americans/British actors.
P001491	LINK	Q6793541	high	Maurice William Holtze 1840-1923, German botanist (alias Maurice Holtze); matches Director of Port Darwin/Palmerston Botanic Garden.
P001498	MIXED		low	'Pugh' pools Dr Pugh, Rothamsted researcher on plant nitrogen assimilation (likely Evan Pugh, not found) and Colonel Pugh, factory owner in Ceylon.
P001501	LINK	Q7364625	medium	Ronald A. Senior-White 1891-1954, British entomologist; matches Ronald A. Senior-White of Suduganga Estate Matale, Board member 1914-21. Role match is partial.
P001504	LINK	Q4385599	high	Robert Pantling 1856-1910, botanist and scientific illustrator; matches R. Pantling, Deputy Supt Cinchona Plantation Sikkim/Calcutta.
P001511	NONE		low	Hon. Robert Trefusis, Private Secretary to Governor of Ceylon 1919-24; candidates are bishop (1843-1930), 18th-c MP and undated peerage stubs.
P001517	NONE		medium	Thornton A. Williams, Secretary, Blackwood Coffee Co., London 1898-1910; candidates US botanist d.1900, NZ ironfounder.
P001525	LINK	Q16466646	medium	W. C. Gibson, British colonial official, position held Colonial Secretary of Ceylon; matches William Charles Gibson, Colonial Secretary. WD has no dates.
P001536	NONE		medium	William Walker of James Finlay & Co., founder of Walker Brothers Ceylon 1881-97; candidates (composer, naval officers, mayor) do not fit.
P001547	MIXED		medium	Pools 'Professor Johnstone' of Edinburgh, author of 'Chemistry of Common Life' (really J. F. W. Johnston) with Sir Alexander Johnstone of Ceylon. No candidate fits.
P001556	MIXED		medium	Pools C. H. Wood F.C.S., Government Quinologist Bengal (not found) with Sir Charles Wood, Secretary of State. Candidate postal official does not fit.
P001567	NONE		medium	Douglas R. Smith, Secretary Scottish Ceylon Tea Co. 1882-99; candidates modern PhD and botanist b.1930.
P001587	LINK	Q3101405	high	Sir George Smyth Baden-Powell 1847-98, British politician and author; matches Sir George Baden-Powell, Society of Arts papers on colonies.
P001592	NONE		medium	Capt. Hamilton Gordon, Passara/Badulla planter 1889-1906; only candidate an Aberdeen photographer.
P001596	NONE		medium	H. Sutcliffe, rubber researcher (vegetative characters) 1922-31; only candidate a cricketer.
P001599	LINK	Q713326	high	Sir Joseph Henry Gilbert 1817-1901, chemist/agronomist FRS; matches Sir Henry Gilbert F.R.S., Rothamsted co-author.
P001601	MIXED	Q983351	medium	Pools Isaac D'Israeli 1766-1848 (author of Curiosities of Literature, quoted) with his son Benjamin Disraeli (Chancellor of Exchequer, Prime Minister).
P001617	LINK	Q5933560	medium	John Robert Johnston 1880-1953, American botanist/mycologist; matches J. R. Johnston, USDA assistant pathologist, coconut bud-rot expert in Cuba/West Indies.
P001623	NONE		medium	James Polson, Colombo director/estate inspector 1897-1904; candidates (1803-84 stub, researcher) do not fit.
P001625	LINK	Q16785340	high	James Rodway 1848-1926, botanist and historian; matches James Rodway F.L.S. of Georgetown, Demerara, author on British Guiana.
P001630	NONE		medium	John McCarthy, Government Analyst/Chemist Trinidad 1882-88; candidates (US politician, missionary, computer scientist) do not fit.
P001632	NONE		medium	John Stephens, Gampola/Dolosbage planter 1882-1902; candidates (J. L. Stephens explorer, parasitologist, etc.) do not fit.
P001638	LINK	Q16155835	high	Edith Bernal Blake (alias Lady Blake) 1846-1926, spouse Henry Arthur Blake; matches Lady Blake, wife of Sir Henry Blake, Governor of Jamaica/Ceylon.
P001642	LINK	Q28147573	high	M. M. Subramaniam 1870-1945, Ceylon Tamil lawyer/politician; matches M. M. Subramaniam M.L.C., Trincomalee, Board member 1906-33.
P001657	NONE		medium	Richard Jackson, Nuwara Eliya attorney/exhibitor 1897-1908; candidates US politicians, footballer, jurist.
P001661	LINK	Q704696	high	Sir E. Ray Lankester 1847-1929, British zoologist, Linacre Professor; matches Prof Ray Lankester, Oxford, Plymouth laboratory.
P001663	LINK	Q55064589	high	Salomon Leefmans (alias S. Leefmans) 1884-1954, entomologist; matches S. Leefmans, Buitenzorg researcher on Helopeltis 1924-38.
P001666	LINK	Q77140	high	Philipp Franz von Siebold 1796-1866, naturalist/botanist, Dutch trading post Japan; matches Dr von Siebold, botanist in Japan who sent tea seeds to Java.
P001670	LINK	Q173869	high	Alfred, Lord Tennyson 1809-92, Poet Laureate; matches 'Tennyson', poet, quoted.
P001675	NONE		medium	W. B. Jackson, Agrapatana/Dimbula planter 1883-1909; only candidate a Massachusetts politician.
P001680	LINK	Q2579125	medium	William Harris 1860-1920, Irish botanist/plant collector; matches W. Harris F.L.S., Supt Public Gardens and Plantations Jamaica 1889-1919. WD lacks the Jamaica post.
P001688	LINK	Q47067972	high	William Watt Addison Phillips 1892-1981, British tea planter and amateur zoologist; matches W. W. A. Phillips, Ceylon planter, Game Protection Society secretary.
P001690	LINK	Q273969	high	Sir William Jones 1746-94, philologist/orientalist, judge in Kolkata; matches Sir William Jones, Oriental scholar. One stray 'Mr W. Jones, Colombo'.
P001695	LINK	Q125989758	high	Archibald Dixon Shamel 1877-1956, plant physiologist, USDA; matches A. D. Shamel, USDA tobacco expert, citrus bud mutations, Riverside.
P001703	MIXED	Q5663851	medium	Dominant: Albrecht Zimmermann 1860-1931, botanist/mycologist, Amani institute (German E. Africa). Pools a London agent/subscriber (Lime Street) of same name.
P001707	LINK	Q313805	high	Alfred Deakin 1856-1919, Victorian MLA, later Australian PM; matches Victorian ex-Minister of Water Supply, author on Irrigation in Egypt/India.
P001711	NONE		medium	'Mr Bridgman', estate manager (Pambagama) / medical practitioner 1899-1904; candidates painters and places.
P001721	LINK	Q338114	high	Sir Charles Dilke, 2nd Bt 1843-1911, politician/writer/statistician; matches Sir Charles Dilke, speaker on China tea trade, Society of Arts.
P001723	NONE		medium	Dan. Edwards, Colombo commercial man/Turkey merchant 1885-1903; candidates jockey, weather observer.
P001728	LINK	Q96971149	high	Edward Charles Buck 1838-1916, Indian Civil Service (alias E.C. Buck); matches Sir E. C. Buck, Secretary, Revenue and Agricultural Dept, Govt of India.
P001735	LINK	Q5396128	high	Erwin Frink Smith 1854-1927, USDA plant pathologist/bacteriologist; matches Dr Erwin F. Smith, authority on bacterial diseases of plants.
P001745	MIXED	Q5491574	medium	Dominant: Franklin Hiram King 1848-1911, agronomist (Wisconsin, Farmers of Forty Centuries). Pools Dr Falconer King, City Analyst of Edinburgh.
P001752	LINK	Q528631	high	Sir Frederick Augustus Abel 1827-1902, chemist; matches Sir Frederick Abel, Director of the Imperial Institute, smokeless powder.
P001764	LINK	Q1562561	high	Harry Charles Purvis Bell 1851-1937, British archaeologist; matches H. C. P. Bell C.C.S., Archaeological Commissioner Ceylon (Anuradhapura, Sigiriya).
P001772	LINK	Q2657692	high	Henry Fletcher Hance 1827-86, diplomat and botanist; matches Dr Hance of Whampoa, Chinese botany expert and collector.
P001777	LINK	Q72003	high	Hermann Hellriegel 1831-95, German agricultural chemist; matches Prof Hellriegel of Bernburg, nitrogen fixation discovery (1886).
P001787	NONE		medium	J. L. Thompson, principal Dookie Agricultural College, Victoria 1888-97; candidates (bookmaker, US judges) do not fit.
P001789	MIXED		medium	Pools J. R. Watson, coffee estate manager in Negri Sembilan/Johore, with J. R. Watson, Florida entomologist. No candidate fits either.
P001797	NONE		medium	John Clark, Ceylon planter (Glencoe, Wattegode) 1885-1921; candidates painter, naval officer, US politicians.
P001799	MIXED	Q934747	medium	Dominant: John Ellis 1710-76, naturalist (tea plant to Kew, Guinea grass to Jamaica). Pools a Dr Ellis, writer on the Church of England in Jamaica.
P001806	LINK	Q21062329	high	Leo Zehntner 1864-1961, Swiss naturalist/entomologist; matches Dr L. Zehntner, Java entomologist, cacao disease investigator (Salatiga).
P001812	MIXED		medium	'M. Girard' pools a Paris chemist (Municipal Laboratory chief) and an ex-president of the French Entomological Society; candidate Provençal poet does not fit.
P001821	UNSURE	Q109675924	low	Octave Collet item is empty (no dates/occupation); profile is a Belgian rubber expert visiting Ceylon 1903-08. Name only.
P001830	NONE		medium	Robert Buchanan, Blantyre/Zomba planter, tobacco preparer 1886-97; candidates (poet, ministers, footballer) do not fit.
P001832	NONE		medium	Robert King, Glasgow director/chairman of Kelani Valley company 1890-1900; candidates (clergyman-entomologist, modern) do not fit.
P001836	LINK	Q7794001	medium	Major Thomas (Bridges Boucher) Skinner 1804-77, civil servant/engineer in Ceylon; matches roadmaker, Commissioner of Roads. 'T. E. B.' likely OCR of T. B. B.; Postmaster-General role unclear.
P001840	LINK	Q64757520	high	Thomas Oxley 1805-86, Surgeon of the Straits Settlements and plantation owner; matches Senior Surgeon, Prince of Wales Island, Singapore and Malacca.
P001846	LINK	Q17334056	high	William Gabriel Rockwood 1843-1909, Ceylon Tamil physician/surgeon; matches Dr W. G. Rockwood M.D., Hon., Board member, Colombo.
P001848	NONE		medium	W. Haslam of Derby, Ceylon Association member 1886-1903 (also a Veterinary Captain); candidate South Australian politician does not fit.
P001852	NONE		low	W. N. Sands, Curator Antigua Botanic Station, Agric. Supt St Vincent, Asst Economic Botanist FMS 1900-41; candidates wrong (architects, US diplomat).
P001854	LINK	Q55720896	high	Walter Pearson Kelley 1878-1965, American soil chemist, University of California; matches W. P. Kelley, soil researcher (Hawaii) cited 1920-34.
P001858	LINK	Q16466622	high	Sir Wilfrid Wentworth Woods 1876-1947, British colonial financial administrator; matches W. W. Woods, Colonial Treasurer/Financial Secretary Ceylon 1921-34.
