identifier,family,volume,year,imagecount,is_index,title
tdl.34540-the-tropical-agriculturist-and-magazine-of-the-ceylon-agricultural-soc,tdl,,,,False,இதழ் - The tropical agriculturist and magazine of the Ceylon Agricultural Society
tdl.34542-the-tropical-agriculturist-and-magazine-of-the-ceylon-agricultural-soc,tdl,,,,False,இதழ் - The tropical agriculturist and magazine of the Ceylon Agricultural Society
tdl.36026-the-tropical-agriculturist-and-magazine-of-the-ceylon-agricultural-soc,tdl,,,,False,இதழ் - The Tropical Agriculturist and magazine of the Ceylon Agricultural Society
tdl.36030-the-tropical-agriculturist-and-magazine-of-the-ceylon-agricultural-soc,tdl,,,,False,இதழ் - The Tropical Agriculturist and magazine of the Ceylon Agricultural Society
tdl.34517-the-tropical-agriculturist-a-monthly-record-of-information-for-planter,tdl,,,,False,"இதழ் - The tropical agriculturist : a monthly record of information for planters of tea, cacao, coffee, palms, rubber, c"
tdl.34529-the-tropical-agriculturist-and-magazine-of-the-ceylon-agricultural-soc,tdl,,,,False,இதழ் - The tropical agriculturist and magazine of the Ceylon Agricultural Society
tdl.34530-the-tropical-agriculturist-and-magazine-of-the-ceylon-agricultural-soc,tdl,,,,False,இதழ் - The tropical agriculturist and magazine of the Ceylon Agricultural Society
tdl.34596-the-tropical-agriculturist-a-monthly-record-of-information-for-planter,tdl,,,,False,"இதழ் - The tropical agriculturist : a monthly record of information for planters of tea, cacao, coffee, palms, rubber, c"
tdl.34605-the-tropical-agriculturist-a-monthly-record-of-information-for-planter,tdl,,,,False,"இதழ் - The tropical agriculturist : a monthly record of information for planters of tea, cacao, coffee, palms, rubber, c"
lbg.630.5.tag.v.63,lbg,63,1924,344,False,The Tropical Agriculturist Vol LXIII
tropical-agriculturist_1937-05,per-issue,,1937,72,False,Tropical Agriculturist 1937-05
tropical-agriculturist_1927-01_68,per-issue,68,1927,72,False,Tropical Agriculturist 1927-01: Vol 68
tropical-agriculturist_1929-01_72_1,per-issue,72,1929,70,False,Tropical Agriculturist 1929-01: Vol 72 Iss 1
tropical-agriculturist_1929-05_72_5,per-issue,72,1929,76,False,Tropical Agriculturist 1929-05: Vol 72 Iss 5
tropical-agriculturist_january-june-1939_92_index,per-issue,92,1939,12,True,Tropical Agriculturist January-June 1939: Vol 92 Index
tropical-agriculturist_july-december-1928_71_index,per-issue,71,1928,14,True,Tropical Agriculturist July-December 1928: Vol 71 Index
tropical-agriculturist_july-september-1951_107_3,per-issue,107,1951,72,False,Tropical Agriculturist July-September 1951: Vol 107 Iss 3
tropical-agriculturist_january-june-1921_56_index,per-issue,56,1921,8,True,Tropical Agriculturist January-June 1921: Vol 56 Index
tropical-agriculturist_january-june-1928_70_index,per-issue,70,1928,10,True,Tropical Agriculturist January-June 1928: Vol 70 Index
tropical-agriculturist_october-december-1950_106_4,per-issue,106,1950,78,False,Tropical Agriculturist October-December 1950: Vol 106 Iss 4
tropical-agriculturist_1932-01_78,per-issue,78,1932,68,False,Tropical Agriculturist 1932-01: Vol 78
tropical-agriculturist_1932-03_78,per-issue,78,1932,72,False,Tropical Agriculturist 1932-03: Vol 78
tropical-agriculturist_1933-09_81_3,per-issue,81,1933,78,False,Tropical Agriculturist 1933-09: Vol 81 Iss 3
tropical-agriculturist_1934-06_82_6,per-issue,82,1934,76,False,Tropical Agriculturist 1934-06: Vol 82 Iss 6
tropicalagricult0103unse,cornell,103,1947,320,False,Tropical Agriculturist 1947: Vol 103 Iss 1-4
dli.ernet.229227,dli,82,1934,,False,The Tropical Agriculturist Vol-lxxxii (1934)
dli.ernet.229230,dli,96,1941,,False,The Tropical Agriculturist Vol-xcvi (1941)
tropicalagricult18841885colo,cornell,,1882,978,False,The tropical agriculturist
tropicalagricult2119ceyl,cornell,21,1901,1224,False,Tropical agriculturist and magazine of the Ceylon Agricultural Society
tropical-agriculturist_1913-02-15_40_2,per-issue,40,1913,80,False,Tropical Agriculturist 1913-02-15: Vol 40 Iss 2
tropical-agriculturist_1917-02_48_2,per-issue,48,1917,78,False,Tropical Agriculturist 1917-02: Vol 48 Iss 2
tropical-agriculturist_1921-09_57_3,per-issue,57,1921,74,False,Tropical Agriculturist 1921-09: Vol 57 Iss 3
tropical-agriculturist_1924-09_63_3,per-issue,63,1924,66,False,Tropical Agriculturist 1924-09: Vol 63 Iss 3
tropical-agriculturist_1925-07_65_1,per-issue,65,1925,72,False,Tropical Agriculturist 1925-07: Vol 65 Iss 1
paper-doi-10_1038_028459a0,other,724,1883,2,False,"The Tropical Agriculturist: a Monthly Record of Information for Planters of Coffee, Tea, Cocoa, Cinchona, Indiarubber, S"
tropical-agriculturist_1919-08_53_2,per-issue,53,1919,96,False,Tropical Agriculturist 1919-08: Vol 53 Iss 2
tropical-agriculturist_1939-10_93_4,per-issue,93,1939,70,False,Tropical Agriculturist 1939-10: Vol 93 Iss 4
tropical-agriculturist_1936-08_87,per-issue,87,1936,68,False,Tropical Agriculturist 1936-08: Vol 87
tdl.34607-the-tropical-agriculturist-a-monthly-record-of-information-for-planter,tdl,,,,False,"இதழ் - The tropical agriculturist : a monthly record of information for planters of tea, cacao, coffee, palms, rubber, c"
tdl.34618-the-tropical-agriculturist-a-monthly-record-of-information-for-planter,tdl,,,,False,"இதழ் - The tropical agriculturist : a monthly record of information for planters of tea, cacao, coffee, palms, rubber, c"
tdl.36028-the-tropical-agriculturist-and-magazine-of-the-ceylon-agricultural-soc,tdl,,,,False,இதழ் - The Tropical Agriculturist and magazine of the Ceylon Agricultural Society
tdl.34500-the-tropical-agriculturist-a-monthly-record-of-information-for-planter,tdl,,,,False,"இதழ் - The Tropical Agriculturist : a monthly record of information for planters of coffee, tea, cocoa, cinchona, India-"
tdl.34502-the-tropical-agriculturist-a-monthly-record-of-information-for-planter,tdl,,,,False,"இதழ் - The Tropical Agriculturist : a monthly record of information for planters of tea, cocoa, coffee, palms, rubber, c"
in.ernet.dli.2015.27195,dli,41,1913,,False,The Tropical Agriculturist Vol-xli (1913)
dli.ernet.229221,dli,72,1929,,False,The Tropical Agriculturist Vol-lxxii (1929)
dli.ernet.229231,dli,41,1913,,False,The Tropical Agriculturist Vol-xli (1913)
dli.ernet.27073,dli,58,1922,,False,The Tropical Agriculturist Vol-lviii (1922)
tropical-agriculturist_1938-09_91,per-issue,91,1938,76,False,Tropical Agriculturist 1938-09: Vol 91
tropical-agriculturist_1928-01_70,per-issue,70,1928,68,False,Tropical Agriculturist 1928-01: Vol 70
tropical-agriculturist_1933-03_80_3,per-issue,80,1933,62,False,Tropical Agriculturist 1933-03: Vol 80 Iss 3
tropical-agriculturist_january-december-1949_105_index,per-issue,105,1949,6,True,Tropical Agriculturist January-December 1949: Vol 105 Index
tropical-agriculturist_1914-01_42_1,per-issue,42,1914,90,False,Tropical Agriculturist 1914-01: Vol 42 Iss 1
tropical-agriculturist_april-may-1926_66_4-5,per-issue,66,1926,130,False,Tropical Agriculturist April-May 1926: Vol 66 4-5
tropicalagricult0061unse,cornell,61,1923,412,False,Tropical Agriculturist 1923: Vol 61 Iss 1-6
tropical-agriculturist_1916-10_47_4,per-issue,47,1916,78,False,Tropical Agriculturist 1916-10: Vol 47 Iss 4
tropical-agriculturist_1917-01_48_1,per-issue,48,1917,76,False,Tropical Agriculturist 1917-01: Vol 48 Iss 1
tropical-agriculturist_1918-01_50_1,per-issue,50,1918,70,False,Tropical Agriculturist 1918-01: Vol 50 Iss 1
tropical-agriculturist_1918-02_50_2,per-issue,50,1918,66,False,Tropical Agriculturist 1918-02: Vol 50 Iss 2
tropical-agriculturist_1925-11_65_5,per-issue,65,1925,66,False,Tropical Agriculturist 1925-11: Vol 65 Iss 5
tropical-agriculturist_1925-12_65_6,per-issue,65,1925,72,False,Tropical Agriculturist 1925-12: Vol 65 Iss 6
tropical-agriculturist_1938-05_90_5,per-issue,90,1938,78,False,Tropical Agriculturist 1938-05: Vol 90 Iss 5
tropical-agriculturist_1939-12_93_6,per-issue,93,1939,72,False,Tropical Agriculturist 1939-12: Vol 93 Iss 6
tropical-agriculturist_1940-04_94_4,per-issue,94,1940,82,False,Tropical Agriculturist 1940-04: Vol 94 Iss 4
tropical-agriculturist_1927-02_68,per-issue,68,1927,72,False,Tropical Agriculturist 1927-02: Vol 68
tropical-agriculturist_1927-08_69,per-issue,69,1927,70,False,Tropical Agriculturist 1927-08: Vol 69
tropical-agriculturist_1930-05_74_5,per-issue,74,1930,62,False,Tropical Agriculturist 1930-05: Vol 74 Iss 5
tropical-agriculturist_1930-11_75,per-issue,75,1930,88,False,Tropical Agriculturist 1930-11: Vol 75
tropical-agriculturist_january-march-1951_107_1,per-issue,107,1951,88,False,Tropical Agriculturist January-March 1951: Vol 107 Iss 1
tropical-agriculturist_january-march-1956_112_1,per-issue,112,1956,90,False,Tropical Agriculturist January-March 1956: Vol 112 Iss 1
tropical-agriculturist_july-september-1956_112_3,per-issue,112,1956,98,False,Tropical Agriculturist July-September 1956: Vol 112 Iss 3
tropical-agriculturist_july-september-1959_115_3,per-issue,115,1959,86,False,Tropical Agriculturist July-September 1959: Vol 115 Iss 3
tropical-agriculturist_1941-10_97_4,per-issue,97,1941,78,False,Tropical Agriculturist 1941-10: Vol 97 Iss 4
tropical-agriculturist_1931-03_76,per-issue,76,1931,66,False,Tropical Agriculturist 1931-03: Vol 76
tropical-agriculturist_1932-02_78,per-issue,78,1932,68,False,Tropical Agriculturist 1932-02: Vol 78
tropical-agriculturist_1933-04_80_4,per-issue,80,1933,74,False,Tropical Agriculturist 1933-04: Vol 80 Iss 4
tropicalagricul311908ceyl,cornell,31,1905,670,False,The Tropical agriculturist and magazine of the Ceylon Agricultural Society
tropicalagricult0060unse,cornell,60,1923,444,False,Tropical Agriculturist 1923: Vol 60 Iss 1-6
tropical-agriculturist_1915-05_44_5,per-issue,44,1915,80,False,Tropical Agriculturist 1915-05: Vol 44 Iss 5
tropical-agriculturist_1939-07_93_1,per-issue,93,1939,72,False,Tropical Agriculturist 1939-07: Vol 93 Iss 1
tropicalagricult1318ceyl,cornell,13,1894,1086,False,Tropical agriculturist and magazine of the Ceylon Agricultural Society
tropical-agriculturist_1918-09_51_3,per-issue,51,1918,68,False,Tropical Agriculturist 1918-09: Vol 51 Iss 3
tropical-agriculturist_1918_51_index,per-issue,51,1918,8,True,Tropical Agriculturist 1918: Vol 51 Index
tropical-agriculturist_1924-10_63_4,per-issue,63,1924,68,False,Tropical Agriculturist 1924-10: Vol 63 Iss 4
tropical-agriculturist_1925-06_64_6,per-issue,64,1925,68,False,Tropical Agriculturist 1925-06: Vol 64 Iss 6
tropical-agriculturist_1927-12_69,per-issue,69,1927,68,False,Tropical Agriculturist 1927-12: Vol 69
tropical-agriculturist_1928-04_70,per-issue,70,1928,70,False,Tropical Agriculturist 1928-04: Vol 70
tropical-agriculturist_1929-09_73,per-issue,73,1929,70,False,Tropical Agriculturist 1929-09: Vol 73
tropical-agriculturist_january-december-1948_104_index,per-issue,104,1948,6,True,Tropical Agriculturist January-December 1948: Vol 104 Index
tropical-agriculturist_january-june-1925_64_index,per-issue,64,1925,8,True,Tropical Agriculturist January-June 1925: Vol 64 Index
tropical-agriculturist_1914-08_43_2,per-issue,43,1914,92,False,Tropical Agriculturist 1914-08: Vol 43 Iss 2
tropical-agriculturist_1914-11_43_5,per-issue,43,1914,68,False,Tropical Agriculturist 1914-11: Vol 43 Iss 5
tropical-agriculturist_1939-11_93_5,per-issue,93,1939,94,False,Tropical Agriculturist 1939-11: Vol 93 Iss 5
tropical-agriculturist_january-june-1938_90_index,per-issue,90,1938,12,True,Tropical Agriculturist January-June 1938: Vol 90 Index
tropical-agriculturist_january-march-1944_100_1,per-issue,100,1944,84,False,Tropical Agriculturist January-March 1944: Vol 100 Iss 1
tropical-agriculturist_july-december-1921_57_index,per-issue,57,1921,10,True,Tropical Agriculturist July-December 1921: Vol 57 Index
tropical-agriculturist_july-september-1958_114_3,per-issue,114,1958,70,False,Tropical Agriculturist July-September 1958: Vol 114 Iss 3
tropicalagricult0059unse,cornell,59,1922,432,False,Tropical Agriculturist 1922: Vol 59 Iss 1-6
tropicalagricult0108unse,cornell,108,1952,736,False,Tropical Agriculturist 1952: Vol 108 Iss 1-4
tropical-agriculturist_october-december-1943_99_4,per-issue,99,1943,86,False,Tropical Agriculturist October-December 1943: Vol 99 Iss 4
tropical-agriculturist_october-december-1959_115_4,per-issue,115,1959,106,False,Tropical Agriculturist October-December 1959: Vol 115 Iss 4
tropicalagricult8188ceyl,cornell,8,1889,1164,False,Tropical agriculturist and magazine of the Ceylon Agricultural Society
tropicalagricult9188ceyl,cornell,9,1890,1022,False,Tropical agriculturist and magazine of the Ceylon Agricultural Society
tropical-agriculturist_1931-01_76,per-issue,76,1931,70,False,Tropical Agriculturist 1931-01: Vol 76
tropical-agriculturist_1931-04_76,per-issue,76,1931,66,False,Tropical Agriculturist 1931-04: Vol 76
tropical-agriculturist_1933-06_80_6,per-issue,80,1933,74,False,Tropical Agriculturist 1933-06: Vol 80 Iss 6
tropical-agriculturist_1918-11_51_5,per-issue,51,1918,62,False,Tropical Agriculturist 1918-11: Vol 51 Iss 5
tropical-agriculturist_1921-10_57_4,per-issue,57,1921,74,False,Tropical Agriculturist 1921-10: Vol 57 Iss 4
tropical-agriculturist_1922-01_58_1,per-issue,58,1922,66,False,Tropical Agriculturist 1922-01: Vol 58 Iss 1
tropical-agriculturist_1925-04_64_4,per-issue,64,1925,66,False,Tropical Agriculturist 1925-04: Vol 64 Iss 4
tropical-agriculturist_1926-07_67_1,per-issue,67,1926,68,False,Tropical Agriculturist 1926-07: Vol 67 Iss 1
tropical-agriculturist_1927-10_69,per-issue,69,1927,72,False,Tropical Agriculturist 1927-10: Vol 69
tropical-agriculturist_january-march-1948_104_1,per-issue,104,1948,62,False,Tropical Agriculturist January-March 1948: Vol 104 Iss 1
tropical-agriculturist_july-september-1943_99_3,per-issue,99,1943,82,False,Tropical Agriculturist July-September 1943: Vol 99 Iss 3
tropical-agriculturist_1940-08_95_2,per-issue,95,1940,68,False,Tropical Agriculturist 1940-08: Vol 95 Iss 2
tropical-agriculturist_1941-08_97_2,per-issue,97,1941,62,False,Tropical Agriculturist 1941-08: Vol 97 Iss 2
tropical-agriculturist_1914-02_42_2,per-issue,42,1914,92,False,Tropical Agriculturist 1914-02: Vol 42 Iss 2
tropical-agriculturist_1915-08_45_2,per-issue,45,1915,82,False,Tropical Agriculturist 1915-08: Vol 45 Iss 2
tdl.34000-the-tropical-agriculturist-agricultural-journal-of-ceylon,tdl,,,,False,இதழ் - The Tropical agriculturist : Agricultural journal of Ceylon
tdl.34515-the-tropical-agriculturist-a-monthly-record-of-information-for-planter,tdl,,,,False,"இதழ் - The tropical agriculturist : a monthly record of information for planters of tea, cacao, coffee, palms, rubber, c"
tdl.34527-the-tropical-agriculturist-and-magazine-of-the-ceylon-agricultural-soc,tdl,,,,False,இதழ் - The tropical agriculturist and magazine of the Ceylon Agricultural Society
tdl.36027-the-supplement-to-the-tropical-agriculturist-and-magazine-of-the-ceylo,tdl,,,,False,இதழ் - The Supplement to the Tropical Agriculturist and Magazine of the Ceylon Agricultural Society
lbg.630.5.tag.v.40,lbg,39,1913,496,False,The Tropical Agriculturist Vol - XXXIX
tdl.36049-the-tropical-agriculturist-a-monthly-record-of-information-for-planter,tdl,,,,False,"இதழ் - The Tropical Agriculturist : a monthly record of information for planters of tea, cacao, coffee, palms, rubber, c"
tdl.36058-the-tropical-agriculturist-a-monthly-record-of-information-for-planter,tdl,,,,False,"இதழ் - The Tropical Agriculturist : a monthly record of information for planters of tea, cacao, coffee, palms, rubber, c"
lbg.tropicalagricultvol.xliii0000unse_c5y3,lbg,43,1914,502,False,"The Tropical Agriculturist : Vol-XLIII, No.1"
tdl.34003-the-tropical-agriculturist-the-agricultural-journal-of-ceylon,tdl,,,,False,இதழ் - The tropical agriculturist : The agricultural journal of Ceylon
tdl.34587-the-tropical-agriculturist-a-monthly-record-of-information-for-planter,tdl,,,,False,"இதழ் - The tropical agriculturist : a monthly record of information for planters of tea, cacao, coffee, palms, rubber, c"
tdl.34494-the-tropical-agriculturist-and-magazine-of-the-ceylon-agricultural-soc,tdl,,,,False,இதழ் - The Tropical Agriculturist and magazine of the Ceylon Agricultural Society
tdl.34513-the-tropical-agriculturist-a-monthly-record-of-information-for-planter,tdl,,,,False,"இதழ் - The tropical agriculturist : a monthly record of information for planters of tea, cacao, coffee, palms, rubber, c"
tdl.34499-the-tropical-agriculturist-a-monthly-record-of-information-for-planter,tdl,,,,False,"இதழ் - The Tropical Agriculturist : a monthly record of information for planters of coffee, tea, cocoa, cinchona, India-"
tdl.34554-the-tropical-agriculturist-a-monthly-record-of-information-for-planter,tdl,,,,False,"இதழ் - The Tropical Agriculturist : a monthly record of information for planters of tea, cacao, coffee, palms, rubber, c"
tdl.34707-the-tropical-agriculturist-and-magazine-of-the-ceylon-agricultural-soc,tdl,,,,False,இதழ் - The tropical agriculturist and magazine of the Ceylon Agricultural Society
tdl.34619-the-tropical-agriculturist-a-monthly-record-of-information-for-planter,tdl,,,,False,"இதழ் - The tropical agriculturist : a monthly record of information for planters of tea, cacao, coffee, palms, rubber, c"
tdl.34546-the-tropical-agriculturist-a-monthly-record-of-information-for-planter,tdl,,,,False,"இதழ் - The tropical agriculturist : a monthly record of information for planters of tea, cacao, coffee, palms, rubber, c"
tdl.34550-the-tropical-agriculturist-a-monthly-record-of-information-for-planter,tdl,,,,False,"இதழ் - The tropical agriculturist : a monthly record of information for planters of tea, cacao, coffee, palms, rubber, c"
tdl.34712-the-tropical-agriculturist-and-magazine-of-the-ceylon-agricultural-soc,tdl,,,,False,இதழ் - The tropical agriculturist and magazine of the Ceylon Agricultural Society
tropical-agriculturist_1913-05_40_5,per-issue,40,1913,88,False,Tropical Agriculturist 1913-05: Vol 40 Iss 5
tropical-agriculturist_1915_44_indexcontents,per-issue,44,1915,14,True,Tropical Agriculturist 1915: Vol 44 Index/Contents
tropical-agriculturist_1915_45_indexcontents,per-issue,45,1915,14,True,Tropical Agriculturist 1915: Vol 45 Index/Contents
tropical-agriculturist_1917-03_48_3,per-issue,48,1917,68,False,Tropical Agriculturist 1917-03: Vol 48 Iss 3
tropical-agriculturist_1917-05_48_5,per-issue,48,1917,68,False,Tropical Agriculturist 1917-05: Vol 48 Iss 5
tropical-agriculturist_1918-05_50_5,per-issue,50,1918,68,False,Tropical Agriculturist 1918-05: Vol 50 Iss 5
tropical-agriculturist_1919-09_53_3,per-issue,53,1919,84,False,Tropical Agriculturist 1919-09: Vol 53 Iss 3
tropical-agriculturist_1936-01,per-issue,,1936,66,False,Tropical Agriculturist 1936-01
tropical-agriculturist_1936-06,per-issue,,1936,70,False,Tropical Agriculturist 1936-06
tropical-agriculturist_1936-12_87,per-issue,87,1936,78,False,Tropical Agriculturist 1936-12: Vol 87
tropical-agriculturist_1929-06_72_6,per-issue,72,1929,74,False,Tropical Agriculturist 1929-06: Vol 72 Iss 6
tropical-agriculturist_1930-03_74_3,per-issue,74,1930,66,False,Tropical Agriculturist 1930-03: Vol 74 Iss 3
tropical-agriculturist_1930-06_74_6,per-issue,74,1930,82,False,Tropical Agriculturist 1930-06: Vol 74 Iss 6
tropical-agriculturist_1933-12_81_6,per-issue,81,1933,64,False,Tropical Agriculturist 1933-12: Vol 81 Iss 6
tropical-agriculturist_october-december-1944_100_4,per-issue,100,1944,106,False,Tropical Agriculturist October-December 1944: Vol 100 Iss 4
tropical-agriculturist_october-december-1956_112_4,per-issue,112,1956,90,False,Tropical Agriculturist October-December 1956: Vol 112 Iss 4
tropical-agriculturist_1921-08_57_2,per-issue,57,1921,70,False,Tropical Agriculturist 1921-08: Vol 57 Iss 2
tropical-agriculturist_1926-06_66_6,per-issue,66,1926,68,False,Tropical Agriculturist 1926-06: Vol 66 Iss 6
tropical-agriculturist_1941-11_97_5,per-issue,97,1941,68,False,Tropical Agriculturist 1941-11: Vol 97 Iss 5
tropical-agriculturist_1958_114_index,per-issue,114,1958,8,True,Tropical Agriculturist 1958: Vol 114 Index
tropical-agriculturist_april-june-1948_104_2,per-issue,104,1948,88,False,Tropical Agriculturist April-June 1948: Vol 104 Iss 2
tropical-agriculturist_april-june-1951_107_2,per-issue,107,1951,98,False,Tropical Agriculturist April-June 1951: Vol 107 Iss 2
dli.ernet.229225,dli,76,1931,,False,The Tropical Agriculturist Vol-lxxvi (1931)
dli.ernet.27139,dli,80,1933,,False,The Tropical Agriculturist Vol-lxxx (1933)
tropicalagricult2219ceyl,cornell,22,1902,1286,False,Tropical agriculturist and magazine of the Ceylon Agricultural Society
dli.ernet.229232,dli,45,1915,,False,The Tropical Agriculturist Vol-xlv (1915)
tropical-agriculturist_1926-02_66_2,per-issue,66,1926,78,False,Tropical Agriculturist 1926-02: Vol 66 Iss 2
tropical-agriculturist_april-june-1944_100_2,per-issue,100,1944,82,False,Tropical Agriculturist April-June 1944: Vol 100 Iss 2
in.ernet.dli.2015.230764,dli,57,1921,,False,The Tropical Agriculturist Vol-lvii (1921)
tropical-agriculturist_january-march-1942_98_1,per-issue,98,1942,82,False,Tropical Agriculturist January-March 1942: Vol 98 Iss 1
tropical-agriculturist_1913-06_40_6,per-issue,40,1913,92,False,Tropical Agriculturist 1913-06: Vol 40 Iss 6
tropical-agriculturist_1914-12_43_6,per-issue,43,1914,70,False,Tropical Agriculturist 1914-12: Vol 43 Iss 6
tropical-agriculturist_1916-02_46_2,per-issue,46,1916,78,False,Tropical Agriculturist 1916-02: Vol 46 Iss 2
tropical-agriculturist_1916-11_47_5,per-issue,47,1916,76,False,Tropical Agriculturist 1916-11: Vol 47 Iss 5
tropical-agriculturist_1919-01_52_1,per-issue,52,1919,68,False,Tropical Agriculturist 1919-01: Vol 52 Iss 1
tropical-agriculturist_1921-02_56_2,per-issue,56,1921,80,False,Tropical Agriculturist 1921-02: Vol 56 Iss 2
tropical-agriculturist_1924-03_62_3,per-issue,62,1924,66,False,Tropical Agriculturist 1924-03: Vol 62 Iss 3
tropical-agriculturist_1925-08_65_2,per-issue,65,1925,68,False,Tropical Agriculturist 1925-08: Vol 65 Iss 2
tropical-agriculturist_1937-11_89,per-issue,89,1937,72,False,Tropical Agriculturist 1937-11: Vol 89
tropical-agriculturist_1938-01_90_1,per-issue,90,1938,76,False,Tropical Agriculturist 1938-01: Vol 90 Iss 1
tropical-agriculturist_1938-07_91,per-issue,91,1938,86,False,Tropical Agriculturist 1938-07: Vol 91
tropical-agriculturist_1938-10_91,per-issue,91,1938,72,False,Tropical Agriculturist 1938-10: Vol 91
tropical-agriculturist_1939-03_92,per-issue,92,1939,66,False,Tropical Agriculturist 1939-03: Vol 92
tropical-agriculturist_1929-04_72_4,per-issue,72,1929,66,False,Tropical Agriculturist 1929-04: Vol 72 Iss 4
tropical-agriculturist_1929-10_73,per-issue,73,1929,84,False,Tropical Agriculturist 1929-10: Vol 73
tropical-agriculturist_january-june-1934_82_index,per-issue,82,1934,6,True,Tropical Agriculturist January-June 1934: Vol 82 Index
tropical-agriculturist_1957_113_1,per-issue,113,1957,102,False,Tropical Agriculturist 1957: Vol 113 Iss 1
tropical-agriculturist_january-december-1950_106_index,per-issue,106,1950,6,True,Tropical Agriculturist January-December 1950: Vol 106 Index
tropical-agriculturist_1934-04_82_4,per-issue,82,1934,68,False,Tropical Agriculturist 1934-04: Vol 82 Iss 4
tropicalagricul321909ceyl,cornell,32,1905,654,False,The Tropical agriculturist and magazine of the Ceylon Agricultural Society
tropical-agriculturist_1940-05_94_5,per-issue,94,1940,72,False,Tropical Agriculturist 1940-05: Vol 94 Iss 5
tropical-agriculturist_1940-07_95_1,per-issue,95,1940,72,False,Tropical Agriculturist 1940-07: Vol 95 Iss 1
tropical-agriculturist_1941-05_96_5,per-issue,96,1941,84,False,Tropical Agriculturist 1941-05: Vol 96 Iss 5
tropical-agriculturist_1956_112_index,per-issue,112,1956,10,True,Tropical Agriculturist 1956: Vol 112 Index
tropical-agriculturist_april-june-1949_105_2,per-issue,105,1949,82,False,Tropical Agriculturist April-June 1949: Vol 105 Iss 2
tropical-agriculturist_january-december-1943_99_index,per-issue,99,1943,10,True,Tropical Agriculturist January-December 1943: Vol 99 Index
tropicalagricult0055unse,cornell,55,1920,438,False,The Tropical Agriculturist
tropicalagricult2319ceyl,cornell,23,1903,1420,False,Tropical agriculturist and magazine of the Ceylon Agricultural Society
tropical-agriculturist_1916-04_46_4,per-issue,46,1916,78,False,Tropical Agriculturist 1916-04: Vol 46 Iss 4
tropical-agriculturist_1924-12_63_6,per-issue,63,1924,72,False,Tropical Agriculturist 1924-12: Vol 63 Iss 6
tropical-agriculturist_1924_62_index,per-issue,62,1924,8,True,Tropical Agriculturist 1924: Vol 62 Index
tropical-agriculturist_1936-11_87,per-issue,87,1936,72,False,Tropical Agriculturist 1936-11: Vol 87
tropical-agriculturist_1938-03_90_3,per-issue,90,1938,70,False,Tropical Agriculturist 1938-03: Vol 90 Iss 3
tropical-agriculturist_1939-05_92,per-issue,92,1939,84,False,Tropical Agriculturist 1939-05: Vol 92
tropical-agriculturist_1927-04_68,per-issue,68,1927,70,False,Tropical Agriculturist 1927-04: Vol 68
tropical-agriculturist_1928-06_70,per-issue,70,1928,96,False,Tropical Agriculturist 1928-06: Vol 70
tropical-agriculturist_1928-10_71,per-issue,71,1928,72,False,Tropical Agriculturist 1928-10: Vol 71
tropical-agriculturist_january-june-1940_94_index,per-issue,94,1940,8,True,Tropical Agriculturist January-June 1940: Vol 94 Index
tropical-agriculturist_january-march-1959_115_1,per-issue,115,1959,86,False,Tropical Agriculturist January-March 1959: Vol 115 Iss 1
tropical-agriculturist_july-december-1933_81_index,per-issue,81,1933,8,True,Tropical Agriculturist July-December 1933: Vol 81 Index
tropical-agriculturist_july-december-1934_83_index,per-issue,83,1934,14,True,Tropical Agriculturist July-December 1934: Vol 83 Index
tropical-agriculturist_july-september-1945_101_3,per-issue,101,1945,88,False,Tropical Agriculturist July-September 1945: Vol 101 Iss 3
tropical-agriculturist_july-september-1949_105_3,per-issue,105,1949,98,False,Tropical Agriculturist July-September 1949: Vol 105 Iss 3
tropical-agriculturist_july-september-1950_106_3,per-issue,106,1950,90,False,Tropical Agriculturist July-September 1950: Vol 106 Iss 3
tropical-agriculturist_1934-12,per-issue,,1934,88,False,Tropical Agriculturist 1934-12
tropical-agriculturist_october-december-1945_101_4,per-issue,101,1945,100,False,Tropical Agriculturist October-December 1945: Vol 101 Iss 4
tropicalagricul01portgoog,cornell,,1833,449,False,The tropical agriculturist: a practical treatise on the cultivation and management of various productions suited to trop
tropical-agriculturist_july-september-1960_116_3,per-issue,116,1960,118,False,Tropical Agriculturist July-September 1960: Vol 116 Iss 3
tropical-agriculturist_october-december-1951_107_4,per-issue,107,1951,126,False,Tropical Agriculturist October-December 1951: Vol 107 Iss 4
tropical-agriculturist_1913-10_41_4,per-issue,41,1913,98,False,Tropical Agriculturist 1913-10: Vol 41 Iss 4
tropical-agriculturist_1913-11_41_5,per-issue,41,1913,92,False,Tropical Agriculturist 1913-11: Vol 41 Iss 5
tropical-agriculturist_1914-06_42_6,per-issue,42,1914,96,False,Tropical Agriculturist 1914-06: Vol 42 Iss 6
tropical-agriculturist_1916-08_47_2,per-issue,47,1916,76,False,Tropical Agriculturist 1916-08: Vol 47 Iss 2
tropical-agriculturist_1919-02_52_2,per-issue,52,1919,58,False,Tropical Agriculturist 1919-02: Vol 52 Iss 2
tropical-agriculturist_1924-02_62_2,per-issue,62,1924,70,False,Tropical Agriculturist 1924-02: Vol 62 Iss 2
tropical-agriculturist_1924-06_62_6,per-issue,62,1924,68,False,Tropical Agriculturist 1924-06: Vol 62 Iss 6
tropical-agriculturist_1926-08_67_2,per-issue,67,1926,70,False,Tropical Agriculturist 1926-08: Vol 67 Iss 2
tropical-agriculturist_1936-04,per-issue,,1936,68,False,Tropical Agriculturist 1936-04
tropical-agriculturist_1937-08_89,per-issue,89,1937,66,False,Tropical Agriculturist 1937-08: Vol 89
tropical-agriculturist_1938-06_90_6,per-issue,90,1938,94,False,Tropical Agriculturist 1938-06: Vol 90 Iss 6
tropical-agriculturist_1938-12_91,per-issue,91,1938,92,False,Tropical Agriculturist 1938-12: Vol 91
tropical-agriculturist_1939-01_92,per-issue,92,1939,84,False,Tropical Agriculturist 1939-01: Vol 92
tropical-agriculturist_1928-02_70,per-issue,70,1928,72,False,Tropical Agriculturist 1928-02: Vol 70
tropical-agriculturist_1929-07_73,per-issue,73,1929,78,False,Tropical Agriculturist 1929-07: Vol 73
tropical-agriculturist_1930-04_74_4,per-issue,74,1930,76,False,Tropical Agriculturist 1930-04: Vol 74 Iss 4
tropical-agriculturist_january-march-1958_114_1,per-issue,114,1958,74,False,Tropical Agriculturist January-March 1958: Vol 114 Iss 1
tropical-agriculturist_january-march-1961_117_1,per-issue,117,1961,94,False,Tropical Agriculturist January-March 1961: Vol 117 Iss 1
tropical-agriculturist_july-december-1938_91_index,per-issue,91,1938,12,True,Tropical Agriculturist July-December 1938: Vol 91 Index
tropical-agriculturist_july-september-1957_113_3,per-issue,113,1957,76,False,Tropical Agriculturist July-September 1957: Vol 113 Iss 3
tropical-agriculturist_january-december-1944_100_index,per-issue,100,1944,10,True,Tropical Agriculturist January-December 1944: Vol 100 Index
tropical-agriculturist_1931-02_76,per-issue,76,1931,70,False,Tropical Agriculturist 1931-02: Vol 76
tropical-agriculturist_1932-10_79_4,per-issue,79,1932,66,False,Tropical Agriculturist 1932-10: Vol 79 Iss 4
tropical-agriculturist_1934-07,per-issue,,1934,72,False,Tropical Agriculturist 1934-07
tropicalagricult18861887colo,cornell,,1882,882,False,The tropical agriculturist
tropical-agriculturist_1939-02_92,per-issue,92,1939,76,False,Tropical Agriculturist 1939-02: Vol 92
dli.ernet.229223,dli,74,1930,,False,The Tropical Agriculturist Vol-lxxiv (1930)
tropical-agriculturist_1913-09_41_3,per-issue,41,1913,94,False,Tropical Agriculturist 1913-09: Vol 41 Iss 3
tropical-agriculturist_1917-06_48_6,per-issue,48,1917,78,False,Tropical Agriculturist 1917-06: Vol 48 Iss 6
tropical-agriculturist_1918-03_50_3,per-issue,50,1918,68,False,Tropical Agriculturist 1918-03: Vol 50 Iss 3
tropical-agriculturist_1919-04_52_4,per-issue,52,1919,60,False,Tropical Agriculturist 1919-04: Vol 52 Iss 4
tropical-agriculturist_1919-06_52_6,per-issue,52,1919,66,False,Tropical Agriculturist 1919-06: Vol 52 Iss 6
tropical-agriculturist_1924-04_62_4,per-issue,62,1924,78,False,Tropical Agriculturist 1924-04: Vol 62 Iss 4
tropical-agriculturist_1936-03,per-issue,,1936,66,False,Tropical Agriculturist 1936-03
tropical-agriculturist_1937-07_89,per-issue,89,1937,66,False,Tropical Agriculturist 1937-07: Vol 89
tropical-agriculturist_1926-12_67_6,per-issue,67,1926,72,False,Tropical Agriculturist 1926-12: Vol 67 Iss 6
tropical-agriculturist_1930-08_75,per-issue,75,1930,66,False,Tropical Agriculturist 1930-08: Vol 75
tropical-agriculturist_january-march-1945_101_1,per-issue,101,1945,74,False,Tropical Agriculturist January-March 1945: Vol 101 Iss 1
tropical-agriculturist_july-september-1948_104_3,per-issue,104,1948,86,False,Tropical Agriculturist July-September 1948: Vol 104 Iss 3
tropical-agriculturist_1940-09_95_3,per-issue,95,1940,84,False,Tropical Agriculturist 1940-09: Vol 95 Iss 3
tropical-agriculturist_1957_113_index,per-issue,113,1957,8,True,Tropical Agriculturist 1957: Vol 113 Index
tropical-agriculturist_april-june-1961_117_2,per-issue,117,1961,90,False,Tropical Agriculturist April-June 1961: Vol 117 Iss 2
tropical-agriculturist_january-december-1945_101_index,per-issue,101,1945,10,True,Tropical Agriculturist January-December 1945: Vol 101 Index
tropical-agriculturist_1934-03_82_3,per-issue,82,1934,70,False,Tropical Agriculturist 1934-03: Vol 82 Iss 3
tropical-agriculturist_1934-08,per-issue,,1934,80,False,Tropical Agriculturist 1934-08
tropical-agriculturist_october-december-1958_114_4,per-issue,114,1958,70,False,Tropical Agriculturist October-December 1958: Vol 114 Iss 4
tropicalagricult1018ceyl,cornell,10,1891,1072,False,Tropical agriculturist and magazine of the Ceylon Agricultural Society
tropicalagricult1418ceyl,cornell,14,1895,1094,False,Tropical agriculturist and magazine of the Ceylon Agricultural Society
lbg.630.5.tag.v.71,lbg,6,1928,426,False,The Tropical Agriculturist Vol-VI
tdl.36033-the-supplement-to-the-tropical-agriculturist-and-magazine-of-the-ceylo,tdl,,,,False,இதழ் - The Supplement to the Tropical Agriculturist and Magazine of the Ceylon Agricultural Society
tdl.34493-the-tropical-agriculturist-and-magazine-of-the-ceylon-agricultural-soc,tdl,,,,False,இதழ் - The Tropical Agriculturist and magazine of the Ceylon Agricultural Society
tdl.34588-the-tropical-agriculturist-a-monthly-record-of-information-for-planter,tdl,,,,False,"இதழ் - The tropical agriculturist : a monthly record of information for planters of tea, cacao, coffee, palms, rubber, c"
tdl.34525-the-tropical-agriculturist-a-monthly-record-of-information-for-planter,tdl,,,,False,"இதழ் - The tropical agriculturist : a monthly record of information for planters of tea, cacao, coffee, palms, rubber, c"
tdl.34531-the-tropical-agriculturist-and-magazine-of-the-ceylon-agricultural-soc,tdl,,,,False,இதழ் - The tropical agriculturist and magazine of the Ceylon Agricultural Society
tdl.34495-the-tropical-agriculturist-and-magazine-of-the-ceylon-agricultural-soc,tdl,,,,False,இதழ் - The Tropical Agriculturist and magazine of the Ceylon Agricultural Society
tdl.34496-the-tropical-agriculturist-and-magazine-of-the-ceylon-agricultural-soc,tdl,,,,False,இதழ் - The Tropical Agriculturist and magazine of the Ceylon Agricultural Society
tdl.34505-the-tropical-agriculturist-a-monthly-record-of-information-for-planter,tdl,,,,False,"இதழ் - The tropical agriculturist : a monthly record of information for planters of tea, cacao, coffee, palms, rubber, c"
tdl.34508-the-tropical-agriculturist-a-monthly-record-of-information-for-planter,tdl,,,,False,"இதழ் - The tropical agriculturist : a monthly record of information for planters of tea, cacao, coffee, palms, rubber, c"
tdl.34606-the-tropical-agriculturist-a-monthly-record-of-information-for-planter,tdl,,,,False,"இதழ் - The tropical agriculturist : a monthly record of information for planters of tea, cacao, coffee, palms, rubber, c"
tdl.34539-the-tropical-agriculturist-and-magazine-of-the-ceylon-agricultural-soc,tdl,,,,False,இதழ் - The tropical agriculturist and magazine of the Ceylon Agricultural Society
tdl.34711-the-tropical-agriculturist-and-magazine-of-the-ceylon-agricultural-soc,tdl,,,,False,இதழ் - The tropical agriculturist and magazine of the Ceylon Agricultural Society
tdl.34715-the-tropical-agriculturist-and-magazine-of-the-ceylon-agricultural-soc,tdl,,,,False,இதழ் - The tropical agriculturist and magazine of the Ceylon Agricultural Society
tdl.34719-the-tropical-agriculturist-and-magazine-of-the-ceylon-agricultural-soc,tdl,,,,False,இதழ் - The tropical agriculturist and magazine of the Ceylon Agricultural Society
tropical-agriculturist_october-december-1960_116_4,per-issue,116,1960,90,False,Tropical Agriculturist October-December 1960: Vol 116 Iss 4
tropical-agriculturist_1929-03_72_3,per-issue,72,1929,72,False,Tropical Agriculturist 1929-03: Vol 72 Iss 3
tropicalagricult1188ceyl,cornell,1,1882,1120,False,Tropical agriculturist and magazine of the Ceylon Agricultural Society
tropicalagricult18831884colo,cornell,,1882,962,False,The tropical agriculturist
tropical-agriculturist_1913-08_41_2,per-issue,41,1913,94,False,Tropical Agriculturist 1913-08: Vol 41 Iss 2
tropical-agriculturist_1913-12_41_6,per-issue,41,1913,96,False,Tropical Agriculturist 1913-12: Vol 41 Iss 6
tropical-agriculturist_1915-02_44_2,per-issue,44,1915,78,False,Tropical Agriculturist 1915-02: Vol 44 Iss 2
tropical-agriculturist_1915-10_45_4,per-issue,45,1915,80,False,Tropical Agriculturist 1915-10: Vol 45 Iss 4
tropical-agriculturist_1917-08_49_2,per-issue,49,1917,70,False,Tropical Agriculturist 1917-08: Vol 49 Iss 2
tropical-agriculturist_1921-12_57_6,per-issue,57,1921,72,False,Tropical Agriculturist 1921-12: Vol 57 Iss 6
tropical-agriculturist_1922-05_58_5,per-issue,58,1922,66,False,Tropical Agriculturist 1922-05: Vol 58 Iss 5
tropical-agriculturist_1924-01_62_1,per-issue,62,1924,68,False,Tropical Agriculturist 1924-01: Vol 62 Iss 1
tropical-agriculturist_1926-01_66_1,per-issue,66,1926,68,False,Tropical Agriculturist 1926-01: Vol 66 Iss 1
tropical-agriculturist_1927-05_68,per-issue,68,1927,94,False,Tropical Agriculturist 1927-05: Vol 68
tropical-agriculturist_1928-09_71,per-issue,71,1928,76,False,Tropical Agriculturist 1928-09: Vol 71
tropical-agriculturist_1931-05_76,per-issue,76,1931,70,False,Tropical Agriculturist 1931-05: Vol 76
tropicalagricult0054unse,cornell,54,1920,404,False,The Tropical Agriculturist
tropical-agriculturist_1937-02,per-issue,,1937,78,False,Tropical Agriculturist 1937-02
tropical-agriculturist_1937-04,per-issue,,1937,66,False,Tropical Agriculturist 1937-04
tropical-agriculturist_1937-09_89,per-issue,89,1937,72,False,Tropical Agriculturist 1937-09: Vol 89
tropical-agriculturist_april-june-1942_98_2,per-issue,98,1942,88,False,Tropical Agriculturist April-June 1942: Vol 98 Iss 2
tropical-agriculturist_july-september-1961_117_3,per-issue,117,1961,80,False,Tropical Agriculturist July-September 1961: Vol 117 Iss 3
tropical-agriculturist_october-december-1949_105_4,per-issue,105,1949,60,False,Tropical Agriculturist October-December 1949: Vol 105 Iss 4
tropical-agriculturist_1934-11,per-issue,,1934,88,False,Tropical Agriculturist 1934-11
tropical-agriculturist_october-december-1948_104_4,per-issue,104,1948,72,False,Tropical Agriculturist October-December 1948: Vol 104 Iss 4
tropical-agriculturist_june-december-1917_49_index,per-issue,49,1917,36,True,Tropical Agriculturist June-December 1917: Vol 49 Index
tropicalagricul301908ceyl,cornell,30,1905,662,False,The Tropical agriculturist and magazine of the Ceylon Agricultural Society
tropicalagricul381912ceyl,cornell,38,1905,620,False,The Tropical agriculturist and magazine of the Ceylon Agricultural Society
tropical-agriculturist_1940-12_95_6,per-issue,95,1940,74,False,Tropical Agriculturist 1940-12: Vol 95 Iss 6
tropical-agriculturist_1941-04_96_4,per-issue,96,1941,88,False,Tropical Agriculturist 1941-04: Vol 96 Iss 4
tropical-agriculturist_1941-07_97_1,per-issue,97,1941,64,False,Tropical Agriculturist 1941-07: Vol 97 Iss 1
tropical-agriculturist_april-june-1943_99_2,per-issue,99,1943,78,False,Tropical Agriculturist April-June 1943: Vol 99 Iss 2
tropical-agriculturist_april-june-1960_116_2,per-issue,116,1960,94,False,Tropical Agriculturist April-June 1960: Vol 116 Iss 2
tropical-agriculturist_january-june-1927_68_index,per-issue,68,1927,12,True,Tropical Agriculturist January-June 1927: Vol 68 Index
tropical-agriculturist_1933-10_81_4,per-issue,81,1933,72,False,Tropical Agriculturist 1933-10: Vol 81 Iss 4
tropical-agriculturist_1934-05_82_5,per-issue,82,1934,68,False,Tropical Agriculturist 1934-05: Vol 82 Iss 5
tropical-agriculturist_1916-09_47_3,per-issue,47,1916,68,False,Tropical Agriculturist 1916-09: Vol 47 Iss 3
tropical-agriculturist_1918-12_51_6,per-issue,51,1918,72,False,Tropical Agriculturist 1918-12: Vol 51 Iss 6
tropical-agriculturist_1919-10_53_4,per-issue,53,1919,74,False,Tropical Agriculturist 1919-10: Vol 53 Iss 4
tropical-agriculturist_1921-07_57_1,per-issue,57,1921,82,False,Tropical Agriculturist 1921-07: Vol 57 Iss 1
tropical-agriculturist_1925-02_64_2,per-issue,64,1925,66,False,Tropical Agriculturist 1925-02: Vol 64 Iss 2
tropical-agriculturist_1925-05_64_5,per-issue,64,1925,68,False,Tropical Agriculturist 1925-05: Vol 64 Iss 5
tropical-agriculturist_1927-03_68,per-issue,68,1927,66,False,Tropical Agriculturist 1927-03: Vol 68
tropical-agriculturist_1927-09_69,per-issue,69,1927,78,False,Tropical Agriculturist 1927-09: Vol 69
tropical-agriculturist_1928-05_70,per-issue,70,1928,110,False,Tropical Agriculturist 1928-05: Vol 70
tropicalagricult1618ceyl,cornell,16,1897,1136,False,Tropical agriculturist and magazine of the Ceylon Agricultural Society
tropicalagricult1918ceyl,cornell,19,1900,1207,False,Tropical agriculturist and magazine of the Ceylon Agricultural Society
tropicalagricult2019ceyl,cornell,20,1901,1228,False,Tropical agriculturist and magazine of the Ceylon Agricultural Society
tropicalagricult7188ceyl,cornell,7,1888,1008,False,Tropical agriculturist and magazine of the Ceylon Agricultural Society
tropical-agriculturist_1914-09_43_3,per-issue,43,1914,94,False,Tropical Agriculturist 1914-09: Vol 43 Iss 3
tropical-agriculturist_1919-12_53_6,per-issue,53,1919,70,False,Tropical Agriculturist 1919-12: Vol 53 Iss 6
tropical-agriculturist_1938-11_91,per-issue,91,1938,88,False,Tropical Agriculturist 1938-11: Vol 91
tropical-agriculturist_1939-06_92,per-issue,92,1939,76,False,Tropical Agriculturist 1939-06: Vol 92
tropical-agriculturist_1926_66_contents,per-issue,66,1926,8,False,Tropical Agriculturist 1926: Vol 66 Contents
tropical-agriculturist_1929-08_73,per-issue,73,1929,72,False,Tropical Agriculturist 1929-08: Vol 73
tropical-agriculturist_1929-12_73,per-issue,73,1929,88,False,Tropical Agriculturist 1929-12: Vol 73
tropical-agriculturist_1930-09_75,per-issue,75,1930,72,False,Tropical Agriculturist 1930-09: Vol 75
tropical-agriculturist_january-june-1930_74_contents,per-issue,74,1930,12,False,Tropical Agriculturist January-June 1930: Vol 74 Contents
tropical-agriculturist_january-march-1943_99_1,per-issue,99,1943,70,False,Tropical Agriculturist January-March 1943: Vol 99 Iss 1
tropical-agriculturist_july-december-1926_67_index,per-issue,67,1926,14,True,Tropical Agriculturist July-December 1926: Vol 67 Index
tropical-agriculturist_july-september-1942_98_3,per-issue,98,1942,108,False,Tropical Agriculturist July-September 1942: Vol 98 Iss 3
tropical-agriculturist_1932-11_79_5,per-issue,79,1932,70,False,Tropical Agriculturist 1932-11: Vol 79 Iss 5
tropical-agriculturist_1934-01_82_1,per-issue,82,1934,78,False,Tropical Agriculturist 1934-01: Vol 82 Iss 1
tropical-agriculturist_1935-04_84,per-issue,84,1935,68,False,Tropical Agriculturist 1935-04: Vol 84
tropical-agriculturist_1935-05_84,per-issue,84,1935,62,False,Tropical Agriculturist 1935-05: Vol 84
tropicalagricul371911ceyl,cornell,37,1905,620,False,The Tropical agriculturist and magazine of the Ceylon Agricultural Society
tropicalagricul391912ceyl,cornell,39,1905,568,False,The Tropical agriculturist and magazine of the Ceylon Agricultural Society
tropical-agriculturist_1917-12_49_6,per-issue,49,1917,80,False,Tropical Agriculturist 1917-12: Vol 49 Iss 6
tropical-agriculturist_april-june-1945_101_2,per-issue,101,1945,64,False,Tropical Agriculturist April-June 1945: Vol 101 Iss 2
tropical-agriculturist_april-june-1959_115_2,per-issue,115,1959,118,False,Tropical Agriculturist April-June 1959: Vol 115 Iss 2
tropical-agriculturist_january-june-1922_58_index,per-issue,58,1922,8,True,Tropical Agriculturist January-June 1922: Vol 58 Index
lbg.tropicalagricultvol-lx.1923.0000unse_n0c4,lbg,60,1923,444,False,The Tropical Agriculturist Vol - LX
tdl.36021-the-tropical-agriculturist-and-magazine-of-the-ceylon-agricultural-soc,tdl,,,,False,இதழ் - The Tropical Agriculturist and magazine of the Ceylon Agricultural Society : with a supplement
tdl.36029-the-supplement-to-the-tropical-agriculturist-and-magazine-of-the-ceylo,tdl,,,,False,இதழ் - The Supplement to the Tropical Agriculturist and Magazine of the Ceylon Agricultural Society
tropical-agriculturist_1916-07_47_1,per-issue,47,1916,70,False,Tropical Agriculturist 1916-07: Vol 47 Iss 1
tropical-agriculturist_1917-10_49_4,per-issue,49,1917,68,False,Tropical Agriculturist 1917-10: Vol 49 Iss 4
tropical-agriculturist_1918-04_50_4,per-issue,50,1918,72,False,Tropical Agriculturist 1918-04: Vol 50 Iss 4
tropical-agriculturist_1928-11_71,per-issue,71,1928,70,False,Tropical Agriculturist 1928-11: Vol 71
tropical-agriculturist_1941-06_96_6,per-issue,96,1941,76,False,Tropical Agriculturist 1941-06: Vol 96 Iss 6
tropical-agriculturist_january-december-1951_107_index,per-issue,107,1951,6,True,Tropical Agriculturist January-December 1951: Vol 107 Index
tropical-agriculturist_january-june-1918_50_index,per-issue,50,1918,10,True,Tropical Agriculturist January-June 1918: Vol 50 Index
tropicalagri1923book60issue03,other,,,80,False,The Tropical Agriculturist
tropicalagricul331909ceyl,cornell,33,1905,622,False,The Tropical agriculturist and magazine of the Ceylon Agricultural Society
tropicalagricult0110unse,cornell,110,1955,676,False,Tropical Agriculturist 1955: Vol 110-111 (parts of)
tropical-agriculturist_1914-07_43_1,per-issue,43,1914,96,False,Tropical Agriculturist 1914-07: Vol 43 Iss 1
tropical-agriculturist_1914-10_43_4,per-issue,43,1914,80,False,Tropical Agriculturist 1914-10: Vol 43 Iss 4
tropical-agriculturist_1921-01_56_1,per-issue,56,1921,66,False,Tropical Agriculturist 1921-01: Vol 56 Iss 1
tropical-agriculturist_1921-11_57_5,per-issue,57,1921,68,False,Tropical Agriculturist 1921-11: Vol 57 Iss 5
tropical-agriculturist_1922-06_58_6,per-issue,58,1922,76,False,Tropical Agriculturist 1922-06: Vol 58 Iss 6
tropical-agriculturist_1925-01_64_1,per-issue,64,1925,72,False,Tropical Agriculturist 1925-01: Vol 64 Iss 1
tropical-agriculturist_1936-05,per-issue,,1936,66,False,Tropical Agriculturist 1936-05
tropical-agriculturist_1936-09_87,per-issue,87,1936,76,False,Tropical Agriculturist 1936-09: Vol 87
tropical-agriculturist_1936-10_87,per-issue,87,1936,76,False,Tropical Agriculturist 1936-10: Vol 87
tropical-agriculturist_1939-04_92,per-issue,92,1939,60,False,Tropical Agriculturist 1939-04: Vol 92
tropical-agriculturist_january-june-1935_84_index,per-issue,84,1935,10,True,Tropical Agriculturist January-June 1935: Vol 84 Index
tropical-agriculturist_july-september-1944_100_3,per-issue,100,1944,74,False,Tropical Agriculturist July-September 1944: Vol 100 Iss 3
tropical-agriculturist_1932-04_78,per-issue,78,1932,76,False,Tropical Agriculturist 1932-04: Vol 78
tropical-agriculturist_1932-05_78,per-issue,78,1932,82,False,Tropical Agriculturist 1932-05: Vol 78
tropical-agriculturist_1933-07_81_1,per-issue,81,1933,84,False,Tropical Agriculturist 1933-07: Vol 81 Iss 1
tropical-agriculturist_1935-07_85,per-issue,85,1935,68,False,Tropical Agriculturist 1935-07: Vol 85
tdl.34593-the-tropical-agriculturist-a-monthly-record-of-information-for-planter,tdl,,,,False,"இதழ் - The tropical agriculturist : a monthly record of information for planters of tea, cacao, coffee, palms, rubber, c"
tdl.34609-the-tropical-agriculturist-a-monthly-record-of-information-for-planter,tdl,,,,False,"இதழ் - The tropical agriculturist : a monthly record of information for planters of tea, cacao, coffee, palms, rubber, c"
tdl.34615-the-tropical-agriculturist-a-monthly-record-of-information-for-planter,tdl,,,,False,"இதழ் - The tropical agriculturist : a monthly record of information for planters of tea, cacao, coffee, palms, rubber, c"
tdl.34504-the-tropical-agriculturist-a-monthly-record-of-information-for-planter,tdl,,,,False,"இதழ் - The tropical agriculturist : a monthly record of information for planters of tea, cacao, coffee, palms, rubber, c"
tdl.34518-the-tropical-agriculturist-a-monthly-record-of-information-for-planter,tdl,,,,False,"இதழ் - The tropical agriculturist : a monthly record of information for planters of tea, cacao, coffee, palms, rubber, c"
tdl.34523-the-tropical-agriculturist-a-monthly-record-of-information-for-planter,tdl,,,,False,"இதழ் - The tropical agriculturist : a monthly record of information for planters of tea, cacao, coffee, palms, rubber, c"
tdl.34533-the-tropical-agriculturist-and-magazine-of-the-ceylon-agricultural-soc,tdl,,,,False,இதழ் - The tropical agriculturist and magazine of the Ceylon Agricultural Society
tdl.34558-the-tropical-agriculturist-a-monthly-record-of-information-for-planter,tdl,,,,False,"இதழ் - The tropical agriculturist : a monthly record of information for planters of tea, cacao, coffee, palms, rubber, c"
tdl.34717-the-tropical-agriculturist-and-magazine-of-the-ceylon-agricultural-soc,tdl,,,,False,இதழ் - The tropical agriculturist and magazine of the Ceylon Agricultural Society
lbg.630.5.tag.v.47,lbg,57,1921,446,False,The Tropical Agriculturist Vol LVII
tdl.36024-the-tropical-agriculturist-and-magazine-of-the-ceylon-agricultural-soc,tdl,,,,False,இதழ் - The Tropical Agriculturist and magazine of the Ceylon Agricultural Society
tdl.36038-the-tropical-agriculturist-a-monthly-record-of-information-for-planter,tdl,,,,False,"இதழ் - The Tropical Agriculturist : a monthly record of information for planters of tea, cacao, coffee, palms, rubber, c"
tdl.34556-the-tropical-agriculturist-a-monthly-record-of-information-for-planter,tdl,,,,False,"இதழ் - The tropical agriculturist : a monthly record of information for planters of tea, cacao, coffee, palms, rubber, c"
tropicalagricult1718ceyl,cornell,17,1898,1164,False,Tropical agriculturist and magazine of the Ceylon Agricultural Society
tropical-agriculturist_1922-02_58_2,per-issue,58,1922,70,False,Tropical Agriculturist 1922-02: Vol 58 Iss 2
tropical-agriculturist_1924-11_63_5,per-issue,63,1924,66,False,Tropical Agriculturist 1924-11: Vol 63 Iss 5
tropical-agriculturist_1929-11_73,per-issue,73,1929,70,False,Tropical Agriculturist 1929-11: Vol 73
tropical-agriculturist_1940-10_95_4,per-issue,95,1940,80,False,Tropical Agriculturist 1940-10: Vol 95 Iss 4
tropical-agriculturist_1940-11_95_5,per-issue,95,1940,62,False,Tropical Agriculturist 1940-11: Vol 95 Iss 5
tropical-agriculturist_1941-12_97_6,per-issue,97,1941,60,False,Tropical Agriculturist 1941-12: Vol 97 Iss 6
tropical-agriculturist_april-june-1956_112_2,per-issue,112,1956,108,False,Tropical Agriculturist April-June 1956: Vol 112 Iss 2
tropical-agriculturist_april-june-1957_113_2,per-issue,113,1957,84,False,Tropical Agriculturist April-June 1957: Vol 113 Iss 2
tropical-agriculturist_january-june-1929_72_contents,per-issue,72,1929,10,False,Tropical Agriculturist January-June 1929: Vol 72 Contents
tropical-agriculturist_1931-06_76,per-issue,76,1931,74,False,Tropical Agriculturist 1931-06: Vol 76
tropical-agriculturist_1932-08_79_2,per-issue,79,1932,68,False,Tropical Agriculturist 1932-08: Vol 79 Iss 2
tropical-agriculturist_1935-01_84,per-issue,84,1935,74,False,Tropical Agriculturist 1935-01: Vol 84
tropical-agriculturist_1935-02_84,per-issue,84,1935,66,False,Tropical Agriculturist 1935-02: Vol 84
tropicalagricul00ceyl,cornell,11,1881,992,False,Tropical agriculturist
tropicalagricul271906ceyl,cornell,27,1905,580,False,The Tropical agriculturist and magazine of the Ceylon Agricultural Society
tropical-agriculturist_1913-01-15_40_1,per-issue,40,1913,86,False,Tropical Agriculturist 1913-01-15: Vol 40 Iss 1
tropical-agriculturist_1914-03_42_3,per-issue,42,1914,94,False,Tropical Agriculturist 1914-03: Vol 42 Iss 3
tropical-agriculturist_1915-12_45_6,per-issue,45,1915,80,False,Tropical Agriculturist 1915-12: Vol 45 Iss 6
tropical-agriculturist_1916-03_46_3,per-issue,46,1916,76,False,Tropical Agriculturist 1916-03: Vol 46 Iss 3
tropical-agriculturist_1916_46_index,per-issue,46,1916,12,True,Tropical Agriculturist 1916: Vol 46 Index
tropical-agriculturist_1917-07_49_1,per-issue,49,1917,64,False,Tropical Agriculturist 1917-07: Vol 49 Iss 1
tropical-agriculturist_1937-06,per-issue,,1937,70,False,Tropical Agriculturist 1937-06
tropical-agriculturist_1938-02_90_2,per-issue,90,1938,64,False,Tropical Agriculturist 1938-02: Vol 90 Iss 2
tropical-agriculturist_january-june-1941_96_index,per-issue,96,1941,10,True,Tropical Agriculturist January-June 1941: Vol 96 Index
tropical-agriculturist_july-december-1929_73_index,per-issue,73,1929,10,True,Tropical Agriculturist July-December 1929: Vol 73 Index
tropical-agriculturist_july-december-1939_93_index,per-issue,93,1939,8,True,Tropical Agriculturist July-December 1939: Vol 93 Index
lbg.630.5.tag.v.42,lbg,42,1914,554,False,The Tropical Agriculturist Vol - XLII
tdl.34520-the-tropical-agriculturist-a-monthly-record-of-information-for-planter,tdl,,,,False,"இதழ் - The tropical agriculturist : a monthly record of information for planters of tea, cacao, coffee, palms, rubber, c"
tdl.34602-the-tropical-agriculturist-a-monthly-record-of-information-for-planter,tdl,,,,False,"இதழ் - The tropical agriculturist : a monthly record of information for planters of tea, cacao, coffee, palms, rubber, c"
tdl.34613-the-tropical-agriculturist-a-monthly-record-of-information-for-planter,tdl,,,,False,"இதழ் - The tropical agriculturist : a monthly record of information for planters of tea, cacao, coffee, palms, rubber, c"
tdl.34501-the-tropical-agriculturist-a-monthly-record-of-information-for-planter,tdl,,,,False,"இதழ் - The Tropical Agriculturist : a monthly record of information for planters of coffee, tea, cocoa, cinchona, India-"
tdl.34583-the-tropical-agriculturist-a-monthly-record-of-information-for-planter,tdl,,,,False,"இதழ் - The tropical agriculturist : a monthly record of information for planters of tea, cacao, coffee, palms, rubber, c"
tropical-agriculturist_1913_40_index,per-issue,40,1913,12,True,Tropical Agriculturist 1913: Vol 40 Index
tropical-agriculturist_1915-01_44_1,per-issue,44,1915,70,False,Tropical Agriculturist 1915-01: Vol 44 Iss 1
tropical-agriculturist_1915-09_45_3,per-issue,45,1915,86,False,Tropical Agriculturist 1915-09: Vol 45 Iss 3
tropical-agriculturist_1921-05_56_5,per-issue,56,1921,66,False,Tropical Agriculturist 1921-05: Vol 56 Iss 5
tropical-agriculturist_1922-03_58_3,per-issue,58,1922,86,False,Tropical Agriculturist 1922-03: Vol 58 Iss 3
tropical-agriculturist_1926-03_66_3,per-issue,66,1926,68,False,Tropical Agriculturist 1926-03: Vol 66 Iss 3
tropical-agriculturist_1926-11_67_5,per-issue,67,1926,76,False,Tropical Agriculturist 1926-11: Vol 67 Iss 5
tropical-agriculturist_1928-08_71,per-issue,71,1928,68,False,Tropical Agriculturist 1928-08: Vol 71
tropical-agriculturist_1930-12_75,per-issue,75,1930,70,False,Tropical Agriculturist 1930-12: Vol 75
tropical-agriculturist_1916-05_46_5,per-issue,46,1916,80,False,Tropical Agriculturist 1916-05: Vol 46 Iss 5
tropical-agriculturist_1918-08_51_2,per-issue,51,1918,64,False,Tropical Agriculturist 1918-08: Vol 51 Iss 2
tropical-agriculturist_1937-10_89,per-issue,89,1937,70,False,Tropical Agriculturist 1937-10: Vol 89
tropical-agriculturist_1939-08_93_2,per-issue,93,1939,74,False,Tropical Agriculturist 1939-08: Vol 93 Iss 2
tropical-agriculturist_january-june-1936_contents,per-issue,,1936,8,False,Tropical Agriculturist January-June 1936: Contents
tropical-agriculturist_january-march-1950_106_1,per-issue,106,1950,60,False,Tropical Agriculturist January-March 1950: Vol 106 Iss 1
tropical-agriculturist_july-december-1919_53_index,per-issue,53,1919,14,True,Tropical Agriculturist July-December 1919: Vol 53 Index
tropical-agriculturist_july-december-1940_95_index,per-issue,95,1940,10,True,Tropical Agriculturist July-December 1940: Vol 95 Index
tropical-agriculturist_1940-06_94_6,per-issue,94,1940,98,False,Tropical Agriculturist 1940-06: Vol 94 Iss 6
tropical-agriculturist_april-june-1950_106_2,per-issue,106,1950,54,False,Tropical Agriculturist April-June 1950: Vol 106 Iss 2
tropical-agriculturist_1932-09_79_3,per-issue,79,1932,76,False,Tropical Agriculturist 1932-09: Vol 79 Iss 3
in.ernet.dli.2015.25619,dli,57,1921,,False,The Tropical Agriculturist Vol-lvii (1921)
in.ernet.dli.2015.27062,dli,43,1914,,False,The Tropical Agriculturist Journal Of The Ceylon Agricultural Society Vol-xliii (1914)
lbg.630.5.tag.v.62,lbg,62,1924,364,False,The Tropical Agriculturist Vol - LXII
lbg.630.5.tag.v.64,lbg,64,1925,344,False,The Tropical Agriculturist Vol-LXIV
tdl.36031-the-supplement-to-the-tropical-agriculturist-and-magazine-of-the-ceylo,tdl,,,,False,இதழ் - The Supplement to the Tropical Agriculturist and Magazine of the Ceylon Agricultural Society
tdl.34708-the-tropical-agriculturist-and-magazine-of-the-ceylon-agricultural-soc,tdl,,,,False,இதழ் - The tropical agriculturist and magazine of the Ceylon Agricultural Society
tdl.34718-the-tropical-agriculturist-and-magazine-of-the-ceylon-agricultural-soc,tdl,,,,False,இதழ் - The tropical agriculturist and magazine of the Ceylon Agricultural Society
tdl.34507-the-tropical-agriculturist-a-monthly-record-of-information-for-planter,tdl,,,,False,"இதழ் - The tropical agriculturist : a monthly record of information for planters of tea, cacao, coffee, palms, rubber, c"
tdl.34511-the-tropical-agriculturist-a-monthly-record-of-information-for-planter,tdl,,,,False,"இதழ் - The tropical agriculturist : a monthly record of information for planters of tea, cacao, coffee, palms, rubber, c"
tdl.34743-the-tropical-agriculturist-and-magazine-of-the-ceylon-agricultural-soc,tdl,,,,False,இதழ் - The tropical agriculturist and magazine of the Ceylon Agricultural Society
tdl.34582-the-tropical-agriculturist-and-magazine-of-the-ceylon-agricultural-soc,tdl,,,,False,இதழ் - The tropical agriculturist and magazine of the Ceylon Agricultural Society
tdl.34519-the-tropical-agriculturist-a-monthly-record-of-information-for-planter,tdl,,,,False,"இதழ் - The tropical agriculturist : a monthly record of information for planters of tea, cacao, coffee, palms, rubber, c"
tdl.34521-the-tropical-agriculturist-a-monthly-record-of-information-for-planter,tdl,,,,False,"இதழ் - The tropical agriculturist : a monthly record of information for planters of tea, cacao, coffee, palms, rubber, c"
tdl.34528-the-tropical-agriculturist-and-magazine-of-the-ceylon-agricultural-soc,tdl,,,,False,இதழ் - The tropical agriculturist and magazine of the Ceylon Agricultural Society
lbg.tropicalagricultvol.xliv0000unse_e6v7,lbg,44,1915,462,False,The Tropical Agriculturist Journal Of The Ceylon Agricultural Society Vol-XLIV
in.ernet.dli.2015.27151,dli,82,1934,,False,The Tropical Agriculturist Vol-lxxxii (1934)
dli.ernet.27162,dli,86,1936,,False,The Tropical Agriculturist Vol-lxxxvi (1936)
tropical-agriculturist_1925-10_65_4,per-issue,65,1925,70,False,Tropical Agriculturist 1925-10: Vol 65 Iss 4
dli.ernet.27184,dli,96,1941,,False,The Tropical Agriculturist Vol-xcvi (1941)
dli.ernet.229218,dli,43,1914,,False,The Tropical Agriculturist Journal Of The Ceylon Agricultural Society Vol-xliii (1914)
dli.ernet.21168,dli,50,1918,,False,The Tropical Agriculturist Vol-l(1918)
tropical-agriculturist_1924-05_62_5,per-issue,62,1924,66,False,Tropical Agriculturist 1924-05: Vol 62 Iss 5
lbg.vol.xli.tropicalagricult0000dewi_t3r5,lbg,41,1913,568,False,The Tropical Agriculturist Vol XLI
lbg.630.5.tag.v.39,lbg,39,1912,548,False,The Tropical Agriculturist And Magzine Of The Ceylon Agricultural Society Vol-XXXIX
tdl.34552-the-tropical-agriculturist-a-monthly-record-of-information-for-planter,tdl,,,,False,"இதழ் - The tropical agriculturist : a monthly record of information for planters of tea, cacao, coffee, palms, rubber, c"
tdl.34563-the-tropical-agriculturist-a-monthly-record-of-information-for-planter,tdl,,,,False,"இதழ் - The tropical agriculturist : a monthly record of information for planters of tea, cacao, coffee, palms, rubber, c"
tdl.34722-the-tropical-agriculturist-and-magazine-of-the-ceylon-agricultural-soc,tdl,,,,False,இதழ் - The tropical agriculturist and magazine of the Ceylon Agricultural Society
tdl.34710-the-tropical-agriculturist-and-magazine-of-the-ceylon-agricultural-soc,tdl,,,,False,இதழ் - The tropical agriculturist and magazine of the Ceylon Agricultural Society
tdl.34720-the-tropical-agriculturist-and-magazine-of-the-ceylon-agricultural-soc,tdl,,,,False,இதழ் - The tropical agriculturist and magazine of the Ceylon Agricultural Society
tdl.34599-the-tropical-agriculturist-a-monthly-record-of-information-for-planter,tdl,,,,False,"இதழ் - The tropical agriculturist : a monthly record of information for planters of tea, cacao, coffee, palms, rubber, c"
tdl.34601-the-tropical-agriculturist-a-monthly-record-of-information-for-planter,tdl,,,,False,"இதழ் - The tropical agriculturist : a monthly record of information for planters of tea, cacao, coffee, palms, rubber, c"
tdl.34610-the-tropical-agriculturist-a-monthly-record-of-information-for-planter,tdl,,,,False,"இதழ் - The tropical agriculturist : a monthly record of information for planters of tea, cacao, coffee, palms, rubber, c"
tdl.34566-the-tropical-agriculturist-a-monthly-record-of-information-for-planter,tdl,,,,False,"இதழ் - The tropical agriculturist : a monthly record of information for planters of tea, cacao, coffee, palms, rubber, c"
tdl.34534-the-tropical-agriculturist-and-magazine-of-the-ceylon-agricultural-soc,tdl,,,,False,இதழ் - The tropical agriculturist and magazine of the Ceylon Agricultural Society
tdl.34535-the-tropical-agriculturist-and-magazine-of-the-ceylon-agricultural-soc,tdl,,,,False,இதழ் - The tropical agriculturist and magazine of the Ceylon Agricultural Society
tdl.34538-the-tropical-agriculturist-and-magazine-of-the-ceylon-agricultural-soc,tdl,,,,False,இதழ் - The tropical agriculturist and magazine of the Ceylon Agricultural Society
tropical-agriculturist_october-december-1961_117_4,per-issue,117,1961,84,False,Tropical Agriculturist October-December 1961: Vol 117 Iss 4
tropical-agriculturist_1913-04_40_4,per-issue,40,1913,80,False,Tropical Agriculturist 1913-04: Vol 40 Iss 4
tropical-agriculturist_1915-04_44_4,per-issue,44,1915,82,False,Tropical Agriculturist 1915-04: Vol 44 Iss 4
tropical-agriculturist_1917-09_49_3,per-issue,49,1917,68,False,Tropical Agriculturist 1917-09: Vol 49 Iss 3
tropical-agriculturist_1917-11_49_5,per-issue,49,1917,74,False,Tropical Agriculturist 1917-11: Vol 49 Iss 5
tropical-agriculturist_1918-07_51_1,per-issue,51,1918,76,False,Tropical Agriculturist 1918-07: Vol 51 Iss 1
tropical-agriculturist_1919-11_53_5,per-issue,53,1919,68,False,Tropical Agriculturist 1919-11: Vol 53 Iss 5
tropical-agriculturist_1921-04_56_4,per-issue,56,1921,72,False,Tropical Agriculturist 1921-04: Vol 56 Iss 4
tropical-agriculturist_1922-04_58_4,per-issue,58,1922,76,False,Tropical Agriculturist 1922-04: Vol 58 Iss 4
tropical-agriculturist_1937_88_index,per-issue,88,1937,8,True,Tropical Agriculturist 1937: Vol 88 Index
tropical-agriculturist_1940-03_94_3,per-issue,94,1940,86,False,Tropical Agriculturist 1940-03: Vol 94 Iss 3
tropical-agriculturist_1928-03_70,per-issue,70,1928,66,False,Tropical Agriculturist 1928-03: Vol 70
tropical-agriculturist_1930-01_74_1,per-issue,74,1930,68,False,Tropical Agriculturist 1930-01: Vol 74 Iss 1
tropical-agriculturist_january-june-1932_78_index,per-issue,78,1932,8,True,Tropical Agriculturist January-June 1932: Vol 78 Index
tropical-agriculturist_january-june-1933_80_index,per-issue,80,1933,8,True,Tropical Agriculturist January-June 1933: Vol 80 Index
tropical-agriculturist_april-june-1958_114_2,per-issue,114,1958,80,False,Tropical Agriculturist April-June 1958: Vol 114 Iss 2
in.ernet.dli.2015.27084,dli,70,1928,,False,The Tropical Agriculturist Vol-lxx (1928)
dli.ernet.27095,dli,72,1929,,False,The Tropical Agriculturist Vol-lxxii (1929)
tdl.34545-the-tropical-agriculturist-a-monthly-record-of-information-for-planter,tdl,,,,False,"இதழ் - The tropical agriculturist : a monthly record of information for planters of tea, cacao, coffee, palms, rubber, c"
tdl.34704-the-tropical-agriculturist-and-magazine-of-the-ceylon-agricultural-soc,tdl,,,,False,இதழ் - The tropical agriculturist and magazine of the Ceylon Agricultural Society
tdl.36034-the-tropical-agriculturist-a-monthly-record-of-information-for-planter,tdl,,,,False,"இதழ் - The Tropical Agriculturist : a monthly record of information for planters of tea, cacao, coffee, palms, rubber, c"
tropical-agriculturist_1925-09_65_3,per-issue,65,1925,76,False,Tropical Agriculturist 1925-09: Vol 65 Iss 3
dli.ernet.229995,dli,82,1939,,False,Tropical Agriculturist Vol-lxxxii (1939)
dli.ernet.229229,dli,88,1937,,False,The Tropical Agriculturist Vol-lxxxviii (1937)
tdl.34541-the-tropical-agriculturist-and-magazine-of-the-ceylon-agricultural-soc,tdl,,,,False,இதழ் - The tropical agriculturist and magazine of the Ceylon Agricultural Society
tdl.34543-the-tropical-agriculturist-a-monthly-record-of-information-for-planter,tdl,,,,False,"இதழ் - The tropical agriculturist : a monthly record of information for planters of tea, cacao, coffee, palms, rubber, c"
tdl.34561-the-tropical-agriculturist-a-monthly-record-of-information-for-planter,tdl,,,,False,"இதழ் - The tropical agriculturist : a monthly record of information for planters of tea, cacao, coffee, palms, rubber, c"
tdl.34562-the-tropical-agriculturist-a-monthly-record-of-information-for-planter,tdl,,,,False,"இதழ் - The tropical agriculturist : a monthly record of information for planters of tea, cacao, coffee, palms, rubber, c"
tdl.34703-the-tropical-agriculturist-and-magazine-of-the-ceylon-agricultural-soc,tdl,,,,False,இதழ் - The tropical agriculturist and magazine of the Ceylon Agricultural Society
tdl.34580-the-tropical-agriculturist-a-monthly-record-of-information-for-planter,tdl,,,,False,"இதழ் - The tropical agriculturist : a monthly record of information for planters of tea, cacao, coffee, palms, rubber, c"
tdl.34589-the-tropical-agriculturist-a-monthly-record-of-information-for-planter,tdl,,,,False,"இதழ் - The tropical agriculturist : a monthly record of information for planters of tea, cacao, coffee, palms, rubber, c"
tdl.34617-the-tropical-agriculturist-a-monthly-record-of-information-for-planter,tdl,,,,False,"இதழ் - The tropical agriculturist : a monthly record of information for planters of tea, cacao, coffee, palms, rubber, c"
tropical-agriculturist_1924_63_index,per-issue,63,1924,8,True,Tropical Agriculturist 1924: Vol 63 Index
tropical-agriculturist_january-december-1942_98_index,per-issue,98,1942,10,True,Tropical Agriculturist January-December 1942: Vol 98 Index
tropicalagricult1118ceyl,cornell,11,1892,1234,False,Tropical agriculturist and magazine of the Ceylon Agricultural Society
tropical-agriculturist_1914-04_42_4,per-issue,42,1914,96,False,Tropical Agriculturist 1914-04: Vol 42 Iss 4
tropical-agriculturist_1916-01_46_1,per-issue,46,1916,82,False,Tropical Agriculturist 1916-01: Vol 46 Iss 1
tropical-agriculturist_1916-06_46_6,per-issue,46,1916,90,False,Tropical Agriculturist 1916-06: Vol 46 Iss 6
tropical-agriculturist_1917-04_48_4,per-issue,48,1917,68,False,Tropical Agriculturist 1917-04: Vol 48 Iss 4
tropical-agriculturist_1917_48_index,per-issue,48,1917,12,True,Tropical Agriculturist 1917: Vol 48 Index
tropical-agriculturist_1918-06_50_6,per-issue,50,1918,80,False,Tropical Agriculturist 1918-06: Vol 50 Iss 6
tropical-agriculturist_1918-10_51_4,per-issue,51,1918,84,False,Tropical Agriculturist 1918-10: Vol 51 Iss 4
tropical-agriculturist_1921-06_56_6,per-issue,56,1921,74,False,Tropical Agriculturist 1921-06: Vol 56 Iss 6
tropical-agriculturist_1925-03_64_3,per-issue,64,1925,66,False,Tropical Agriculturist 1925-03: Vol 64 Iss 3
tropical-agriculturist_1926-09_67_3,per-issue,67,1926,66,False,Tropical Agriculturist 1926-09: Vol 67 Iss 3
tropical-agriculturist_1936-02,per-issue,,1936,66,False,Tropical Agriculturist 1936-02
tropical-agriculturist_1937-01,per-issue,,1937,72,False,Tropical Agriculturist 1937-01
tropical-agriculturist_1940-02_94_2,per-issue,94,1940,88,False,Tropical Agriculturist 1940-02: Vol 94 Iss 2
tropical-agriculturist_1941-02_96_2,per-issue,96,1941,80,False,Tropical Agriculturist 1941-02: Vol 96 Iss 2
tropical-agriculturist_1932-12_79_6,per-issue,79,1932,66,False,Tropical Agriculturist 1932-12: Vol 79 Iss 6
tropical-agriculturist_1933-02_80_2,per-issue,80,1933,68,False,Tropical Agriculturist 1933-02: Vol 80 Iss 2
tropical-agriculturist_1935-06_84,per-issue,84,1935,68,False,Tropical Agriculturist 1935-06: Vol 84
tropical-agriculturist_1919-03_52_3,per-issue,52,1919,66,False,Tropical Agriculturist 1919-03: Vol 52 Iss 3
tropical-agriculturist_1929-02_72_2,per-issue,72,1929,66,False,Tropical Agriculturist 1929-02: Vol 72 Iss 2
tropical-agriculturist_1930-07_75,per-issue,75,1930,66,False,Tropical Agriculturist 1930-07: Vol 75
lbg.630.05.tag.v.46,lbg,46,1916,318,False,The Tropical Agriculturist Vol - XLVi
tdl.34547-the-tropical-agriculturist-a-monthly-record-of-information-for-planter,tdl,,,,False,"இதழ் - The tropical agriculturist : a monthly record of information for planters of tea, cacao, coffee, palms, rubber, c"
tdl.34584-the-tropical-agriculturist-a-monthly-record-of-information-for-planter,tdl,,,,False,"இதழ் - The tropical agriculturist : a monthly record of information for planters of tea, cacao, coffee, palms, rubber, c"
tdl.34591-the-tropical-agriculturist-a-monthly-record-of-information-for-planter,tdl,,,,False,"இதழ் - The tropical agriculturist : a monthly record of information for planters of tea, cacao, coffee, palms, rubber, c"
tdl.36023-the-supplement-to-the-tropical-agriculturist-and-magazine-of-the-ceylo,tdl,,,,False,இதழ் - The Supplement to the Tropical Agriculturist and Magazine of the Ceylon Agricultural Society
tdl.36032-the-tropical-agriculturist-and-magazine-of-the-ceylon-agricultural-soc,tdl,,,,False,இதழ் - The Tropical Agriculturist and magazine of the Ceylon Agricultural Society
tdl.34514-the-tropical-agriculturist-a-monthly-record-of-information-for-planter,tdl,,,,False,"இதழ் - The tropical agriculturist : a monthly record of information for planters of tea, cacao, coffee, palms, rubber, c"
tdl.34616-the-tropical-agriculturist-a-monthly-record-of-information-for-planter,tdl,,,,False,"இதழ் - The tropical agriculturist : a monthly record of information for planters of tea, cacao, coffee, palms, rubber, c"
tdl.36056-the-tropical-agriculturist-a-monthly-record-of-information-for-planter,tdl,,,,False,"இதழ் - The Tropical Agriculturist : a monthly record of information for planters of tea, cacao, coffee, palms, rubber, c"
dli.ernet.229226,dli,80,1933,,False,The Tropical Agriculturist Vol-lxxx (1933)
tropical-agriculturist_january-march-1949_105_1,per-issue,105,1949,56,False,Tropical Agriculturist January-March 1949: Vol 105 Iss 1
dli.ernet.27173,dli,88,1937,,False,The Tropical Agriculturist Vol-lxxxviii (1937)
pub_tropical-agriculturist,other,,,,False,Tropical Agriculturist
dli.ernet.27206,dli,45,1915,,False,The Tropical Agriculturist Vol-xlv (1915)
dli.ernet.229228,dli,86,1936,,False,The Tropical Agriculturist Vol-lxxxvi (1936)
lbg.630.5.tag.v.46,lbg,56,1921,368,False,The Tropical Agriculturist Vol - LVI
tdl.34544-the-tropical-agriculturist-a-monthly-record-of-information-for-planter,tdl,,,,False,"இதழ் - The tropical agriculturist : a monthly record of information for planters of tea, cacao, coffee, palms, rubber, c"
tdl.34705-the-tropical-agriculturist-and-magazine-of-the-ceylon-agricultural-soc,tdl,,,,False,இதழ் - The tropical agriculturist and magazine of the Ceylon Agricultural Society
tdl.34567-the-tropical-agriculturist-a-monthly-record-of-information-for-planter,tdl,,,,False,"இதழ் - The tropical agriculturist : a monthly record of information for planters of tea, cacao, coffee, palms, rubber, c"
tdl.34581-the-tropical-agriculturist-and-magazine-of-the-ceylon-agricultural-soc,tdl,,,,False,இதழ் - The tropical agriculturist and magazine of the Ceylon Agricultural Society
tdl.34585-the-tropical-agriculturist-a-monthly-record-of-information-for-planter,tdl,,,,False,"இதழ் - The tropical agriculturist : a monthly record of information for planters of tea, cacao, coffee, palms, rubber, c"
tdl.34594-the-tropical-agriculturist-a-monthly-record-of-information-for-planter,tdl,,,,False,"இதழ் - The tropical agriculturist : a monthly record of information for planters of tea, cacao, coffee, palms, rubber, c"
tdl.34595-the-tropical-agriculturist-a-monthly-record-of-information-for-planter,tdl,,,,False,"இதழ் - The tropical agriculturist : a monthly record of information for planters of tea, cacao, coffee, palms, rubber, c"
tdl.34598-the-tropical-agriculturist-a-monthly-record-of-information-for-planter,tdl,,,,False,"இதழ் - The tropical agriculturist : a monthly record of information for planters of tea, cacao, coffee, palms, rubber, c"
tdl.34497-the-tropical-agriculturist-and-magazine-of-the-ceylon-agricultural-soc,tdl,,,,False,இதழ் - The Tropical Agriculturist and magazine of the Ceylon Agricultural Society
tdl.34510-the-tropical-agriculturist-a-monthly-record-of-information-for-planter,tdl,,,,False,"இதழ் - The tropical agriculturist : a monthly record of information for planters of tea, cacao, coffee, palms, rubber, c"
tdl.34600-the-tropical-agriculturist-a-monthly-record-of-information-for-planter,tdl,,,,False,"இதழ் - The tropical agriculturist : a monthly record of information for planters of tea, cacao, coffee, palms, rubber, c"
tdl.34611-the-tropical-agriculturist-a-monthly-record-of-information-for-planter,tdl,,,,False,"இதழ் - The tropical agriculturist : a monthly record of information for planters of tea, cacao, coffee, palms, rubber, c"
tdl.34557-the-tropical-agriculturist-a-monthly-record-of-information-for-planter,tdl,,,,False,"இதழ் - The tropical agriculturist : a monthly record of information for planters of tea, cacao, coffee, palms, rubber, c"
tdl.34742-the-tropical-agriculturist-and-magazine-of-the-ceylon-agricultural-soc,tdl,,,,False,இதழ் - The tropical agriculturist and magazine of the Ceylon Agricultural Society
lbg.630.5.tag.v.55,lbg,55,1920,456,False,The Tropical Agriculturist Vol LV
lbg.630.5.tag.v.54,lbg,54,1920,348,False,The Tropical Agriculturist Vol - LIV
tdl.34553-the-tropical-agriculturist-a-monthly-record-of-information-for-planter,tdl,,,,False,"இதழ் - The Tropical Agriculturist : a monthly record of information for planters of tea, cacao, coffee, palms, rubber, c"
tdl.34713-the-tropical-agriculturist-and-magazine-of-the-ceylon-agricultural-soc,tdl,,,,False,இதழ் - The tropical agriculturist and magazine of the Ceylon Agricultural Society
tdl.34503-the-tropical-agriculturist-a-monthly-record-of-information-for-planter,tdl,,,,False,"இதழ் - The tropical agriculturist : a monthly record of information for planters of tea, cacao, coffee, palms, rubber, c"
tdl.34603-the-tropical-agriculturist-a-monthly-record-of-information-for-planter,tdl,,,,False,"இதழ் - The tropical agriculturist : a monthly record of information for planters of tea, cacao, coffee, palms, rubber, c"
tdl.34548-the-tropical-agriculturist-a-monthly-record-of-information-for-planter,tdl,,,,False,"இதழ் - The Tropical Agriculturist : a monthly record of information for planters of tea, cacao, coffee, palms, rubber, c"
tdl.36046-the-tropical-agriculturist-a-monthly-record-of-information-for-planter,tdl,,,,False,"இதழ் - The Tropical Agriculturist : a monthly record of information for planters of tea, cacao, coffee, palms, rubber, c"
tdl.34512-the-tropical-agriculturist-a-monthly-record-of-information-for-planter,tdl,,,,False,"இதழ் - The tropical agriculturist : a monthly record of information for planters of tea, cacao, coffee, palms, rubber, c"
tdl.34586-the-tropical-agriculturist-a-monthly-record-of-information-for-planter,tdl,,,,False,"இதழ் - The tropical agriculturist : a monthly record of information for planters of tea, cacao, coffee, palms, rubber, c"
tdl.34537-the-tropical-agriculturist-and-magazine-of-the-ceylon-agricultural-soc,tdl,,,,False,இதழ் - The tropical agriculturist and magazine of the Ceylon Agricultural Society
tdl.34592-the-tropical-agriculturist-a-monthly-record-of-information-for-planter,tdl,,,,False,"இதழ் - The tropical agriculturist : a monthly record of information for planters of tea, cacao, coffee, palms, rubber, c"
tdl.34608-the-tropical-agriculturist-a-monthly-record-of-information-for-planter,tdl,,,,False,"இதழ் - The tropical agriculturist : a monthly record of information for planters of tea, cacao, coffee, palms, rubber, c"
tdl.34614-the-tropical-agriculturist-a-monthly-record-of-information-for-planter,tdl,,,,False,"இதழ் - The tropical agriculturist : a monthly record of information for planters of tea, cacao, coffee, palms, rubber, c"
lbg.630.5.tag.v.58,lbg,58,1922,436,False,The Tropical Agriculturist Vol LVIII
tdl.34741-the-tropical-agriculturist-and-magazine-of-the-ceylon-agricultural-soc,tdl,,,,False,இதழ் - The tropical agriculturist and magazine of the Ceylon Agricultural Society
tdl.36022-the-tropical-agriculturist-and-magazine-of-the-ceylon-agricultural-soc,tdl,,,,False,இதழ் - The Tropical Agriculturist and magazine of the Ceylon Agricultural Society
tdl.36025-the-supplement-to-the-tropical-agriculturist-and-magazine-of-the-ceylo,tdl,,,,False,இதழ் - The Supplement to the Tropical Agriculturist and Magazine of the Ceylon Agricultural Society
tdl.34597-the-tropical-agriculturist-a-monthly-record-of-information-for-planter,tdl,,,,False,"இதழ் - The tropical agriculturist : a monthly record of information for planters of tea, cacao, coffee, palms, rubber, c"
tdl.34620-the-tropical-agriculturist-a-monthly-record-of-information-for-planter,tdl,,,,False,"இதழ் - The tropical agriculturist : a monthly record of information for planters of tea, cacao, coffee, palms, rubber, c"
tdl.36044-the-tropical-agriculturist-a-monthly-record-of-information-for-planter,tdl,,,,False,"இதழ் - The Tropical Agriculturist : a monthly record of information for planters of tea, cacao, coffee, palms, rubber, c"
tdl.34549-the-tropical-agriculturist-a-monthly-record-of-information-for-planter,tdl,,,,False,"இதழ் - The tropical agriculturist : a monthly record of information for planters of tea, cacao, coffee, palms, rubber, c"
tdl.34721-the-tropical-agriculturist-and-magazine-of-the-ceylon-agricultural-soc,tdl,,,,False,இதழ் - The tropical agriculturist and magazine of the Ceylon Agricultural Society
tdl.34714-the-tropical-agriculturist-and-magazine-of-the-ceylon-agricultural-soc,tdl,,,,False,இதழ் - The tropical agriculturist and magazine of the Ceylon Agricultural Society
tdl.34498-the-tropical-agriculturist-and-magazine-of-the-ceylon-agricultural-soc,tdl,,,,False,இதழ் - The Tropical Agriculturist and magazine of the Ceylon Agricultural Society
tdl.36042-the-tropical-agriculturist-a-monthly-record-of-information-for-planter,tdl,,,,False,"இதழ் - The Tropical Agriculturist : a monthly record of information for planters of tea, cacao, coffee, palms, rubber, c"
tdl.34492-the-tropical-agriculturist-and-magazine-of-the-ceylon-agricultural-soc,tdl,,,,False,இதழ் - The Tropical Agriculturist and magazine of the Ceylon Agricultural Society
tdl.34590-the-tropical-agriculturist-a-monthly-record-of-information-for-planter,tdl,,,,False,"இதழ் - The tropical agriculturist : a monthly record of information for planters of tea, cacao, coffee, palms, rubber, c"
tdl.34532-the-tropical-agriculturist-and-magazine-of-the-ceylon-agricultural-soc,tdl,,,,False,இதழ் - The tropical agriculturist and magazine of the Ceylon Agricultural Society
tdl.34559-the-tropical-agriculturist-a-monthly-record-of-information-for-planter,tdl,,,,False,"இதழ் - The tropical agriculturist : a monthly record of information for planters of tea, cacao, coffee, palms, rubber, c"
tdl.34706-the-tropical-agriculturist-and-magazine-of-the-ceylon-agricultural-soc,tdl,,,,False,இதழ் - The tropical agriculturist and magazine of the Ceylon Agricultural Society
tdl.34565-the-tropical-agriculturist-a-monthly-record-of-information-for-planter,tdl,,,,False,"இதழ் - The tropical agriculturist : a monthly record of information for planters of tea, cacao, coffee, palms, rubber, c"
tdl.34524-the-tropical-agriculturist-a-monthly-record-of-information-for-planter,tdl,,,,False,"இதழ் - The Tropical Agriculturist : a monthly record of information for planters of tea, cacao, coffee, palms, rubber, c"
tdl.34526-the-tropical-agriculturist-a-monthly-record-of-information-for-planter,tdl,,,,False,"இதழ் - The tropical agriculturist : a monthly record of information for planters of tea, cacao, coffee, palms, rubber, c"
tdl.34536-the-tropical-agriculturist-and-magazine-of-the-ceylon-agricultural-soc,tdl,,,,False,இதழ் - The tropical agriculturist and magazine of the Ceylon Agricultural Society
tdl.34621-the-tropical-agriculturist-a-monthly-record-of-information-for-planter,tdl,,,,False,"இதழ் - The tropical agriculturist : a monthly record of information for planters of tea, cacao, coffee, palms, rubber, c"
tdl.34506-the-tropical-agriculturist-a-monthly-record-of-information-for-planter,tdl,,,,False,"இதழ் - The tropical agriculturist : a monthly record of information for planters of tea, cacao, coffee, palms, rubber, c"
tdl.36047-the-tropical-agriculturist-a-monthly-record-of-information-for-planter,tdl,,,,False,"இதழ் - The Tropical Agriculturist : a monthly record of information for planters of tea, cacao, coffee, palms, rubber, c"
tdl.36051-the-tropical-agriculturist-a-monthly-record-of-information-for-planter,tdl,,,,False,"இதழ் - The Tropical Agriculturist : a monthly record of information for planters of tea, cacao, coffee, palms, rubber, c"
tdl.34612-the-tropical-agriculturist-a-monthly-record-of-information-for-planter,tdl,,,,False,"இதழ் - The tropical agriculturist : a monthly record of information for planters of tea, cacao, coffee, palms, rubber, c"
dli.ernet.229220,dli,70,1928,,False,The Tropical Agriculturist Vol-lxx (1928)
tropicalagricult18821883colo,cornell,,1882,1036,False,The tropical agriculturist
dli.ernet.27117,dli,74,1930,,False,The Tropical Agriculturist Vol-lxxiv (1930)
dli.ernet.229219,dli,58,1922,,False,The Tropical Agriculturist Vol-lviii (1922)
in.ernet.dli.2015.27128,dli,76,1931,,False,The Tropical Agriculturist Vol-lxxvi (1931)
in.ernet.dli.2015.25871,dli,82,1939,,False,Tropical Agriculturist Vol-lxxxii (1939)
tdl.34551-the-tropical-agriculturist-a-monthly-record-of-information-for-planter,tdl,,,,False,"இதழ் - The tropical agriculturist : a monthly record of information for planters of tea, cacao, coffee, palms, rubber, c"
tdl.34560-the-tropical-agriculturist-a-monthly-record-of-information-for-planter,tdl,,,,False,"இதழ் - The tropical agriculturist : a monthly record of information for planters of tea, cacao, coffee, palms, rubber, c"
tdl.34564-the-tropical-agriculturist-a-monthly-record-of-information-for-planter,tdl,,,,False,"இதழ் - The tropical agriculturist : a monthly record of information for planters of tea, cacao, coffee, palms, rubber, c"
tdl.34709-the-tropical-agriculturist-and-magazine-of-the-ceylon-agricultural-soc,tdl,,,,False,இதழ் - The tropical agriculturist and magazine of the Ceylon Agricultural Society
tdl.34716-the-tropical-agriculturist-and-magazine-of-the-ceylon-agricultural-soc,tdl,,,,False,இதழ் - The tropical agriculturist and magazine of the Ceylon Agricultural Society
tdl.36053-the-tropical-agriculturist-a-monthly-record-of-information-for-planter,tdl,,,,False,"இதழ் - The Tropical Agriculturist : a monthly record of information for planters of tea, cacao, coffee, palms, rubber, c"
tdl.36055-the-tropical-agriculturist-a-monthly-record-of-information-for-planter,tdl,,,,False,"இதழ் - The Tropical Agriculturist : a monthly record of information for planters of tea, cacao, coffee, palms, rubber, c"
tdl.34604-the-tropical-agriculturist-a-monthly-record-of-information-for-planter,tdl,,,,False,"இதழ் - The tropical agriculturist : a monthly record of information for planters of tea, cacao, coffee, palms, rubber, c"
tdl.34622-the-tropical-agriculturist-a-monthly-record-of-information-for-planter,tdl,,,,False,"இதழ் - The tropical agriculturist : a monthly record of information for planters of tea, cacao, coffee, palms, rubber, c"
tropicalagricult18851886colo,cornell,,1882,908,False,The tropical agriculturist
tropicalagricul351910ceyl,cornell,35,1905,634,False,The Tropical agriculturist and magazine of the Ceylon Agricultural Society
tropical-agriculturist_1932-06_78,per-issue,78,1932,74,False,Tropical Agriculturist 1932-06: Vol 78
tropical-agriculturist_1933-08_81_2,per-issue,81,1933,64,False,Tropical Agriculturist 1933-08: Vol 81 Iss 2
tropical-agriculturist_1935-09_85,per-issue,85,1935,70,False,Tropical Agriculturist 1935-09: Vol 85
tropical-agriculturist_1935-10_85,per-issue,85,1935,72,False,Tropical Agriculturist 1935-10: Vol 85
tropicalagricul00portgoog,cornell,,1833,451,False,The tropical agriculturist: a practical treatise
tropicalagricul341910ceyl,cornell,34,1905,614,False,The Tropical agriculturist and magazine of the Ceylon Agricultural Society
tropical-agriculturist_1935-11_85,per-issue,85,1935,70,False,Tropical Agriculturist 1935-11: Vol 85
tropical-agriculturist_1936-07_87,per-issue,87,1936,72,False,Tropical Agriculturist 1936-07: Vol 87
tropical-agriculturist_1937-03,per-issue,,1937,70,False,Tropical Agriculturist 1937-03
tropical-agriculturist_1937-12_89,per-issue,89,1937,98,False,Tropical Agriculturist 1937-12: Vol 89
tropical-agriculturist_1938-08_91,per-issue,91,1938,76,False,Tropical Agriculturist 1938-08: Vol 91
tropical-agriculturist_1913-03_40_3,per-issue,40,1913,66,False,Tropical Agriculturist 1913-03: Vol 40 Iss 3
tropical-agriculturist_1915-11_45_5,per-issue,45,1915,80,False,Tropical Agriculturist 1915-11: Vol 45 Iss 5
tropical-agriculturist_1919-05_52_5,per-issue,52,1919,66,False,Tropical Agriculturist 1919-05: Vol 52 Iss 5
tropical-agriculturist_1919-07_53_1,per-issue,53,1919,68,False,Tropical Agriculturist 1919-07: Vol 53 Iss 1
tropical-agriculturist_1924-07_63_1,per-issue,63,1924,66,False,Tropical Agriculturist 1924-07: Vol 63 Iss 1
tropical-agriculturist_1927-06_68,per-issue,68,1927,66,False,Tropical Agriculturist 1927-06: Vol 68
tropical-agriculturist_1930-10_75,per-issue,75,1930,68,False,Tropical Agriculturist 1930-10: Vol 75
tropical-agriculturist_july-december-1927_69_index,per-issue,69,1927,10,True,Tropical Agriculturist July-December 1927: Vol 69 Index
tropical-agriculturist_july-december-1930_75_index,per-issue,75,1930,10,True,Tropical Agriculturist July-December 1930: Vol 75 Index
tropical-agriculturist_july-december-1935_85_index,per-issue,85,1935,12,True,Tropical Agriculturist July-December 1935: Vol 85 Index
tropical-agriculturist_july-december-1941_97_index,per-issue,97,1941,10,True,Tropical Agriculturist July-December 1941: Vol 97 Index
tropical-agriculturist_1941-03_96_3,per-issue,96,1941,80,False,Tropical Agriculturist 1941-03: Vol 96 Iss 3
tropical-agriculturist_1941-09_97_3,per-issue,97,1941,88,False,Tropical Agriculturist 1941-09: Vol 97 Iss 3
tropical-agriculturist_october-december-1942_98_4,per-issue,98,1942,92,False,Tropical Agriculturist October-December 1942: Vol 98 Iss 4
tropical-agriculturist_1913-07_41_1,per-issue,41,1913,92,False,Tropical Agriculturist 1913-07: Vol 41 Iss 1
tropical-agriculturist_1914-05_42_5,per-issue,42,1914,94,False,Tropical Agriculturist 1914-05: Vol 42 Iss 5
tropical-agriculturist_1915-03_44_3,per-issue,44,1915,80,False,Tropical Agriculturist 1915-03: Vol 44 Iss 3
tropical-agriculturist_1915-07_45_1,per-issue,45,1915,80,False,Tropical Agriculturist 1915-07: Vol 45 Iss 1
tropical-agriculturist_1919_52_index,per-issue,52,1919,10,True,Tropical Agriculturist 1919: Vol 52 Index
tropical-agriculturist_1921-03_56_3,per-issue,56,1921,68,False,Tropical Agriculturist 1921-03: Vol 56 Iss 3
tropical-agriculturist_1924-08_63_2,per-issue,63,1924,74,False,Tropical Agriculturist 1924-08: Vol 63 Iss 2
tropical-agriculturist_1935-12_85,per-issue,85,1935,80,False,Tropical Agriculturist 1935-12: Vol 85
tropical-agriculturist_1938-04_90_4,per-issue,90,1938,82,False,Tropical Agriculturist 1938-04: Vol 90 Iss 4
tropical-agriculturist_1940-01_94_1,per-issue,94,1940,72,False,Tropical Agriculturist 1940-01: Vol 94 Iss 1
tropical-agriculturist_1926-10_67_4,per-issue,67,1926,66,False,Tropical Agriculturist 1926-10: Vol 67 Iss 4
tropical-agriculturist_1927-11_69,per-issue,69,1927,68,False,Tropical Agriculturist 1927-11: Vol 69
tropical-agriculturist_1928-07_71,per-issue,71,1928,68,False,Tropical Agriculturist 1928-07: Vol 71
tropical-agriculturist_1928-12_71,per-issue,71,1928,76,False,Tropical Agriculturist 1928-12: Vol 71
tropical-agriculturist_1930-02_74_2,per-issue,74,1930,76,False,Tropical Agriculturist 1930-02: Vol 74 Iss 2
tropical-agriculturist_january-june-1931_76_index,per-issue,76,1931,10,True,Tropical Agriculturist January-June 1931: Vol 76 Index
tropical-agriculturist_july-december-1937_89_index,per-issue,89,1937,12,True,Tropical Agriculturist July-December 1937: Vol 89 Index
tropical-agriculturist_1941-01_96_1,per-issue,96,1941,88,False,Tropical Agriculturist 1941-01: Vol 96 Iss 1
tropical-agriculturist_1932-07_79_1,per-issue,79,1932,80,False,Tropical Agriculturist 1932-07: Vol 79 Iss 1
tropical-agriculturist_1933-01_80_1,per-issue,80,1933,74,False,Tropical Agriculturist 1933-01: Vol 80 Iss 1
tropical-agriculturist_1933-05_80_5,per-issue,80,1933,80,False,Tropical Agriculturist 1933-05: Vol 80 Iss 5
tropical-agriculturist_1934-02_82_2,per-issue,82,1934,70,False,Tropical Agriculturist 1934-02: Vol 82 Iss 2
tropicalagricul281907ceyl,cornell,28,1905,456,False,The Tropical agriculturist and magazine of the Ceylon Agricultural Society
tropicalagricult1218ceyl,cornell,12,1893,1350,False,Tropical agriculturist and magazine of the Ceylon Agricultural Society
