identifier,family,volume,issue,year,is_index,pages,pdf_name,pdf_mb,title,volume_inferred,reason,held_locally
tropicalagricult1188ceyl,cornell,1,,1881,0,1120,tropicalagricult1188ceyl.pdf,155.3,Tropical agriculturist and magazine of the Ceylon Agricultural Society,0,volume scan (cornell),1
tropicalagricult18821883colo,cornell,2,,1882,0,1036,tropicalagricult18821883colo.pdf,119.6,The tropical agriculturist,0,volume scan (cornell),0
tropicalagricult18831884colo,cornell,3,,1882,0,962,tropicalagricult18831884colo.pdf,105.1,The tropical agriculturist,0,volume scan (cornell),1
tropicalagricult18841885colo,cornell,4,,1882,0,978,tropicalagricult18841885colo.pdf,112.6,The tropical agriculturist,0,volume scan (cornell),1
tropicalagricult18851886colo,cornell,5,,1882,0,908,tropicalagricult18851886colo.pdf,100.8,The tropical agriculturist,0,volume scan (cornell),1
tropicalagricult18861887colo,cornell,6,,1882,0,882,tropicalagricult18861887colo.pdf,140.3,The tropical agriculturist,0,volume scan (cornell),1
tropicalagricult7188ceyl,cornell,7,,1887,0,1008,tropicalagricult7188ceyl.pdf,143.5,Tropical agriculturist and magazine of the Ceylon Agricultural Society,0,volume scan (cornell),1
tropicalagricult8188ceyl,cornell,8,,1888,0,1164,tropicalagricult8188ceyl.pdf,153.7,Tropical agriculturist and magazine of the Ceylon Agricultural Society,0,volume scan (cornell),1
tropicalagricult9188ceyl,cornell,9,,1889,0,1022,tropicalagricult9188ceyl.pdf,147.4,Tropical agriculturist and magazine of the Ceylon Agricultural Society,0,volume scan (cornell),1
tropicalagricult1018ceyl,cornell,10,,1890,0,1072,tropicalagricult1018ceyl.pdf,155.3,Tropical agriculturist and magazine of the Ceylon Agricultural Society,0,volume scan (cornell),1
tropicalagricult1118ceyl,cornell,11,,1891,0,1234,tropicalagricult1118ceyl.pdf,171.2,Tropical agriculturist and magazine of the Ceylon Agricultural Society,0,volume scan (cornell),1
tropicalagricul00ceyl,cornell,11,,1891,0,992,tropicalagricul00ceyl.pdf,108.4,Tropical agriculturist,0,volume scan (cornell),1
tropicalagricult1218ceyl,cornell,12,,1892,0,1350,tropicalagricult1218ceyl.pdf,134.9,Tropical agriculturist and magazine of the Ceylon Agricultural Society,0,volume scan (cornell),1
tropicalagricult1318ceyl,cornell,13,,1893,0,1086,tropicalagricult1318ceyl.pdf,137.2,Tropical agriculturist and magazine of the Ceylon Agricultural Society,0,volume scan (cornell),1
tropicalagricult1418ceyl,cornell,14,,1894,0,1094,tropicalagricult1418ceyl.pdf,144.2,Tropical agriculturist and magazine of the Ceylon Agricultural Society,0,volume scan (cornell),0
tropicalagricult1518ceyl,cornell,15,,1895,0,1118,tropicalagricult1518ceyl.pdf,121.6,Tropical agriculturist and magazine of the Ceylon Agricultural Society,0,volume scan (cornell),1
tropicalagricult1618ceyl,cornell,16,,1896,0,1136,tropicalagricult1618ceyl.pdf,117.9,Tropical agriculturist and magazine of the Ceylon Agricultural Society,0,volume scan (cornell),1
tropicalagricult1718ceyl,cornell,17,,1897,0,1164,tropicalagricult1718ceyl.pdf,118.3,Tropical agriculturist and magazine of the Ceylon Agricultural Society,0,volume scan (cornell),1
tropicalagricult1818ceyl,cornell,18,,1898,0,1210,tropicalagricult1818ceyl.pdf,153.2,Tropical agriculturist and magazine of the Ceylon Agricultural Society,0,volume scan (cornell),1
tropicalagricult1918ceyl,cornell,19,,1899,0,1207,tropicalagricult1918ceyl.pdf,165.4,Tropical agriculturist and magazine of the Ceylon Agricultural Society,0,volume scan (cornell),1
tropicalagricult2019ceyl,cornell,20,,1900,0,1228,tropicalagricult2019ceyl.pdf,161.0,Tropical agriculturist and magazine of the Ceylon Agricultural Society,0,volume scan (cornell),1
tropicalagricult2119ceyl,cornell,21,,1901,0,1224,tropicalagricult2119ceyl.pdf,160.1,Tropical agriculturist and magazine of the Ceylon Agricultural Society,0,volume scan (cornell),1
tropicalagricult2219ceyl,cornell,22,,1902,0,1286,tropicalagricult2219ceyl.pdf,160.2,Tropical agriculturist and magazine of the Ceylon Agricultural Society,0,volume scan (cornell),1
tropicalagricult2319ceyl,cornell,23,,1903,0,1420,tropicalagricult2319ceyl.pdf,170.8,Tropical agriculturist and magazine of the Ceylon Agricultural Society,0,volume scan (cornell),1
tropicalagricul261906ceyl,cornell,26,,1905,0,594,tropicalagricul261906ceyl.pdf,54.9,The Tropical agriculturist and magazine of the Ceylon Agricultural Society,0,volume scan (cornell),1
tropicalagricul271906ceyl,cornell,27,,1905,0,580,tropicalagricul271906ceyl.pdf,56.1,The Tropical agriculturist and magazine of the Ceylon Agricultural Society,0,volume scan (cornell),1
tropicalagricul281907ceyl,cornell,28,,1905,0,456,tropicalagricul281907ceyl.pdf,44.1,The Tropical agriculturist and magazine of the Ceylon Agricultural Society,0,volume scan (cornell),1
tropicalagricul301908ceyl,cornell,30,,1905,0,662,tropicalagricul301908ceyl.pdf,79.8,The Tropical agriculturist and magazine of the Ceylon Agricultural Society,0,volume scan (cornell),1
tropicalagricul311908ceyl,cornell,31,,1905,0,670,tropicalagricul311908ceyl.pdf,79.5,The Tropical agriculturist and magazine of the Ceylon Agricultural Society,0,volume scan (cornell),1
tropicalagricul321909ceyl,cornell,32,,1905,0,654,tropicalagricul321909ceyl.pdf,79.5,The Tropical agriculturist and magazine of the Ceylon Agricultural Society,0,volume scan (cornell),1
tropicalagricul331909ceyl,cornell,33,,1905,0,622,tropicalagricul331909ceyl.pdf,76.6,The Tropical agriculturist and magazine of the Ceylon Agricultural Society,0,volume scan (cornell),1
tropicalagricul341910ceyl,cornell,34,,1905,0,614,tropicalagricul341910ceyl.pdf,76.8,The Tropical agriculturist and magazine of the Ceylon Agricultural Society,0,volume scan (cornell),1
tropicalagricul351910ceyl,cornell,35,,1905,0,634,tropicalagricul351910ceyl.pdf,75.6,The Tropical agriculturist and magazine of the Ceylon Agricultural Society,0,volume scan (cornell),1
tropicalagricul371911ceyl,cornell,37,,1905,0,620,tropicalagricul371911ceyl.pdf,76.1,The Tropical agriculturist and magazine of the Ceylon Agricultural Society,0,volume scan (cornell),1
tropicalagricul381912ceyl,cornell,38,,1905,0,620,tropicalagricul381912ceyl.pdf,71.2,The Tropical agriculturist and magazine of the Ceylon Agricultural Society,0,volume scan (cornell),1
tropicalagricul391912ceyl,cornell,39,,1905,0,568,tropicalagricul391912ceyl.pdf,54.2,The Tropical agriculturist and magazine of the Ceylon Agricultural Society,0,volume scan (cornell),1
lbg.630.5.tag.v.40,lbg,40,,1913,0,496,lbg.630.5.tag.v.40.pdf,49.6,The Tropical Agriculturist Vol - XXXIX,0,volume scan (lbg),1
lbg.vol.xli.tropicalagricult0000dewi_t3r5,lbg,41,,1913,0,568,lbg.vol.xli.tropicalagricult0000dewi_t3r5.pdf,45.0,The Tropical Agriculturist  Vol  XLI,0,volume scan (lbg),1
lbg.630.5.tag.v.42,lbg,42,,1914,0,554,lbg.630.5.tag.v.42.pdf,55.2,The Tropical Agriculturist Vol - XLII,0,volume scan (lbg),1
lbg.tropicalagricultvol.xliii0000unse_c5y3,lbg,43,,1914,0,502,lbg.tropicalagricultvol.xliii0000unse_c5y3.pdf,50.7,"The Tropical Agriculturist : Vol-XLIII, No.1",0,volume scan (lbg),1
lbg.tropicalagricultvol.xliv0000unse_e6v7,lbg,44,,1915,0,462,lbg.tropicalagricultvol.xliv0000unse_e6v7.pdf,45.3,The Tropical Agriculturist Journal Of The Ceylon Agricultural Society Vol-XLIV,0,volume scan (lbg),1
lbg.630.5.tag.v.45,lbg,45,,1915,0,488,lbg.630.5.tag.v.45.pdf,46.7,The Topical Agriculturist Vol - XLV,0,volume scan (lbg),0
lbg.630.5.tag.v.46,lbg,46,,1921,0,368,lbg.630.5.tag.v.46.pdf,33.0,The Tropical Agriculturist Vol - LVI,0,volume scan (lbg),0
lbg.630.05.tag.v.46,lbg,46,,1916,0,318,lbg.630.05.tag.v.46.pdf,32.7,The Tropical Agriculturist Vol - XLVi,0,volume scan (lbg),1
lbg.630.5.tag.v.47,lbg,47,,1921,0,446,lbg.630.5.tag.v.47.pdf,40.6,The Tropical Agriculturist Vol LVII,0,volume scan (lbg),0
tropical-agriculturist_1917-01_48_1,per-issue,48,1,1917,0,76,tropical-agriculturist_1917-01_48_1.pdf,6.1,Tropical Agriculturist  1917-01: Vol 48 Iss 1 ,0,no volume scan; per-issue issue,0
tropical-agriculturist_1917-02_48_2,per-issue,48,2,1917,0,78,tropical-agriculturist_1917-02_48_2.pdf,6.7,Tropical Agriculturist  1917-02: Vol 48 Iss 2 ,0,no volume scan; per-issue issue,0
tropical-agriculturist_1917-03_48_3,per-issue,48,3,1917,0,68,tropical-agriculturist_1917-03_48_3.pdf,5.8,Tropical Agriculturist  1917-03: Vol 48 Iss 3 ,0,no volume scan; per-issue issue,0
tropical-agriculturist_1917-04_48_4,per-issue,48,4,1917,0,68,tropical-agriculturist_1917-04_48_4.pdf,5.7,Tropical Agriculturist  1917-04: Vol 48 Iss 4 ,0,no volume scan; per-issue issue,0
tropical-agriculturist_1917-05_48_5,per-issue,48,5,1917,0,68,tropical-agriculturist_1917-05_48_5.pdf,6.0,Tropical Agriculturist  1917-05: Vol 48 Iss 5 ,0,no volume scan; per-issue issue,0
tropical-agriculturist_1917-06_48_6,per-issue,48,6,1917,0,78,tropical-agriculturist_1917-06_48_6.pdf,6.8,Tropical Agriculturist  1917-06: Vol 48 Iss 6 ,0,no volume scan; per-issue issue,0
tropical-agriculturist_1917-07_49_1,per-issue,49,1,1917,0,64,tropical-agriculturist_1917-07_49_1.pdf,5.8,Tropical Agriculturist  1917-07: Vol 49 Iss 1 ,0,no volume scan; per-issue issue,0
tropical-agriculturist_1917-08_49_2,per-issue,49,2,1917,0,70,tropical-agriculturist_1917-08_49_2.pdf,5.8,Tropical Agriculturist  1917-08: Vol 49 Iss 2 ,0,no volume scan; per-issue issue,0
tropical-agriculturist_1917-09_49_3,per-issue,49,3,1917,0,68,tropical-agriculturist_1917-09_49_3.pdf,6.2,Tropical Agriculturist  1917-09: Vol 49 Iss 3 ,0,no volume scan; per-issue issue,0
tropical-agriculturist_1917-10_49_4,per-issue,49,4,1917,0,68,tropical-agriculturist_1917-10_49_4.pdf,5.8,Tropical Agriculturist  1917-10: Vol 49 Iss 4 ,0,no volume scan; per-issue issue,0
tropical-agriculturist_1917-11_49_5,per-issue,49,5,1917,0,74,tropical-agriculturist_1917-11_49_5.pdf,6.4,Tropical Agriculturist  1917-11: Vol 49 Iss 5 ,0,no volume scan; per-issue issue,0
tropical-agriculturist_1917-12_49_6,per-issue,49,6,1917,0,80,tropical-agriculturist_1917-12_49_6.pdf,6.6,Tropical Agriculturist  1917-12: Vol 49 Iss 6 ,0,no volume scan; per-issue issue,0
dli.ernet.21168,dli,50,,1918,0,,21168-The Tropical Agriculturist Vol-l(1918)_text.pdf,49.6,The Tropical Agriculturist Vol-l(1918),0,volume scan (dli),0
tropical-agriculturist_1918-07_51_1,per-issue,51,1,1918,0,76,tropical-agriculturist_1918-07_51_1.pdf,5.9,Tropical Agriculturist  1918-07: Vol 51 Iss 1 ,0,no volume scan; per-issue issue,0
tropical-agriculturist_1918-08_51_2,per-issue,51,2,1918,0,64,tropical-agriculturist_1918-08_51_2.pdf,5.5,Tropical Agriculturist  1918-08: Vol 51 Iss 2 ,0,no volume scan; per-issue issue,0
tropical-agriculturist_1918-09_51_3,per-issue,51,3,1918,0,68,tropical-agriculturist_1918-09_51_3.pdf,5.8,Tropical Agriculturist  1918-09: Vol 51 Iss 3 ,0,no volume scan; per-issue issue,0
tropical-agriculturist_1918-10_51_4,per-issue,51,4,1918,0,84,tropical-agriculturist_1918-10_51_4.pdf,7.1,Tropical Agriculturist  1918-10: Vol 51 Iss 4 ,0,no volume scan; per-issue issue,0
tropical-agriculturist_1918-11_51_5,per-issue,51,5,1918,0,62,tropical-agriculturist_1918-11_51_5.pdf,6.0,Tropical Agriculturist  1918-11: Vol 51 Iss 5 ,0,no volume scan; per-issue issue,0
tropical-agriculturist_1918-12_51_6,per-issue,51,6,1918,0,72,tropical-agriculturist_1918-12_51_6.pdf,7.0,Tropical Agriculturist  1918-12: Vol 51 Iss 6 ,0,no volume scan; per-issue issue,0
tropical-agriculturist_1919-01_52_1,per-issue,52,1,1919,0,68,tropical-agriculturist_1919-01_52_1.pdf,5.3,Tropical Agriculturist  1919-01: Vol 52 Iss 1 ,0,no volume scan; per-issue issue,0
tropical-agriculturist_1919-02_52_2,per-issue,52,2,1919,0,58,tropical-agriculturist_1919-02_52_2.pdf,4.2,Tropical Agriculturist  1919-02: Vol 52 Iss 2 ,0,no volume scan; per-issue issue,0
tropical-agriculturist_1919-03_52_3,per-issue,52,3,1919,0,66,tropical-agriculturist_1919-03_52_3.pdf,4.9,Tropical Agriculturist  1919-03: Vol 52 Iss 3 ,0,no volume scan; per-issue issue,0
tropical-agriculturist_1919-04_52_4,per-issue,52,4,1919,0,60,tropical-agriculturist_1919-04_52_4.pdf,4.2,Tropical Agriculturist  1919-04: Vol 52 Iss 4 ,0,no volume scan; per-issue issue,0
tropical-agriculturist_1919-05_52_5,per-issue,52,5,1919,0,66,tropical-agriculturist_1919-05_52_5.pdf,4.6,Tropical Agriculturist  1919-05: Vol 52 Iss 5 ,0,no volume scan; per-issue issue,0
tropical-agriculturist_1919-06_52_6,per-issue,52,6,1919,0,66,tropical-agriculturist_1919-06_52_6.pdf,5.0,Tropical Agriculturist  1919-06: Vol 52 Iss 6 ,0,no volume scan; per-issue issue,0
tropical-agriculturist_1919-07_53_1,per-issue,53,1,1919,0,68,tropical-agriculturist_1919-07_53_1.pdf,6.1,Tropical Agriculturist  1919-07: Vol 53 Iss 1 ,0,no volume scan; per-issue issue,0
tropical-agriculturist_1919-08_53_2,per-issue,53,2,1919,0,96,tropical-agriculturist_1919-08_53_2.pdf,7.8,Tropical Agriculturist  1919-08: Vol 53 Iss 2 ,0,no volume scan; per-issue issue,0
tropical-agriculturist_1919-09_53_3,per-issue,53,3,1919,0,84,tropical-agriculturist_1919-09_53_3.pdf,7.1,Tropical Agriculturist  1919-09: Vol 53 Iss 3 ,0,no volume scan; per-issue issue,0
tropical-agriculturist_1919-10_53_4,per-issue,53,4,1919,0,74,tropical-agriculturist_1919-10_53_4.pdf,6.4,Tropical Agriculturist  1919-10: Vol 53 Iss 4 ,0,no volume scan; per-issue issue,0
tropical-agriculturist_1919-11_53_5,per-issue,53,5,1919,0,68,tropical-agriculturist_1919-11_53_5.pdf,5.7,Tropical Agriculturist  1919-11: Vol 53 Iss 5 ,0,no volume scan; per-issue issue,0
tropical-agriculturist_1919-12_53_6,per-issue,53,6,1919,0,70,tropical-agriculturist_1919-12_53_6.pdf,6.0,Tropical Agriculturist  1919-12: Vol 53 Iss 6 ,0,no volume scan; per-issue issue,0
lbg.630.5.tag.v.54,lbg,54,,1920,0,348,lbg.630.5.tag.v.54.pdf,34.3,The Tropical Agriculturist Vol - LIV,0,volume scan (lbg),1
lbg.630.5.tag.v.55,lbg,55,,1920,0,456,lbg.630.5.tag.v.55.pdf,42.9,The Tropical Agriculturist Vol LV,0,volume scan (lbg),1
tropical-agriculturist_1921-01_56_1,per-issue,56,1,1921,0,66,tropical-agriculturist_1921-01_56_1.pdf,5.5,Tropical Agriculturist  1921-01: Vol 56 Iss 1 ,0,no volume scan; per-issue issue,0
tropical-agriculturist_1921-02_56_2,per-issue,56,2,1921,0,80,tropical-agriculturist_1921-02_56_2.pdf,6.8,Tropical Agriculturist  1921-02: Vol 56 Iss 2 ,0,no volume scan; per-issue issue,0
tropical-agriculturist_1921-03_56_3,per-issue,56,3,1921,0,68,tropical-agriculturist_1921-03_56_3.pdf,5.4,Tropical Agriculturist  1921-03: Vol 56 Iss 3 ,0,no volume scan; per-issue issue,0
tropical-agriculturist_1921-04_56_4,per-issue,56,4,1921,0,72,tropical-agriculturist_1921-04_56_4.pdf,5.9,Tropical Agriculturist  1921-04: Vol 56 Iss 4 ,0,no volume scan; per-issue issue,0
tropical-agriculturist_1921-05_56_5,per-issue,56,5,1921,0,66,tropical-agriculturist_1921-05_56_5.pdf,5.6,Tropical Agriculturist  1921-05: Vol 56 Iss 5 ,0,no volume scan; per-issue issue,0
tropical-agriculturist_1921-06_56_6,per-issue,56,6,1921,0,74,tropical-agriculturist_1921-06_56_6.pdf,6.0,Tropical Agriculturist  1921-06: Vol 56 Iss 6 ,0,no volume scan; per-issue issue,0
in.ernet.dli.2015.230764,dli,57,,1921,0,,2015.230764.The-Tropical_text.pdf,42.1,The Tropical Agriculturist Vol-lvii (1921),0,volume scan (dli),0
in.ernet.dli.2015.25619,dli,57,,1921,0,,2015.25619.The-Tropical-Agriculturist-Vol-lvii-1921_text.pdf,42.1,The Tropical Agriculturist Vol-lvii (1921),0,volume scan (dli),0
dli.ernet.229219,dli,58,,1922,0,,229219-The Tropical Agriculturist Vol-lviii (1922)_text.pdf,86.2,The Tropical Agriculturist Vol-lviii (1922),0,volume scan (dli),0
dli.ernet.27073,dli,58,,1922,0,,27073-The Tropical Agriculturist Vol-lviii (1922)_text.pdf,86.2,The Tropical Agriculturist Vol-lviii (1922),0,volume scan (dli),0
tropicalagricult0059unse,unse,59,,1922,0,432,tropicalagricult0059unse.pdf,28.9,Tropical Agriculturist 1922: Vol 59 Iss 1-6,0,volume scan (unse),0
lbg.tropicalagricultvol-lx.1923.0000unse_n0c4,lbg,60,,1923,0,444,lbg.tropicalagricultvol-lx.1923.0000unse_n0c4.pdf,43.6,The Tropical Agriculturist Vol - LX,0,volume scan (lbg),0
tropicalagricult0061unse,unse,61,,1923,0,412,tropicalagricult0061unse.pdf,26.9,Tropical Agriculturist 1923: Vol 61 Iss 1-6,0,volume scan (unse),0
lbg.630.5.tag.v.62,lbg,62,,1924,0,364,lbg.630.5.tag.v.62.pdf,33.3,The Tropical Agriculturist Vol - LXII,0,volume scan (lbg),0
lbg.630.5.tag.v.63,lbg,63,,1924,0,344,lbg.630.5.tag.v.63.pdf,30.7,The Tropical Agriculturist Vol LXIII,0,volume scan (lbg),0
lbg.630.5.tag.v.64,lbg,64,,1925,0,344,lbg.630.5.tag.v.64.pdf,33.9,The Tropical Agriculturist Vol-LXIV,0,volume scan (lbg),0
tropical-agriculturist_1925-07_65_1,per-issue,65,1,1925,0,72,tropical-agriculturist_1925-07_65_1.pdf,6.0,Tropical Agriculturist  1925-07: Vol 65 Iss 1 ,0,no volume scan; per-issue issue,0
tropical-agriculturist_1925-08_65_2,per-issue,65,2,1925,0,68,tropical-agriculturist_1925-08_65_2.pdf,5.3,Tropical Agriculturist  1925-08: Vol 65 Iss 2 ,0,no volume scan; per-issue issue,0
tropical-agriculturist_1925-09_65_3,per-issue,65,3,1925,0,76,tropical-agriculturist_1925-09_65_3.pdf,5.6,Tropical Agriculturist  1925-09: Vol 65 Iss 3 ,0,no volume scan; per-issue issue,0
tropical-agriculturist_1925-10_65_4,per-issue,65,4,1925,0,70,tropical-agriculturist_1925-10_65_4.pdf,5.8,Tropical Agriculturist  1925-10: Vol 65 Iss 4 ,0,no volume scan; per-issue issue,0
tropical-agriculturist_1925-11_65_5,per-issue,65,5,1925,0,66,tropical-agriculturist_1925-11_65_5.pdf,5.8,Tropical Agriculturist  1925-11: Vol 65 Iss 5 ,0,no volume scan; per-issue issue,0
tropical-agriculturist_1925-12_65_6,per-issue,65,6,1925,0,72,tropical-agriculturist_1925-12_65_6.pdf,5.5,Tropical Agriculturist  1925-12: Vol 65 Iss 6 ,0,no volume scan; per-issue issue,0
tropical-agriculturist_april-may-1926_66_4-5,per-issue,66,,1926,0,130,tropical-agriculturist_april-may-1926_66_4-5.pdf,10.1,Tropical Agriculturist  April-May 1926: Vol 66 4-5 ,0,no volume scan; per-issue issue,0
tropical-agriculturist_1926-01_66_1,per-issue,66,1,1926,0,68,tropical-agriculturist_1926-01_66_1.pdf,5.5,Tropical Agriculturist  1926-01: Vol 66 Iss 1 ,0,no volume scan; per-issue issue,0
tropical-agriculturist_1926-02_66_2,per-issue,66,2,1926,0,78,tropical-agriculturist_1926-02_66_2.pdf,6.8,Tropical Agriculturist  1926-02: Vol 66 Iss 2 ,0,no volume scan; per-issue issue,0
tropical-agriculturist_1926-03_66_3,per-issue,66,3,1926,0,68,tropical-agriculturist_1926-03_66_3.pdf,5.5,Tropical Agriculturist  1926-03: Vol 66 Iss 3 ,0,no volume scan; per-issue issue,0
tropical-agriculturist_1926-06_66_6,per-issue,66,6,1926,0,68,tropical-agriculturist_1926-06_66_6.pdf,5.5,Tropical Agriculturist  1926-06: Vol 66 Iss 6 ,0,no volume scan; per-issue issue,0
tropical-agriculturist_1926-07_67_1,per-issue,67,1,1926,0,68,tropical-agriculturist_1926-07_67_1.pdf,5.6,Tropical Agriculturist  1926-07: Vol 67 Iss 1 ,0,no volume scan; per-issue issue,0
tropical-agriculturist_1926-08_67_2,per-issue,67,2,1926,0,70,tropical-agriculturist_1926-08_67_2.pdf,5.8,Tropical Agriculturist  1926-08: Vol 67 Iss 2 ,0,no volume scan; per-issue issue,0
tropical-agriculturist_1926-09_67_3,per-issue,67,3,1926,0,66,tropical-agriculturist_1926-09_67_3.pdf,5.7,Tropical Agriculturist  1926-09: Vol 67 Iss 3 ,0,no volume scan; per-issue issue,0
tropical-agriculturist_1926-10_67_4,per-issue,67,4,1926,0,66,tropical-agriculturist_1926-10_67_4.pdf,5.5,Tropical Agriculturist  1926-10: Vol 67 Iss 4 ,0,no volume scan; per-issue issue,0
tropical-agriculturist_1926-11_67_5,per-issue,67,5,1926,0,76,tropical-agriculturist_1926-11_67_5.pdf,6.4,Tropical Agriculturist  1926-11: Vol 67 Iss 5 ,0,no volume scan; per-issue issue,0
tropical-agriculturist_1926-12_67_6,per-issue,67,6,1926,0,72,tropical-agriculturist_1926-12_67_6.pdf,6.2,Tropical Agriculturist  1926-12: Vol 67 Iss 6 ,0,no volume scan; per-issue issue,0
tropical-agriculturist_1927-01_68,per-issue,68,,1927,0,72,tropical-agriculturist_1927-01_68.pdf,5.1,Tropical Agriculturist  1927-01: Vol 68 ,0,no volume scan; per-issue issue,0
tropical-agriculturist_1927-02_68,per-issue,68,,1927,0,72,tropical-agriculturist_1927-02_68.pdf,5.1,Tropical Agriculturist  1927-02: Vol 68 ,0,no volume scan; per-issue issue,0
tropical-agriculturist_1927-03_68,per-issue,68,,1927,0,66,tropical-agriculturist_1927-03_68.pdf,5.1,Tropical Agriculturist  1927-03: Vol 68 ,0,no volume scan; per-issue issue,0
tropical-agriculturist_1927-04_68,per-issue,68,,1927,0,70,tropical-agriculturist_1927-04_68.pdf,5.9,Tropical Agriculturist  1927-04: Vol 68 ,0,no volume scan; per-issue issue,0
tropical-agriculturist_1927-05_68,per-issue,68,,1927,0,94,tropical-agriculturist_1927-05_68.pdf,6.9,Tropical Agriculturist  1927-05: Vol 68 ,0,no volume scan; per-issue issue,0
tropical-agriculturist_1927-06_68,per-issue,68,,1927,0,66,tropical-agriculturist_1927-06_68.pdf,5.8,Tropical Agriculturist  1927-06: Vol 68 ,0,no volume scan; per-issue issue,0
tropical-agriculturist_1927-07_69,per-issue,69,,1927,0,72,tropical-agriculturist_1927-07_69.pdf,4.9,Tropical Agriculturist  1927-07: Vol 69 ,0,no volume scan; per-issue issue,0
tropical-agriculturist_1927-08_69,per-issue,69,,1927,0,70,tropical-agriculturist_1927-08_69.pdf,5.6,Tropical Agriculturist  1927-08: Vol 69 ,0,no volume scan; per-issue issue,0
tropical-agriculturist_1927-09_69,per-issue,69,,1927,0,78,tropical-agriculturist_1927-09_69.pdf,5.5,Tropical Agriculturist  1927-09: Vol 69 ,0,no volume scan; per-issue issue,0
tropical-agriculturist_1927-10_69,per-issue,69,,1927,0,72,tropical-agriculturist_1927-10_69.pdf,6.1,Tropical Agriculturist  1927-10: Vol 69 ,0,no volume scan; per-issue issue,0
tropical-agriculturist_1927-11_69,per-issue,69,,1927,0,68,tropical-agriculturist_1927-11_69.pdf,5.4,Tropical Agriculturist  1927-11: Vol 69 ,0,no volume scan; per-issue issue,0
tropical-agriculturist_1927-12_69,per-issue,69,,1927,0,68,tropical-agriculturist_1927-12_69.pdf,5.1,Tropical Agriculturist  1927-12: Vol 69 ,0,no volume scan; per-issue issue,0
dli.ernet.229220,dli,70,,1928,0,,229220-The Tropical Agriculturist Vol-lxx (1928)_text.pdf,98.4,The Tropical Agriculturist Vol-lxx (1928),0,volume scan (dli),0
in.ernet.dli.2015.27084,dli,70,,1928,0,,2015.27084.The-Tropical-Agriculturist-Vol-lxx-1928_text.pdf,95.3,The Tropical Agriculturist Vol-lxx (1928),0,volume scan (dli),0
tropical-agriculturist_1928-07_71,per-issue,71,,1928,0,68,tropical-agriculturist_1928-07_71.pdf,4.8,Tropical Agriculturist  1928-07: Vol 71 ,0,no volume scan; per-issue issue,0
tropical-agriculturist_1928-08_71,per-issue,71,,1928,0,68,tropical-agriculturist_1928-08_71.pdf,5.4,Tropical Agriculturist  1928-08: Vol 71 ,0,no volume scan; per-issue issue,0
tropical-agriculturist_1928-09_71,per-issue,71,,1928,0,76,tropical-agriculturist_1928-09_71.pdf,6.0,Tropical Agriculturist  1928-09: Vol 71 ,0,no volume scan; per-issue issue,0
tropical-agriculturist_1928-10_71,per-issue,71,,1928,0,72,tropical-agriculturist_1928-10_71.pdf,5.6,Tropical Agriculturist  1928-10: Vol 71 ,0,no volume scan; per-issue issue,0
tropical-agriculturist_1928-11_71,per-issue,71,,1928,0,70,tropical-agriculturist_1928-11_71.pdf,5.7,Tropical Agriculturist  1928-11: Vol 71 ,0,no volume scan; per-issue issue,0
tropical-agriculturist_1928-12_71,per-issue,71,,1928,0,76,tropical-agriculturist_1928-12_71.pdf,5.8,Tropical Agriculturist  1928-12: Vol 71 ,0,no volume scan; per-issue issue,0
dli.ernet.229221,dli,72,,1929,0,,229221-The Tropical Agriculturist Vol-lxxii (1929)_text.pdf,96.3,The Tropical Agriculturist Vol-lxxii (1929),0,volume scan (dli),0
dli.ernet.27095,dli,72,,1929,0,,27095-The Tropical Agriculturist Vol-lxxii (1929)_text.pdf,96.3,The Tropical Agriculturist Vol-lxxii (1929),0,volume scan (dli),0
tropical-agriculturist_1929-07_73,per-issue,73,,1929,0,78,tropical-agriculturist_1929-07_73.pdf,5.6,Tropical Agriculturist  1929-07: Vol 73 ,0,no volume scan; per-issue issue,0
tropical-agriculturist_1929-08_73,per-issue,73,,1929,0,72,tropical-agriculturist_1929-08_73.pdf,5.8,Tropical Agriculturist  1929-08: Vol 73 ,0,no volume scan; per-issue issue,0
tropical-agriculturist_1929-09_73,per-issue,73,,1929,0,70,tropical-agriculturist_1929-09_73.pdf,5.7,Tropical Agriculturist  1929-09: Vol 73 ,0,no volume scan; per-issue issue,0
tropical-agriculturist_1929-10_73,per-issue,73,,1929,0,84,tropical-agriculturist_1929-10_73.pdf,5.9,Tropical Agriculturist  1929-10: Vol 73 ,0,no volume scan; per-issue issue,0
tropical-agriculturist_1929-11_73,per-issue,73,,1929,0,70,tropical-agriculturist_1929-11_73.pdf,5.1,Tropical Agriculturist  1929-11: Vol 73 ,0,no volume scan; per-issue issue,0
tropical-agriculturist_1929-12_73,per-issue,73,,1929,0,88,tropical-agriculturist_1929-12_73.pdf,5.9,Tropical Agriculturist  1929-12: Vol 73 ,0,no volume scan; per-issue issue,0
dli.ernet.229223,dli,74,,1930,0,,229223-The Tropical Agriculturist Vol-lxxiv (1930)_text.pdf,104.6,The Tropical Agriculturist Vol-lxxiv (1930),0,volume scan (dli),0
dli.ernet.27117,dli,74,,1930,0,,27117-The Tropical Agriculturist Vol-lxxiv (1930)_text.pdf,104.7,The Tropical Agriculturist Vol-lxxiv (1930),0,volume scan (dli),0
tropical-agriculturist_1930-07_75,per-issue,75,,1930,0,66,tropical-agriculturist_1930-07_75.pdf,4.8,Tropical Agriculturist  1930-07: Vol 75 ,0,no volume scan; per-issue issue,0
tropical-agriculturist_1930-08_75,per-issue,75,,1930,0,66,tropical-agriculturist_1930-08_75.pdf,5.3,Tropical Agriculturist  1930-08: Vol 75 ,0,no volume scan; per-issue issue,0
tropical-agriculturist_1930-09_75,per-issue,75,,1930,0,72,tropical-agriculturist_1930-09_75.pdf,5.8,Tropical Agriculturist  1930-09: Vol 75 ,0,no volume scan; per-issue issue,0
tropical-agriculturist_1930-10_75,per-issue,75,,1930,0,68,tropical-agriculturist_1930-10_75.pdf,5.3,Tropical Agriculturist  1930-10: Vol 75 ,0,no volume scan; per-issue issue,0
tropical-agriculturist_1930-11_75,per-issue,75,,1930,0,88,tropical-agriculturist_1930-11_75.pdf,6.5,Tropical Agriculturist  1930-11: Vol 75 ,0,no volume scan; per-issue issue,0
tropical-agriculturist_1930-12_75,per-issue,75,,1930,0,70,tropical-agriculturist_1930-12_75.pdf,5.2,Tropical Agriculturist  1930-12: Vol 75 ,0,no volume scan; per-issue issue,0
dli.ernet.229225,dli,76,,1931,0,,229225-The Tropical Agriculturist Vol-lxxvi (1931)_text.pdf,94.1,The Tropical Agriculturist Vol-lxxvi (1931),0,volume scan (dli),0
in.ernet.dli.2015.27128,dli,76,,1931,0,,2015.27128.The-Tropical-Agriculturist-Vol-lxxvi-1931_text.pdf,90.5,The Tropical Agriculturist Vol-lxxvi (1931),0,volume scan (dli),0
tdl.34003-the-tropical-agriculturist-the-agricultural-journal-of-ceylon,tdl,77,,,0,,TVA_PRL_0034003_The_tropical_agriculturist_Vol_77_1_6_1931.pdf,26.0,இதழ் - The tropical agriculturist  : The agricultural journal of Ceylon,0,no volume scan; tdl issue,0
tropical-agriculturist_1932-01_78,per-issue,78,,1932,0,68,tropical-agriculturist_1932-01_78.pdf,5.7,Tropical Agriculturist  1932-01: Vol 78 ,0,no volume scan; per-issue issue,0
tropical-agriculturist_1932-02_78,per-issue,78,,1932,0,68,tropical-agriculturist_1932-02_78.pdf,5.3,Tropical Agriculturist  1932-02: Vol 78 ,0,no volume scan; per-issue issue,0
tropical-agriculturist_1932-03_78,per-issue,78,,1932,0,72,tropical-agriculturist_1932-03_78.pdf,6.3,Tropical Agriculturist  1932-03: Vol 78 ,0,no volume scan; per-issue issue,0
tropical-agriculturist_1932-04_78,per-issue,78,,1932,0,76,tropical-agriculturist_1932-04_78.pdf,6.1,Tropical Agriculturist  1932-04: Vol 78 ,0,no volume scan; per-issue issue,0
tropical-agriculturist_1932-05_78,per-issue,78,,1932,0,82,tropical-agriculturist_1932-05_78.pdf,6.5,Tropical Agriculturist  1932-05: Vol 78 ,0,no volume scan; per-issue issue,0
tropical-agriculturist_1932-06_78,per-issue,78,,1932,0,74,tropical-agriculturist_1932-06_78.pdf,5.8,Tropical Agriculturist  1932-06: Vol 78 ,0,no volume scan; per-issue issue,0
tropical-agriculturist_1932-07_79_1,per-issue,79,1,1932,0,80,tropical-agriculturist_1932-07_79_1.pdf,5.7,Tropical Agriculturist  1932-07: Vol 79 Iss 1 ,0,no volume scan; per-issue issue,0
tropical-agriculturist_1932-08_79_2,per-issue,79,2,1932,0,68,tropical-agriculturist_1932-08_79_2.pdf,5.6,Tropical Agriculturist  1932-08: Vol 79 Iss 2 ,0,no volume scan; per-issue issue,0
tropical-agriculturist_1932-09_79_3,per-issue,79,3,1932,0,76,tropical-agriculturist_1932-09_79_3.pdf,5.4,Tropical Agriculturist  1932-09: Vol 79 Iss 3 ,0,no volume scan; per-issue issue,0
tropical-agriculturist_1932-10_79_4,per-issue,79,4,1932,0,66,tropical-agriculturist_1932-10_79_4.pdf,5.3,Tropical Agriculturist  1932-10: Vol 79 Iss 4 ,0,no volume scan; per-issue issue,0
tropical-agriculturist_1932-11_79_5,per-issue,79,5,1932,0,70,tropical-agriculturist_1932-11_79_5.pdf,5.5,Tropical Agriculturist  1932-11: Vol 79 Iss 5 ,0,no volume scan; per-issue issue,0
tropical-agriculturist_1932-12_79_6,per-issue,79,6,1932,0,66,tropical-agriculturist_1932-12_79_6.pdf,4.9,Tropical Agriculturist  1932-12: Vol 79 Iss 6 ,0,no volume scan; per-issue issue,0
dli.ernet.229226,dli,80,,1933,0,,229226-The Tropical Agriculturist Vol-lxxx (1933)_text.pdf,88.2,The Tropical Agriculturist Vol-lxxx (1933),0,volume scan (dli),0
dli.ernet.27139,dli,80,,1933,0,,27139-The Tropical Agriculturist Vol-lxxx (1933)_text.pdf,88.2,The Tropical Agriculturist Vol-lxxx (1933),0,volume scan (dli),0
tropical-agriculturist_1933-07_81_1,per-issue,81,1,1933,0,84,tropical-agriculturist_1933-07_81_1.pdf,3.8,Tropical Agriculturist  1933-07: Vol 81 Iss 1 ,0,no volume scan; per-issue issue,0
tropical-agriculturist_1933-08_81_2,per-issue,81,2,1933,0,64,tropical-agriculturist_1933-08_81_2.pdf,3.8,Tropical Agriculturist  1933-08: Vol 81 Iss 2 ,0,no volume scan; per-issue issue,0
tropical-agriculturist_1933-09_81_3,per-issue,81,3,1933,0,78,tropical-agriculturist_1933-09_81_3.pdf,4.0,Tropical Agriculturist  1933-09: Vol 81 Iss 3 ,0,no volume scan; per-issue issue,0
tropical-agriculturist_1933-10_81_4,per-issue,81,4,1933,0,72,tropical-agriculturist_1933-10_81_4.pdf,3.9,Tropical Agriculturist  1933-10: Vol 81 Iss 4 ,0,no volume scan; per-issue issue,0
tropical-agriculturist_1933-11_81_5,per-issue,81,5,1933,0,70,tropical-agriculturist_1933-11_81_5.pdf,3.9,Tropical Agriculturist  1933-11: Vol 81 Iss 5 ,0,no volume scan; per-issue issue,0
tropical-agriculturist_1933-12_81_6,per-issue,81,6,1933,0,64,tropical-agriculturist_1933-12_81_6.pdf,3.6,Tropical Agriculturist  1933-12: Vol 81 Iss 6 ,0,no volume scan; per-issue issue,0
dli.ernet.229227,dli,82,,1934,0,,229227-The Tropical Agriculturist Vol-lxxxii (1934)_text.pdf,91.7,The Tropical Agriculturist Vol-lxxxii (1934),0,volume scan (dli),0
dli.ernet.229995,dli,82,,1939,0,,229995-Tropical Agriculturist Vol-lxxxii (1939)_text.pdf,72.6,Tropical Agriculturist Vol-lxxxii (1939),0,volume scan (dli),0
in.ernet.dli.2015.25871,dli,82,,1939,0,,2015.25871.Tropical-Agriculturist-Vol-lxxxii-1939.pdf,69.7,Tropical Agriculturist Vol-lxxxii (1939),0,volume scan (dli),0
in.ernet.dli.2015.27151,dli,82,,1934,0,,2015.27151.The-Tropical-Agriculturist-Vol-lxxxii-1934_text.pdf,88.4,The Tropical Agriculturist Vol-lxxxii (1934),0,volume scan (dli),0
tropical-agriculturist_1934-07,per-issue,83,,1934,0,72,tropical-agriculturist_1934-07.pdf,5.3,Tropical Agriculturist  1934-07 ,1,no volume scan; per-issue issue,0
tropical-agriculturist_1934-08,per-issue,83,,1934,0,80,tropical-agriculturist_1934-08.pdf,4.7,Tropical Agriculturist  1934-08 ,1,no volume scan; per-issue issue,0
tropical-agriculturist_1934-09,per-issue,83,,1934,0,66,tropical-agriculturist_1934-09.pdf,4.1,Tropical Agriculturist  1934-09 ,1,no volume scan; per-issue issue,0
tropical-agriculturist_1934-10,per-issue,83,,1934,0,84,tropical-agriculturist_1934-10.pdf,5.9,Tropical Agriculturist  1934-10 ,1,no volume scan; per-issue issue,0
tropical-agriculturist_1934-11,per-issue,83,,1934,0,88,tropical-agriculturist_1934-11.pdf,6.2,Tropical Agriculturist  1934-11 ,1,no volume scan; per-issue issue,0
tropical-agriculturist_1934-12,per-issue,83,,1934,0,88,tropical-agriculturist_1934-12.pdf,5.8,Tropical Agriculturist  1934-12 ,1,no volume scan; per-issue issue,0
tropical-agriculturist_1935-01_84,per-issue,84,,1935,0,74,tropical-agriculturist_1935-01_84.pdf,6.1,Tropical Agriculturist  1935-01: Vol 84 ,0,no volume scan; per-issue issue,0
tropical-agriculturist_1935-02_84,per-issue,84,,1935,0,66,tropical-agriculturist_1935-02_84.pdf,5.1,Tropical Agriculturist  1935-02: Vol 84 ,0,no volume scan; per-issue issue,0
tropical-agriculturist_1935-03_84,per-issue,84,,1935,0,66,tropical-agriculturist_1935-03_84.pdf,5.1,Tropical Agriculturist  1935-03: Vol 84 ,0,no volume scan; per-issue issue,0
tropical-agriculturist_1935-04_84,per-issue,84,,1935,0,68,tropical-agriculturist_1935-04_84.pdf,5.1,Tropical Agriculturist  1935-04: Vol 84 ,0,no volume scan; per-issue issue,0
tropical-agriculturist_1935-05_84,per-issue,84,,1935,0,62,tropical-agriculturist_1935-05_84.pdf,4.9,Tropical Agriculturist  1935-05: Vol 84 ,0,no volume scan; per-issue issue,0
tropical-agriculturist_1935-06_84,per-issue,84,,1935,0,68,tropical-agriculturist_1935-06_84.pdf,5.1,Tropical Agriculturist  1935-06: Vol 84 ,0,no volume scan; per-issue issue,0
tropical-agriculturist_1935-07_85,per-issue,85,,1935,0,68,tropical-agriculturist_1935-07_85.pdf,5.1,Tropical Agriculturist  1935-07: Vol 85 ,0,no volume scan; per-issue issue,0
tropical-agriculturist_1935-08_85,per-issue,85,,1935,0,76,tropical-agriculturist_1935-08_85.pdf,4.9,Tropical Agriculturist  1935-08: Vol 85 ,0,no volume scan; per-issue issue,0
tropical-agriculturist_1935-09_85,per-issue,85,,1935,0,70,tropical-agriculturist_1935-09_85.pdf,5.1,Tropical Agriculturist  1935-09: Vol 85 ,0,no volume scan; per-issue issue,0
tropical-agriculturist_1935-10_85,per-issue,85,,1935,0,72,tropical-agriculturist_1935-10_85.pdf,5.1,Tropical Agriculturist  1935-10: Vol 85 ,0,no volume scan; per-issue issue,0
tropical-agriculturist_1935-11_85,per-issue,85,,1935,0,70,tropical-agriculturist_1935-11_85.pdf,5.4,Tropical Agriculturist  1935-11: Vol 85 ,0,no volume scan; per-issue issue,0
tropical-agriculturist_1935-12_85,per-issue,85,,1935,0,80,tropical-agriculturist_1935-12_85.pdf,4.8,Tropical Agriculturist  1935-12: Vol 85 ,0,no volume scan; per-issue issue,0
dli.ernet.229228,dli,86,,1936,0,,229228-The Tropical Agriculturist Vol-lxxxvi (1936)_text.pdf,92.0,The Tropical Agriculturist Vol-lxxxvi (1936),0,volume scan (dli),0
dli.ernet.27162,dli,86,,1936,0,,27162-The Tropical Agriculturist Vol-lxxxvi (1936)_text.pdf,92.0,The Tropical Agriculturist Vol-lxxxvi (1936),0,volume scan (dli),0
tropical-agriculturist_1936-07_87,per-issue,87,,1936,0,72,tropical-agriculturist_1936-07_87.pdf,4.7,Tropical Agriculturist  1936-07: Vol 87 ,0,no volume scan; per-issue issue,0
tropical-agriculturist_1936-08_87,per-issue,87,,1936,0,68,tropical-agriculturist_1936-08_87.pdf,4.5,Tropical Agriculturist  1936-08: Vol 87 ,0,no volume scan; per-issue issue,0
tropical-agriculturist_1936-09_87,per-issue,87,,1936,0,76,tropical-agriculturist_1936-09_87.pdf,5.3,Tropical Agriculturist  1936-09: Vol 87 ,0,no volume scan; per-issue issue,0
tropical-agriculturist_1936-10_87,per-issue,87,,1936,0,76,tropical-agriculturist_1936-10_87.pdf,4.3,Tropical Agriculturist  1936-10: Vol 87 ,0,no volume scan; per-issue issue,0
tropical-agriculturist_1936-11_87,per-issue,87,,1936,0,72,tropical-agriculturist_1936-11_87.pdf,5.8,Tropical Agriculturist  1936-11: Vol 87 ,0,no volume scan; per-issue issue,0
tropical-agriculturist_1936-12_87,per-issue,87,,1936,0,78,tropical-agriculturist_1936-12_87.pdf,6.0,Tropical Agriculturist  1936-12: Vol 87 ,0,no volume scan; per-issue issue,0
dli.ernet.229229,dli,88,,1937,0,,229229-The Tropical Agriculturist Vol-lxxxviii (1937)_text.pdf,86.2,The Tropical Agriculturist Vol-lxxxviii (1937),0,volume scan (dli),0
dli.ernet.27173,dli,88,,1937,0,,27173-The Tropical Agriculturist Vol-lxxxviii (1937)_text.pdf,86.2,The Tropical Agriculturist Vol-lxxxviii (1937),0,volume scan (dli),0
tropical-agriculturist_1937-07_89,per-issue,89,,1937,0,66,tropical-agriculturist_1937-07_89.pdf,5.0,Tropical Agriculturist  1937-07: Vol 89 ,0,no volume scan; per-issue issue,0
tropical-agriculturist_1937-08_89,per-issue,89,,1937,0,66,tropical-agriculturist_1937-08_89.pdf,5.1,Tropical Agriculturist  1937-08: Vol 89 ,0,no volume scan; per-issue issue,0
tropical-agriculturist_1937-09_89,per-issue,89,,1937,0,72,tropical-agriculturist_1937-09_89.pdf,5.9,Tropical Agriculturist  1937-09: Vol 89 ,0,no volume scan; per-issue issue,0
tropical-agriculturist_1937-10_89,per-issue,89,,1937,0,70,tropical-agriculturist_1937-10_89.pdf,5.4,Tropical Agriculturist  1937-10: Vol 89 ,0,no volume scan; per-issue issue,0
tropical-agriculturist_1937-11_89,per-issue,89,,1937,0,72,tropical-agriculturist_1937-11_89.pdf,5.0,Tropical Agriculturist  1937-11: Vol 89 ,0,no volume scan; per-issue issue,0
tropical-agriculturist_1937-12_89,per-issue,89,,1937,0,98,tropical-agriculturist_1937-12_89.pdf,5.8,Tropical Agriculturist  1937-12: Vol 89 ,0,no volume scan; per-issue issue,0
tropical-agriculturist_1938-01_90_1,per-issue,90,1,1938,0,76,tropical-agriculturist_1938-01_90_1.pdf,5.8,Tropical Agriculturist  1938-01: Vol 90 Iss 1 ,0,no volume scan; per-issue issue,0
tropical-agriculturist_1938-02_90_2,per-issue,90,2,1938,0,64,tropical-agriculturist_1938-02_90_2.pdf,5.2,Tropical Agriculturist  1938-02: Vol 90 Iss 2 ,0,no volume scan; per-issue issue,0
tropical-agriculturist_1938-03_90_3,per-issue,90,3,1938,0,70,tropical-agriculturist_1938-03_90_3.pdf,5.4,Tropical Agriculturist  1938-03: Vol 90 Iss 3 ,0,no volume scan; per-issue issue,0
tropical-agriculturist_1938-04_90_4,per-issue,90,4,1938,0,82,tropical-agriculturist_1938-04_90_4.pdf,6.2,Tropical Agriculturist  1938-04: Vol 90 Iss 4 ,0,no volume scan; per-issue issue,0
tropical-agriculturist_1938-05_90_5,per-issue,90,5,1938,0,78,tropical-agriculturist_1938-05_90_5.pdf,5.8,Tropical Agriculturist  1938-05: Vol 90 Iss 5 ,0,no volume scan; per-issue issue,0
tropical-agriculturist_1938-06_90_6,per-issue,90,6,1938,0,94,tropical-agriculturist_1938-06_90_6.pdf,5.8,Tropical Agriculturist  1938-06: Vol 90 Iss 6 ,0,no volume scan; per-issue issue,0
tropical-agriculturist_1938-07_91,per-issue,91,,1938,0,86,tropical-agriculturist_1938-07_91.pdf,6.9,Tropical Agriculturist  1938-07: Vol 91 ,0,no volume scan; per-issue issue,0
tropical-agriculturist_1938-08_91,per-issue,91,,1938,0,76,tropical-agriculturist_1938-08_91.pdf,4.8,Tropical Agriculturist  1938-08: Vol 91 ,0,no volume scan; per-issue issue,0
tropical-agriculturist_1938-09_91,per-issue,91,,1938,0,76,tropical-agriculturist_1938-09_91.pdf,5.4,Tropical Agriculturist  1938-09: Vol 91 ,0,no volume scan; per-issue issue,0
tropical-agriculturist_1938-10_91,per-issue,91,,1938,0,72,tropical-agriculturist_1938-10_91.pdf,5.6,Tropical Agriculturist  1938-10: Vol 91 ,0,no volume scan; per-issue issue,0
tropical-agriculturist_1938-11_91,per-issue,91,,1938,0,88,tropical-agriculturist_1938-11_91.pdf,6.4,Tropical Agriculturist  1938-11: Vol 91 ,0,no volume scan; per-issue issue,0
tropical-agriculturist_1938-12_91,per-issue,91,,1938,0,92,tropical-agriculturist_1938-12_91.pdf,5.6,Tropical Agriculturist  1938-12: Vol 91 ,0,no volume scan; per-issue issue,0
tropical-agriculturist_1939-01_92,per-issue,92,,1939,0,84,tropical-agriculturist_1939-01_92.pdf,6.0,Tropical Agriculturist  1939-01: Vol 92 ,0,no volume scan; per-issue issue,0
tropical-agriculturist_1939-02_92,per-issue,92,,1939,0,76,tropical-agriculturist_1939-02_92.pdf,6.0,Tropical Agriculturist  1939-02: Vol 92 ,0,no volume scan; per-issue issue,0
tropical-agriculturist_1939-03_92,per-issue,92,,1939,0,66,tropical-agriculturist_1939-03_92.pdf,5.5,Tropical Agriculturist  1939-03: Vol 92 ,0,no volume scan; per-issue issue,0
tropical-agriculturist_1939-04_92,per-issue,92,,1939,0,60,tropical-agriculturist_1939-04_92.pdf,5.7,Tropical Agriculturist  1939-04: Vol 92 ,0,no volume scan; per-issue issue,0
tropical-agriculturist_1939-05_92,per-issue,92,,1939,0,84,tropical-agriculturist_1939-05_92.pdf,6.4,Tropical Agriculturist  1939-05: Vol 92 ,0,no volume scan; per-issue issue,0
tropical-agriculturist_1939-06_92,per-issue,92,,1939,0,76,tropical-agriculturist_1939-06_92.pdf,5.4,Tropical Agriculturist  1939-06: Vol 92 ,0,no volume scan; per-issue issue,0
tropical-agriculturist_1939-07_93_1,per-issue,93,1,1939,0,72,tropical-agriculturist_1939-07_93_1.pdf,5.1,Tropical Agriculturist  1939-07: Vol 93 Iss 1 ,0,no volume scan; per-issue issue,0
tropical-agriculturist_1939-08_93_2,per-issue,93,2,1939,0,74,tropical-agriculturist_1939-08_93_2.pdf,5.8,Tropical Agriculturist  1939-08: Vol 93 Iss 2 ,0,no volume scan; per-issue issue,0
tropical-agriculturist_1939-09_93_3,per-issue,93,3,1939,0,82,tropical-agriculturist_1939-09_93_3.pdf,5.3,Tropical Agriculturist  1939-09: Vol 93 Iss 3 ,0,no volume scan; per-issue issue,0
tropical-agriculturist_1939-10_93_4,per-issue,93,4,1939,0,70,tropical-agriculturist_1939-10_93_4.pdf,5.3,Tropical Agriculturist  1939-10: Vol 93 Iss 4 ,0,no volume scan; per-issue issue,0
tropical-agriculturist_1939-11_93_5,per-issue,93,5,1939,0,94,tropical-agriculturist_1939-11_93_5.pdf,6.4,Tropical Agriculturist  1939-11: Vol 93 Iss 5 ,0,no volume scan; per-issue issue,0
tropical-agriculturist_1939-12_93_6,per-issue,93,6,1939,0,72,tropical-agriculturist_1939-12_93_6.pdf,5.5,Tropical Agriculturist  1939-12: Vol 93 Iss 6 ,0,no volume scan; per-issue issue,0
tropical-agriculturist_1940-01_94_1,per-issue,94,1,1940,0,72,tropical-agriculturist_1940-01_94_1.pdf,4.4,Tropical Agriculturist  1940-01: Vol 94 Iss 1 ,0,no volume scan; per-issue issue,0
tropical-agriculturist_1940-02_94_2,per-issue,94,2,1940,0,88,tropical-agriculturist_1940-02_94_2.pdf,4.6,Tropical Agriculturist  1940-02: Vol 94 Iss 2 ,0,no volume scan; per-issue issue,0
tropical-agriculturist_1940-03_94_3,per-issue,94,3,1940,0,86,tropical-agriculturist_1940-03_94_3.pdf,5.6,Tropical Agriculturist  1940-03: Vol 94 Iss 3 ,0,no volume scan; per-issue issue,0
tropical-agriculturist_1940-04_94_4,per-issue,94,4,1940,0,82,tropical-agriculturist_1940-04_94_4.pdf,5.6,Tropical Agriculturist  1940-04: Vol 94 Iss 4 ,0,no volume scan; per-issue issue,0
tropical-agriculturist_1940-05_94_5,per-issue,94,5,1940,0,72,tropical-agriculturist_1940-05_94_5.pdf,5.3,Tropical Agriculturist  1940-05: Vol 94 Iss 5 ,0,no volume scan; per-issue issue,0
tropical-agriculturist_1940-06_94_6,per-issue,94,6,1940,0,98,tropical-agriculturist_1940-06_94_6.pdf,5.8,Tropical Agriculturist  1940-06: Vol 94 Iss 6 ,0,no volume scan; per-issue issue,0
tropical-agriculturist_1940-07_95_1,per-issue,95,1,1940,0,72,tropical-agriculturist_1940-07_95_1.pdf,5.6,Tropical Agriculturist  1940-07: Vol 95 Iss 1 ,0,no volume scan; per-issue issue,0
tropical-agriculturist_1940-08_95_2,per-issue,95,2,1940,0,68,tropical-agriculturist_1940-08_95_2.pdf,5.7,Tropical Agriculturist  1940-08: Vol 95 Iss 2 ,0,no volume scan; per-issue issue,0
tropical-agriculturist_1940-09_95_3,per-issue,95,3,1940,0,84,tropical-agriculturist_1940-09_95_3.pdf,6.1,Tropical Agriculturist  1940-09: Vol 95 Iss 3 ,0,no volume scan; per-issue issue,0
tropical-agriculturist_1940-10_95_4,per-issue,95,4,1940,0,80,tropical-agriculturist_1940-10_95_4.pdf,5.7,Tropical Agriculturist  1940-10: Vol 95 Iss 4 ,0,no volume scan; per-issue issue,0
tropical-agriculturist_1940-11_95_5,per-issue,95,5,1940,0,62,tropical-agriculturist_1940-11_95_5.pdf,5.1,Tropical Agriculturist  1940-11: Vol 95 Iss 5 ,0,no volume scan; per-issue issue,0
tropical-agriculturist_1940-12_95_6,per-issue,95,6,1940,0,74,tropical-agriculturist_1940-12_95_6.pdf,5.0,Tropical Agriculturist  1940-12: Vol 95 Iss 6 ,0,no volume scan; per-issue issue,0
dli.ernet.229230,dli,96,,1941,0,,229230-The Tropical Agriculturist Vol-xcvi (1941)_text.pdf,96.7,The Tropical Agriculturist Vol-xcvi (1941),0,volume scan (dli),0
dli.ernet.27184,dli,96,,1941,0,,27184-The Tropical Agriculturist Vol-xcvi (1941)_text.pdf,96.7,The Tropical Agriculturist Vol-xcvi (1941),0,volume scan (dli),0
tropical-agriculturist_1941-07_97_1,per-issue,97,1,1941,0,64,tropical-agriculturist_1941-07_97_1.pdf,5.0,Tropical Agriculturist  1941-07: Vol 97 Iss 1 ,0,no volume scan; per-issue issue,0
tropical-agriculturist_1941-08_97_2,per-issue,97,2,1941,0,62,tropical-agriculturist_1941-08_97_2.pdf,4.8,Tropical Agriculturist  1941-08: Vol 97 Iss 2 ,0,no volume scan; per-issue issue,0
tropical-agriculturist_1941-09_97_3,per-issue,97,3,1941,0,88,tropical-agriculturist_1941-09_97_3.pdf,6.5,Tropical Agriculturist  1941-09: Vol 97 Iss 3 ,0,no volume scan; per-issue issue,0
tropical-agriculturist_1941-10_97_4,per-issue,97,4,1941,0,78,tropical-agriculturist_1941-10_97_4.pdf,6.0,Tropical Agriculturist  1941-10: Vol 97 Iss 4 ,0,no volume scan; per-issue issue,0
tropical-agriculturist_1941-11_97_5,per-issue,97,5,1941,0,68,tropical-agriculturist_1941-11_97_5.pdf,5.9,Tropical Agriculturist  1941-11: Vol 97 Iss 5 ,0,no volume scan; per-issue issue,0
tropical-agriculturist_1941-12_97_6,per-issue,97,6,1941,0,60,tropical-agriculturist_1941-12_97_6.pdf,4.7,Tropical Agriculturist  1941-12: Vol 97 Iss 6 ,0,no volume scan; per-issue issue,0
tropical-agriculturist_january-march-1942_98_1,per-issue,98,1,1942,0,82,tropical-agriculturist_january-march-1942_98_1.pdf,6.1,Tropical Agriculturist  January-March 1942: Vol 98 Iss 1 ,0,no volume scan; per-issue issue,0
tropical-agriculturist_april-june-1942_98_2,per-issue,98,2,1942,0,88,tropical-agriculturist_april-june-1942_98_2.pdf,6.7,Tropical Agriculturist  April-June 1942: Vol 98 Iss 2 ,0,no volume scan; per-issue issue,0
tropical-agriculturist_july-september-1942_98_3,per-issue,98,3,1942,0,108,tropical-agriculturist_july-september-1942_98_3.pdf,7.9,Tropical Agriculturist  July-September 1942: Vol 98 Iss 3 ,0,no volume scan; per-issue issue,0
tropical-agriculturist_october-december-1942_98_4,per-issue,98,4,1942,0,92,tropical-agriculturist_october-december-1942_98_4.pdf,7.3,Tropical Agriculturist  October-December 1942: Vol 98 Iss 4 ,0,no volume scan; per-issue issue,0
tropical-agriculturist_january-march-1943_99_1,per-issue,99,1,1943,0,70,tropical-agriculturist_january-march-1943_99_1.pdf,5.6,Tropical Agriculturist  January-March 1943: Vol 99 Iss 1 ,0,no volume scan; per-issue issue,0
tropical-agriculturist_april-june-1943_99_2,per-issue,99,2,1943,0,78,tropical-agriculturist_april-june-1943_99_2.pdf,6.1,Tropical Agriculturist  April-June 1943: Vol 99 Iss 2 ,0,no volume scan; per-issue issue,0
tropical-agriculturist_july-september-1943_99_3,per-issue,99,3,1943,0,82,tropical-agriculturist_july-september-1943_99_3.pdf,6.3,Tropical Agriculturist  July-September 1943: Vol 99 Iss 3 ,0,no volume scan; per-issue issue,0
tropical-agriculturist_october-december-1943_99_4,per-issue,99,4,1943,0,86,tropical-agriculturist_october-december-1943_99_4.pdf,7.1,Tropical Agriculturist  October-December 1943: Vol 99 Iss 4 ,0,no volume scan; per-issue issue,0
tropical-agriculturist_january-march-1944_100_1,per-issue,100,1,1944,0,84,tropical-agriculturist_january-march-1944_100_1.pdf,8.1,Tropical Agriculturist  January-March 1944: Vol 100 Iss 1 ,0,no volume scan; per-issue issue,0
tropical-agriculturist_april-june-1944_100_2,per-issue,100,2,1944,0,82,tropical-agriculturist_april-june-1944_100_2.pdf,7.1,Tropical Agriculturist  April-June 1944: Vol 100 Iss 2 ,0,no volume scan; per-issue issue,0
tropical-agriculturist_july-september-1944_100_3,per-issue,100,3,1944,0,74,tropical-agriculturist_july-september-1944_100_3.pdf,6.1,Tropical Agriculturist  July-September 1944: Vol 100 Iss 3 ,0,no volume scan; per-issue issue,0
tropical-agriculturist_october-december-1944_100_4,per-issue,100,4,1944,0,106,tropical-agriculturist_october-december-1944_100_4.pdf,8.4,Tropical Agriculturist  October-December 1944: Vol 100 Iss 4 ,0,no volume scan; per-issue issue,0
tropical-agriculturist_january-march-1945_101_1,per-issue,101,1,1945,0,74,tropical-agriculturist_january-march-1945_101_1.pdf,5.9,Tropical Agriculturist  January-March 1945: Vol 101 Iss 1 ,0,no volume scan; per-issue issue,0
tropical-agriculturist_april-june-1945_101_2,per-issue,101,2,1945,0,64,tropical-agriculturist_april-june-1945_101_2.pdf,6.3,Tropical Agriculturist  April-June 1945: Vol 101 Iss 2 ,0,no volume scan; per-issue issue,0
tropical-agriculturist_july-september-1945_101_3,per-issue,101,3,1945,0,88,tropical-agriculturist_july-september-1945_101_3.pdf,8.3,Tropical Agriculturist  July-September 1945: Vol 101 Iss 3 ,0,no volume scan; per-issue issue,0
tropical-agriculturist_october-december-1945_101_4,per-issue,101,4,1945,0,100,tropical-agriculturist_october-december-1945_101_4.pdf,8.3,Tropical Agriculturist  October-December 1945: Vol 101 Iss 4 ,0,no volume scan; per-issue issue,0
tropicalagricult0103unse,unse,103,,1947,0,320,tropicalagricult0103unse.pdf,21.3,Tropical Agriculturist 1947: Vol 103 Iss 1-4,0,volume scan (unse),0
tropical-agriculturist_january-march-1948_104_1,per-issue,104,1,1948,0,62,tropical-agriculturist_january-march-1948_104_1.pdf,4.3,Tropical Agriculturist  January-March 1948: Vol 104 Iss 1 ,0,no volume scan; per-issue issue,0
tropical-agriculturist_april-june-1948_104_2,per-issue,104,2,1948,0,88,tropical-agriculturist_april-june-1948_104_2.pdf,5.0,Tropical Agriculturist  April-June 1948: Vol 104 Iss 2 ,0,no volume scan; per-issue issue,0
tropical-agriculturist_july-september-1948_104_3,per-issue,104,3,1948,0,86,tropical-agriculturist_july-september-1948_104_3.pdf,5.5,Tropical Agriculturist  July-September 1948: Vol 104 Iss 3 ,0,no volume scan; per-issue issue,0
tropical-agriculturist_october-december-1948_104_4,per-issue,104,4,1948,0,72,tropical-agriculturist_october-december-1948_104_4.pdf,4.1,Tropical Agriculturist  October-December 1948: Vol 104 Iss 4 ,0,no volume scan; per-issue issue,0
tropical-agriculturist_january-march-1949_105_1,per-issue,105,1,1949,0,56,tropical-agriculturist_january-march-1949_105_1.pdf,4.3,Tropical Agriculturist  January-March 1949: Vol 105 Iss 1 ,0,no volume scan; per-issue issue,0
tropical-agriculturist_april-june-1949_105_2,per-issue,105,2,1949,0,82,tropical-agriculturist_april-june-1949_105_2.pdf,4.9,Tropical Agriculturist  April-June 1949: Vol 105 Iss 2 ,0,no volume scan; per-issue issue,0
tropical-agriculturist_july-september-1949_105_3,per-issue,105,3,1949,0,98,tropical-agriculturist_july-september-1949_105_3.pdf,5.8,Tropical Agriculturist  July-September 1949: Vol 105 Iss 3 ,0,no volume scan; per-issue issue,0
tropical-agriculturist_october-december-1949_105_4,per-issue,105,4,1949,0,60,tropical-agriculturist_october-december-1949_105_4.pdf,4.0,Tropical Agriculturist  October-December 1949: Vol 105 Iss 4 ,0,no volume scan; per-issue issue,0
tropical-agriculturist_january-march-1950_106_1,per-issue,106,1,1950,0,60,tropical-agriculturist_january-march-1950_106_1.pdf,4.7,Tropical Agriculturist  January-March 1950: Vol 106 Iss 1 ,0,no volume scan; per-issue issue,0
tropical-agriculturist_april-june-1950_106_2,per-issue,106,2,1950,0,54,tropical-agriculturist_april-june-1950_106_2.pdf,4.1,Tropical Agriculturist  April-June 1950: Vol 106 Iss 2 ,0,no volume scan; per-issue issue,0
tropical-agriculturist_july-september-1950_106_3,per-issue,106,3,1950,0,90,tropical-agriculturist_july-september-1950_106_3.pdf,5.9,Tropical Agriculturist  July-September 1950: Vol 106 Iss 3 ,0,no volume scan; per-issue issue,0
tropical-agriculturist_october-december-1950_106_4,per-issue,106,4,1950,0,78,tropical-agriculturist_october-december-1950_106_4.pdf,5.4,Tropical Agriculturist  October-December 1950: Vol 106 Iss 4 ,0,no volume scan; per-issue issue,0
tropical-agriculturist_january-march-1951_107_1,per-issue,107,1,1951,0,88,tropical-agriculturist_january-march-1951_107_1.pdf,6.0,Tropical Agriculturist  January-March 1951: Vol 107 Iss 1 ,0,no volume scan; per-issue issue,0
tropical-agriculturist_april-june-1951_107_2,per-issue,107,2,1951,0,98,tropical-agriculturist_april-june-1951_107_2.pdf,6.8,Tropical Agriculturist  April-June 1951: Vol 107 Iss 2 ,0,no volume scan; per-issue issue,0
tropical-agriculturist_july-september-1951_107_3,per-issue,107,3,1951,0,72,tropical-agriculturist_july-september-1951_107_3.pdf,4.9,Tropical Agriculturist  July-September 1951: Vol 107 Iss 3 ,0,no volume scan; per-issue issue,0
tropical-agriculturist_october-december-1951_107_4,per-issue,107,4,1951,0,126,tropical-agriculturist_october-december-1951_107_4.pdf,7.8,Tropical Agriculturist  October-December 1951: Vol 107 Iss 4 ,0,no volume scan; per-issue issue,0
tropicalagricult0108unse,unse,108,,1952,0,736,tropicalagricult0108unse.pdf,47.2,Tropical Agriculturist 1952: Vol 108 Iss 1-4,0,volume scan (unse),0
tropicalagricult0110unse,unse,110,,1955,0,676,tropicalagricult0110unse.pdf,49.6,Tropical Agriculturist 1955: Vol 110-111 (parts of),0,volume scan (unse),0
tropical-agriculturist_january-march-1956_112_1,per-issue,112,1,1956,0,90,tropical-agriculturist_january-march-1956_112_1.pdf,8.2,Tropical Agriculturist  January-March 1956: Vol 112 Iss 1 ,0,no volume scan; per-issue issue,0
tropical-agriculturist_april-june-1956_112_2,per-issue,112,2,1956,0,108,tropical-agriculturist_april-june-1956_112_2.pdf,9.3,Tropical Agriculturist  April-June 1956: Vol 112 Iss 2 ,0,no volume scan; per-issue issue,0
tropical-agriculturist_july-september-1956_112_3,per-issue,112,3,1956,0,98,tropical-agriculturist_july-september-1956_112_3.pdf,8.4,Tropical Agriculturist  July-September 1956: Vol 112 Iss 3 ,0,no volume scan; per-issue issue,0
tropical-agriculturist_october-december-1956_112_4,per-issue,112,4,1956,0,90,tropical-agriculturist_october-december-1956_112_4.pdf,7.5,Tropical Agriculturist  October-December 1956: Vol 112 Iss 4 ,0,no volume scan; per-issue issue,0
tropical-agriculturist_1957_113_1,per-issue,113,1,1957,0,102,tropical-agriculturist_1957_113_1.pdf,6.6,Tropical Agriculturist  1957: Vol 113 Iss 1 ,0,no volume scan; per-issue issue,0
tropical-agriculturist_april-june-1957_113_2,per-issue,113,2,1957,0,84,tropical-agriculturist_april-june-1957_113_2.pdf,5.7,Tropical Agriculturist  April-June 1957: Vol 113 Iss 2 ,0,no volume scan; per-issue issue,0
tropical-agriculturist_july-september-1957_113_3,per-issue,113,3,1957,0,76,tropical-agriculturist_july-september-1957_113_3.pdf,4.5,Tropical Agriculturist  July-September 1957: Vol 113 Iss 3 ,0,no volume scan; per-issue issue,0
tropical-agriculturist_october-december-1957_113_4,per-issue,113,4,1957,0,100,tropical-agriculturist_october-december-1957_113_4.pdf,6.2,Tropical Agriculturist  October-December 1957: Vol 113 Iss 4 ,0,no volume scan; per-issue issue,0
tropical-agriculturist_january-march-1958_114_1,per-issue,114,1,1958,0,74,tropical-agriculturist_january-march-1958_114_1.pdf,4.8,Tropical Agriculturist  January-March 1958: Vol 114 Iss 1 ,0,no volume scan; per-issue issue,0
tropical-agriculturist_april-june-1958_114_2,per-issue,114,2,1958,0,80,tropical-agriculturist_april-june-1958_114_2.pdf,4.6,Tropical Agriculturist  April-June 1958: Vol 114 Iss 2 ,0,no volume scan; per-issue issue,0
tropical-agriculturist_july-september-1958_114_3,per-issue,114,3,1958,0,70,tropical-agriculturist_july-september-1958_114_3.pdf,4.8,Tropical Agriculturist  July-September 1958: Vol 114 Iss 3 ,0,no volume scan; per-issue issue,0
tropical-agriculturist_october-december-1958_114_4,per-issue,114,4,1958,0,70,tropical-agriculturist_october-december-1958_114_4.pdf,5.9,Tropical Agriculturist  October-December 1958: Vol 114 Iss 4 ,0,no volume scan; per-issue issue,0
tropical-agriculturist_january-march-1959_115_1,per-issue,115,1,1959,0,86,tropical-agriculturist_january-march-1959_115_1.pdf,5.4,Tropical Agriculturist  January-March 1959: Vol 115 Iss 1 ,0,no volume scan; per-issue issue,0
tropical-agriculturist_april-june-1959_115_2,per-issue,115,2,1959,0,118,tropical-agriculturist_april-june-1959_115_2.pdf,6.8,Tropical Agriculturist  April-June 1959: Vol 115 Iss 2 ,0,no volume scan; per-issue issue,0
tropical-agriculturist_july-september-1959_115_3,per-issue,115,3,1959,0,86,tropical-agriculturist_july-september-1959_115_3.pdf,5.9,Tropical Agriculturist  July-September 1959: Vol 115 Iss 3 ,0,no volume scan; per-issue issue,0
tropical-agriculturist_october-december-1959_115_4,per-issue,115,4,1959,0,106,tropical-agriculturist_october-december-1959_115_4.pdf,6.3,Tropical Agriculturist  October-December 1959: Vol 115 Iss 4 ,0,no volume scan; per-issue issue,0
tropical-agriculturist_january-march-1960_116_1,per-issue,116,1,1960,0,86,tropical-agriculturist_january-march-1960_116_1.pdf,5.1,Tropical Agriculturist  January-March 1960: Vol 116 Iss 1 ,0,no volume scan; per-issue issue,0
tropical-agriculturist_april-june-1960_116_2,per-issue,116,2,1960,0,94,tropical-agriculturist_april-june-1960_116_2.pdf,5.6,Tropical Agriculturist  April-June 1960: Vol 116 Iss 2 ,0,no volume scan; per-issue issue,0
tropical-agriculturist_july-september-1960_116_3,per-issue,116,3,1960,0,118,tropical-agriculturist_july-september-1960_116_3.pdf,6.9,Tropical Agriculturist  July-September 1960: Vol 116 Iss 3 ,0,no volume scan; per-issue issue,0
tropical-agriculturist_october-december-1960_116_4,per-issue,116,4,1960,0,90,tropical-agriculturist_october-december-1960_116_4.pdf,5.3,Tropical Agriculturist  October-December 1960: Vol 116 Iss 4 ,0,no volume scan; per-issue issue,0
tropical-agriculturist_january-march-1961_117_1,per-issue,117,1,1961,0,94,tropical-agriculturist_january-march-1961_117_1.pdf,5.8,Tropical Agriculturist  January-March 1961: Vol 117 Iss 1 ,0,no volume scan; per-issue issue,0
tropical-agriculturist_april-june-1961_117_2,per-issue,117,2,1961,0,90,tropical-agriculturist_april-june-1961_117_2.pdf,4.8,Tropical Agriculturist  April-June 1961: Vol 117 Iss 2 ,0,no volume scan; per-issue issue,0
tropical-agriculturist_july-september-1961_117_3,per-issue,117,3,1961,0,80,tropical-agriculturist_july-september-1961_117_3.pdf,4.6,Tropical Agriculturist  July-September 1961: Vol 117 Iss 3 ,0,no volume scan; per-issue issue,0
tropical-agriculturist_october-december-1961_117_4,per-issue,117,4,1961,0,84,tropical-agriculturist_october-december-1961_117_4.pdf,4.3,Tropical Agriculturist  October-December 1961: Vol 117 Iss 4 ,0,no volume scan; per-issue issue,0
