vol001_tropicalagricult1188ceyl	tropicalagricult1188ceyl
vol002_tropicalagricult18821883colo	tropicalagricult18821883colo
vol003_tropicalagricult18831884colo	tropicalagricult18831884colo
vol004_tropicalagricult18841885colo	tropicalagricult18841885colo
vol005_tropicalagricult18851886colo	tropicalagricult18851886colo
vol006_tropicalagricult18861887colo	tropicalagricult18861887colo
vol007_tropicalagricult7188ceyl	tropicalagricult7188ceyl
vol008_tropicalagricult8188ceyl	tropicalagricult8188ceyl
vol009_tropicalagricult9188ceyl	tropicalagricult9188ceyl
vol010_tropicalagricult1018ceyl	tropicalagricult1018ceyl
vol011_tropicalagricult1118ceyl	tropicalagricult1118ceyl
vol012_tropicalagricult1218ceyl	tropicalagricult1218ceyl
vol013_tropicalagricult1318ceyl	tropicalagricult1318ceyl
vol014_tropicalagricult1418ceyl	tropicalagricult1418ceyl
vol015_tropicalagricult1518ceyl	tropicalagricult1518ceyl
vol016_tropicalagricult1618ceyl	tropicalagricult1618ceyl
vol017_tropicalagricult1718ceyl	tropicalagricult1718ceyl
vol018_tropicalagricult1818ceyl	tropicalagricult1818ceyl
vol019_tropicalagricult1918ceyl	tropicalagricult1918ceyl
vol020_tropicalagricult2019ceyl	tropicalagricult2019ceyl
vol021_tropicalagricult2119ceyl	tropicalagricult2119ceyl
vol022_tropicalagricult2219ceyl	tropicalagricult2219ceyl
vol023_tropicalagricult2319ceyl	tropicalagricult2319ceyl
vol026_tropicalagricul261906ceyl	tropicalagricul261906ceyl
vol027_tropicalagricul271906ceyl	tropicalagricul271906ceyl
vol028_tropicalagricul281907ceyl	tropicalagricul281907ceyl
vol030_tropicalagricul301908ceyl	tropicalagricul301908ceyl
vol031_tropicalagricul311908ceyl	tropicalagricul311908ceyl
vol032_tropicalagricul321909ceyl	tropicalagricul321909ceyl
vol033_tropicalagricul331909ceyl	tropicalagricul331909ceyl
vol034_tropicalagricul341910ceyl	tropicalagricul341910ceyl
vol035_tropicalagricul351910ceyl	tropicalagricul351910ceyl
vol037_tropicalagricul371911ceyl	tropicalagricul371911ceyl
vol038_tropicalagricul381912ceyl	tropicalagricul381912ceyl
vol039_tropicalagricul391912ceyl	tropicalagricul391912ceyl
vol040_lbg-630-5-tag-v-40	lbg.630.5.tag.v.40
vol041_lbg-vol-xli-tropicalagricult0000dewi-t3r5	lbg.vol.xli.tropicalagricult0000dewi_t3r5
vol042_lbg-630-5-tag-v-42	lbg.630.5.tag.v.42
vol043_lbg-tropicalagricultvol-xliii0000unse-c5y3	lbg.tropicalagricultvol.xliii0000unse_c5y3
vol044_lbg-tropicalagricultvol-xliv0000unse-e6v7	lbg.tropicalagricultvol.xliv0000unse_e6v7
vol045_lbg-630-5-tag-v-45	lbg.630.5.tag.v.45
vol046_lbg-630-5-tag-v-46	lbg.630.5.tag.v.46
vol047_lbg-630-5-tag-v-47	lbg.630.5.tag.v.47
vol048_iss01_tropical-agriculturist-1917-01-48-1	tropical-agriculturist_1917-01_48_1
vol048_iss02_tropical-agriculturist-1917-02-48-2	tropical-agriculturist_1917-02_48_2
vol048_iss03_tropical-agriculturist-1917-03-48-3	tropical-agriculturist_1917-03_48_3
vol048_iss04_tropical-agriculturist-1917-04-48-4	tropical-agriculturist_1917-04_48_4
vol048_iss05_tropical-agriculturist-1917-05-48-5	tropical-agriculturist_1917-05_48_5
vol048_iss06_tropical-agriculturist-1917-06-48-6	tropical-agriculturist_1917-06_48_6
vol049_iss01_tropical-agriculturist-1917-07-49-1	tropical-agriculturist_1917-07_49_1
vol049_iss02_tropical-agriculturist-1917-08-49-2	tropical-agriculturist_1917-08_49_2
vol049_iss03_tropical-agriculturist-1917-09-49-3	tropical-agriculturist_1917-09_49_3
vol049_iss04_tropical-agriculturist-1917-10-49-4	tropical-agriculturist_1917-10_49_4
vol049_iss05_tropical-agriculturist-1917-11-49-5	tropical-agriculturist_1917-11_49_5
vol049_iss06_tropical-agriculturist-1917-12-49-6	tropical-agriculturist_1917-12_49_6
vol050_dli-ernet-21168	dli.ernet.21168
vol051_iss01_tropical-agriculturist-1918-07-51-1	tropical-agriculturist_1918-07_51_1
vol051_iss02_tropical-agriculturist-1918-08-51-2	tropical-agriculturist_1918-08_51_2
vol051_iss03_tropical-agriculturist-1918-09-51-3	tropical-agriculturist_1918-09_51_3
vol051_iss04_tropical-agriculturist-1918-10-51-4	tropical-agriculturist_1918-10_51_4
vol051_iss05_tropical-agriculturist-1918-11-51-5	tropical-agriculturist_1918-11_51_5
vol051_iss06_tropical-agriculturist-1918-12-51-6	tropical-agriculturist_1918-12_51_6
vol052_iss01_tropical-agriculturist-1919-01-52-1	tropical-agriculturist_1919-01_52_1
vol052_iss02_tropical-agriculturist-1919-02-52-2	tropical-agriculturist_1919-02_52_2
vol052_iss03_tropical-agriculturist-1919-03-52-3	tropical-agriculturist_1919-03_52_3
vol052_iss04_tropical-agriculturist-1919-04-52-4	tropical-agriculturist_1919-04_52_4
vol052_iss05_tropical-agriculturist-1919-05-52-5	tropical-agriculturist_1919-05_52_5
vol052_iss06_tropical-agriculturist-1919-06-52-6	tropical-agriculturist_1919-06_52_6
vol053_iss01_tropical-agriculturist-1919-07-53-1	tropical-agriculturist_1919-07_53_1
vol053_iss02_tropical-agriculturist-1919-08-53-2	tropical-agriculturist_1919-08_53_2
vol053_iss03_tropical-agriculturist-1919-09-53-3	tropical-agriculturist_1919-09_53_3
vol053_iss04_tropical-agriculturist-1919-10-53-4	tropical-agriculturist_1919-10_53_4
vol053_iss05_tropical-agriculturist-1919-11-53-5	tropical-agriculturist_1919-11_53_5
vol053_iss06_tropical-agriculturist-1919-12-53-6	tropical-agriculturist_1919-12_53_6
vol054_lbg-630-5-tag-v-54	lbg.630.5.tag.v.54
vol055_lbg-630-5-tag-v-55	lbg.630.5.tag.v.55
vol056_iss01_tropical-agriculturist-1921-01-56-1	tropical-agriculturist_1921-01_56_1
vol056_iss02_tropical-agriculturist-1921-02-56-2	tropical-agriculturist_1921-02_56_2
vol056_iss03_tropical-agriculturist-1921-03-56-3	tropical-agriculturist_1921-03_56_3
vol056_iss04_tropical-agriculturist-1921-04-56-4	tropical-agriculturist_1921-04_56_4
vol056_iss05_tropical-agriculturist-1921-05-56-5	tropical-agriculturist_1921-05_56_5
vol056_iss06_tropical-agriculturist-1921-06-56-6	tropical-agriculturist_1921-06_56_6
vol057_in-ernet-dli-2015-230764	in.ernet.dli.2015.230764
vol058_dli-ernet-229219	dli.ernet.229219
vol059_tropicalagricult0059unse	tropicalagricult0059unse
vol060_lbg-tropicalagricultvol-lx-1923-0000unse-n0c4	lbg.tropicalagricultvol-lx.1923.0000unse_n0c4
vol061_tropicalagricult0061unse	tropicalagricult0061unse
vol062_lbg-630-5-tag-v-62	lbg.630.5.tag.v.62
vol063_lbg-630-5-tag-v-63	lbg.630.5.tag.v.63
vol064_lbg-630-5-tag-v-64	lbg.630.5.tag.v.64
vol065_iss01_tropical-agriculturist-1925-07-65-1	tropical-agriculturist_1925-07_65_1
vol065_iss02_tropical-agriculturist-1925-08-65-2	tropical-agriculturist_1925-08_65_2
vol065_iss03_tropical-agriculturist-1925-09-65-3	tropical-agriculturist_1925-09_65_3
vol065_iss04_tropical-agriculturist-1925-10-65-4	tropical-agriculturist_1925-10_65_4
vol065_iss05_tropical-agriculturist-1925-11-65-5	tropical-agriculturist_1925-11_65_5
vol065_iss06_tropical-agriculturist-1925-12-65-6	tropical-agriculturist_1925-12_65_6
vol066_tropical-agriculturist-april-may-1926-66-4-5	tropical-agriculturist_april-may-1926_66_4-5
vol066_iss01_tropical-agriculturist-1926-01-66-1	tropical-agriculturist_1926-01_66_1
vol066_iss02_tropical-agriculturist-1926-02-66-2	tropical-agriculturist_1926-02_66_2
vol066_iss03_tropical-agriculturist-1926-03-66-3	tropical-agriculturist_1926-03_66_3
vol066_iss06_tropical-agriculturist-1926-06-66-6	tropical-agriculturist_1926-06_66_6
vol067_iss01_tropical-agriculturist-1926-07-67-1	tropical-agriculturist_1926-07_67_1
vol067_iss02_tropical-agriculturist-1926-08-67-2	tropical-agriculturist_1926-08_67_2
vol067_iss03_tropical-agriculturist-1926-09-67-3	tropical-agriculturist_1926-09_67_3
vol067_iss04_tropical-agriculturist-1926-10-67-4	tropical-agriculturist_1926-10_67_4
vol067_iss05_tropical-agriculturist-1926-11-67-5	tropical-agriculturist_1926-11_67_5
vol067_iss06_tropical-agriculturist-1926-12-67-6	tropical-agriculturist_1926-12_67_6
vol068_tropical-agriculturist-1927-01-68	tropical-agriculturist_1927-01_68
vol068_tropical-agriculturist-1927-02-68	tropical-agriculturist_1927-02_68
vol068_tropical-agriculturist-1927-03-68	tropical-agriculturist_1927-03_68
vol068_tropical-agriculturist-1927-04-68	tropical-agriculturist_1927-04_68
vol068_tropical-agriculturist-1927-05-68	tropical-agriculturist_1927-05_68
vol068_tropical-agriculturist-1927-06-68	tropical-agriculturist_1927-06_68
vol069_tropical-agriculturist-1927-07-69	tropical-agriculturist_1927-07_69
vol069_tropical-agriculturist-1927-08-69	tropical-agriculturist_1927-08_69
vol069_tropical-agriculturist-1927-09-69	tropical-agriculturist_1927-09_69
vol069_tropical-agriculturist-1927-10-69	tropical-agriculturist_1927-10_69
vol069_tropical-agriculturist-1927-11-69	tropical-agriculturist_1927-11_69
vol069_tropical-agriculturist-1927-12-69	tropical-agriculturist_1927-12_69
vol070_dli-ernet-229220	dli.ernet.229220
vol071_tropical-agriculturist-1928-07-71	tropical-agriculturist_1928-07_71
vol071_tropical-agriculturist-1928-08-71	tropical-agriculturist_1928-08_71
vol071_tropical-agriculturist-1928-09-71	tropical-agriculturist_1928-09_71
vol071_tropical-agriculturist-1928-10-71	tropical-agriculturist_1928-10_71
vol071_tropical-agriculturist-1928-11-71	tropical-agriculturist_1928-11_71
vol071_tropical-agriculturist-1928-12-71	tropical-agriculturist_1928-12_71
vol072_dli-ernet-229221	dli.ernet.229221
vol073_tropical-agriculturist-1929-07-73	tropical-agriculturist_1929-07_73
vol073_tropical-agriculturist-1929-08-73	tropical-agriculturist_1929-08_73
vol073_tropical-agriculturist-1929-09-73	tropical-agriculturist_1929-09_73
vol073_tropical-agriculturist-1929-10-73	tropical-agriculturist_1929-10_73
vol073_tropical-agriculturist-1929-11-73	tropical-agriculturist_1929-11_73
vol073_tropical-agriculturist-1929-12-73	tropical-agriculturist_1929-12_73
vol074_dli-ernet-229223	dli.ernet.229223
vol075_tropical-agriculturist-1930-07-75	tropical-agriculturist_1930-07_75
vol075_tropical-agriculturist-1930-08-75	tropical-agriculturist_1930-08_75
vol075_tropical-agriculturist-1930-09-75	tropical-agriculturist_1930-09_75
vol075_tropical-agriculturist-1930-10-75	tropical-agriculturist_1930-10_75
vol075_tropical-agriculturist-1930-11-75	tropical-agriculturist_1930-11_75
vol075_tropical-agriculturist-1930-12-75	tropical-agriculturist_1930-12_75
vol076_dli-ernet-229225	dli.ernet.229225
vol077_tdl-34003-the-tropical-agriculturist-the-agricultural-journa	tdl.34003-the-tropical-agriculturist-the-agricultural-journal-of-ceylon
vol078_tropical-agriculturist-1932-01-78	tropical-agriculturist_1932-01_78
vol078_tropical-agriculturist-1932-02-78	tropical-agriculturist_1932-02_78
vol078_tropical-agriculturist-1932-03-78	tropical-agriculturist_1932-03_78
vol078_tropical-agriculturist-1932-04-78	tropical-agriculturist_1932-04_78
vol078_tropical-agriculturist-1932-05-78	tropical-agriculturist_1932-05_78
vol078_tropical-agriculturist-1932-06-78	tropical-agriculturist_1932-06_78
vol079_iss01_tropical-agriculturist-1932-07-79-1	tropical-agriculturist_1932-07_79_1
vol079_iss02_tropical-agriculturist-1932-08-79-2	tropical-agriculturist_1932-08_79_2
vol079_iss03_tropical-agriculturist-1932-09-79-3	tropical-agriculturist_1932-09_79_3
vol079_iss04_tropical-agriculturist-1932-10-79-4	tropical-agriculturist_1932-10_79_4
vol079_iss05_tropical-agriculturist-1932-11-79-5	tropical-agriculturist_1932-11_79_5
vol079_iss06_tropical-agriculturist-1932-12-79-6	tropical-agriculturist_1932-12_79_6
vol080_dli-ernet-229226	dli.ernet.229226
vol081_iss01_tropical-agriculturist-1933-07-81-1	tropical-agriculturist_1933-07_81_1
vol081_iss02_tropical-agriculturist-1933-08-81-2	tropical-agriculturist_1933-08_81_2
vol081_iss03_tropical-agriculturist-1933-09-81-3	tropical-agriculturist_1933-09_81_3
vol081_iss04_tropical-agriculturist-1933-10-81-4	tropical-agriculturist_1933-10_81_4
vol081_iss05_tropical-agriculturist-1933-11-81-5	tropical-agriculturist_1933-11_81_5
vol081_iss06_tropical-agriculturist-1933-12-81-6	tropical-agriculturist_1933-12_81_6
vol082_dli-ernet-229227	dli.ernet.229227
vol083_tropical-agriculturist-1934-07	tropical-agriculturist_1934-07
vol083_tropical-agriculturist-1934-08	tropical-agriculturist_1934-08
vol083_tropical-agriculturist-1934-09	tropical-agriculturist_1934-09
vol083_tropical-agriculturist-1934-10	tropical-agriculturist_1934-10
vol083_tropical-agriculturist-1934-11	tropical-agriculturist_1934-11
vol083_tropical-agriculturist-1934-12	tropical-agriculturist_1934-12
vol084_tropical-agriculturist-1935-01-84	tropical-agriculturist_1935-01_84
vol084_tropical-agriculturist-1935-02-84	tropical-agriculturist_1935-02_84
vol084_tropical-agriculturist-1935-03-84	tropical-agriculturist_1935-03_84
vol084_tropical-agriculturist-1935-04-84	tropical-agriculturist_1935-04_84
vol084_tropical-agriculturist-1935-05-84	tropical-agriculturist_1935-05_84
vol084_tropical-agriculturist-1935-06-84	tropical-agriculturist_1935-06_84
vol085_tropical-agriculturist-1935-07-85	tropical-agriculturist_1935-07_85
vol085_tropical-agriculturist-1935-08-85	tropical-agriculturist_1935-08_85
vol085_tropical-agriculturist-1935-09-85	tropical-agriculturist_1935-09_85
vol085_tropical-agriculturist-1935-10-85	tropical-agriculturist_1935-10_85
vol085_tropical-agriculturist-1935-11-85	tropical-agriculturist_1935-11_85
vol085_tropical-agriculturist-1935-12-85	tropical-agriculturist_1935-12_85
vol086_dli-ernet-229228	dli.ernet.229228
vol087_tropical-agriculturist-1936-07-87	tropical-agriculturist_1936-07_87
vol087_tropical-agriculturist-1936-08-87	tropical-agriculturist_1936-08_87
vol087_tropical-agriculturist-1936-09-87	tropical-agriculturist_1936-09_87
vol087_tropical-agriculturist-1936-10-87	tropical-agriculturist_1936-10_87
vol087_tropical-agriculturist-1936-11-87	tropical-agriculturist_1936-11_87
vol087_tropical-agriculturist-1936-12-87	tropical-agriculturist_1936-12_87
vol088_dli-ernet-229229	dli.ernet.229229
vol089_tropical-agriculturist-1937-07-89	tropical-agriculturist_1937-07_89
vol089_tropical-agriculturist-1937-08-89	tropical-agriculturist_1937-08_89
vol089_tropical-agriculturist-1937-09-89	tropical-agriculturist_1937-09_89
vol089_tropical-agriculturist-1937-10-89	tropical-agriculturist_1937-10_89
vol089_tropical-agriculturist-1937-11-89	tropical-agriculturist_1937-11_89
vol089_tropical-agriculturist-1937-12-89	tropical-agriculturist_1937-12_89
vol090_iss01_tropical-agriculturist-1938-01-90-1	tropical-agriculturist_1938-01_90_1
vol090_iss02_tropical-agriculturist-1938-02-90-2	tropical-agriculturist_1938-02_90_2
vol090_iss03_tropical-agriculturist-1938-03-90-3	tropical-agriculturist_1938-03_90_3
vol090_iss04_tropical-agriculturist-1938-04-90-4	tropical-agriculturist_1938-04_90_4
vol090_iss05_tropical-agriculturist-1938-05-90-5	tropical-agriculturist_1938-05_90_5
vol090_iss06_tropical-agriculturist-1938-06-90-6	tropical-agriculturist_1938-06_90_6
vol091_tropical-agriculturist-1938-07-91	tropical-agriculturist_1938-07_91
vol091_tropical-agriculturist-1938-08-91	tropical-agriculturist_1938-08_91
vol091_tropical-agriculturist-1938-09-91	tropical-agriculturist_1938-09_91
vol091_tropical-agriculturist-1938-10-91	tropical-agriculturist_1938-10_91
vol091_tropical-agriculturist-1938-11-91	tropical-agriculturist_1938-11_91
vol091_tropical-agriculturist-1938-12-91	tropical-agriculturist_1938-12_91
vol092_tropical-agriculturist-1939-01-92	tropical-agriculturist_1939-01_92
vol092_tropical-agriculturist-1939-02-92	tropical-agriculturist_1939-02_92
vol092_tropical-agriculturist-1939-03-92	tropical-agriculturist_1939-03_92
vol092_tropical-agriculturist-1939-04-92	tropical-agriculturist_1939-04_92
vol092_tropical-agriculturist-1939-05-92	tropical-agriculturist_1939-05_92
vol092_tropical-agriculturist-1939-06-92	tropical-agriculturist_1939-06_92
vol093_iss01_tropical-agriculturist-1939-07-93-1	tropical-agriculturist_1939-07_93_1
vol093_iss02_tropical-agriculturist-1939-08-93-2	tropical-agriculturist_1939-08_93_2
vol093_iss03_tropical-agriculturist-1939-09-93-3	tropical-agriculturist_1939-09_93_3
vol093_iss04_tropical-agriculturist-1939-10-93-4	tropical-agriculturist_1939-10_93_4
vol093_iss05_tropical-agriculturist-1939-11-93-5	tropical-agriculturist_1939-11_93_5
vol093_iss06_tropical-agriculturist-1939-12-93-6	tropical-agriculturist_1939-12_93_6
vol094_iss01_tropical-agriculturist-1940-01-94-1	tropical-agriculturist_1940-01_94_1
vol094_iss02_tropical-agriculturist-1940-02-94-2	tropical-agriculturist_1940-02_94_2
vol094_iss03_tropical-agriculturist-1940-03-94-3	tropical-agriculturist_1940-03_94_3
vol094_iss04_tropical-agriculturist-1940-04-94-4	tropical-agriculturist_1940-04_94_4
vol094_iss05_tropical-agriculturist-1940-05-94-5	tropical-agriculturist_1940-05_94_5
vol094_iss06_tropical-agriculturist-1940-06-94-6	tropical-agriculturist_1940-06_94_6
vol095_iss01_tropical-agriculturist-1940-07-95-1	tropical-agriculturist_1940-07_95_1
vol095_iss02_tropical-agriculturist-1940-08-95-2	tropical-agriculturist_1940-08_95_2
vol095_iss03_tropical-agriculturist-1940-09-95-3	tropical-agriculturist_1940-09_95_3
vol095_iss04_tropical-agriculturist-1940-10-95-4	tropical-agriculturist_1940-10_95_4
vol095_iss05_tropical-agriculturist-1940-11-95-5	tropical-agriculturist_1940-11_95_5
vol095_iss06_tropical-agriculturist-1940-12-95-6	tropical-agriculturist_1940-12_95_6
vol096_dli-ernet-229230	dli.ernet.229230
vol097_iss01_tropical-agriculturist-1941-07-97-1	tropical-agriculturist_1941-07_97_1
vol097_iss02_tropical-agriculturist-1941-08-97-2	tropical-agriculturist_1941-08_97_2
vol097_iss03_tropical-agriculturist-1941-09-97-3	tropical-agriculturist_1941-09_97_3
vol097_iss04_tropical-agriculturist-1941-10-97-4	tropical-agriculturist_1941-10_97_4
vol097_iss05_tropical-agriculturist-1941-11-97-5	tropical-agriculturist_1941-11_97_5
vol097_iss06_tropical-agriculturist-1941-12-97-6	tropical-agriculturist_1941-12_97_6
vol098_iss01_tropical-agriculturist-january-march-1942-98-1	tropical-agriculturist_january-march-1942_98_1
vol098_iss02_tropical-agriculturist-april-june-1942-98-2	tropical-agriculturist_april-june-1942_98_2
vol098_iss03_tropical-agriculturist-july-september-1942-98-3	tropical-agriculturist_july-september-1942_98_3
vol098_iss04_tropical-agriculturist-october-december-1942-98-4	tropical-agriculturist_october-december-1942_98_4
vol099_iss01_tropical-agriculturist-january-march-1943-99-1	tropical-agriculturist_january-march-1943_99_1
vol099_iss02_tropical-agriculturist-april-june-1943-99-2	tropical-agriculturist_april-june-1943_99_2
vol099_iss03_tropical-agriculturist-july-september-1943-99-3	tropical-agriculturist_july-september-1943_99_3
vol099_iss04_tropical-agriculturist-october-december-1943-99-4	tropical-agriculturist_october-december-1943_99_4
vol100_iss01_tropical-agriculturist-january-march-1944-100-1	tropical-agriculturist_january-march-1944_100_1
vol100_iss02_tropical-agriculturist-april-june-1944-100-2	tropical-agriculturist_april-june-1944_100_2
vol100_iss03_tropical-agriculturist-july-september-1944-100-3	tropical-agriculturist_july-september-1944_100_3
vol100_iss04_tropical-agriculturist-october-december-1944-100-4	tropical-agriculturist_october-december-1944_100_4
vol101_iss01_tropical-agriculturist-january-march-1945-101-1	tropical-agriculturist_january-march-1945_101_1
vol101_iss02_tropical-agriculturist-april-june-1945-101-2	tropical-agriculturist_april-june-1945_101_2
vol101_iss03_tropical-agriculturist-july-september-1945-101-3	tropical-agriculturist_july-september-1945_101_3
vol101_iss04_tropical-agriculturist-october-december-1945-101-4	tropical-agriculturist_october-december-1945_101_4
