vol002_tropicalagricult18821883colo	1027	marketrates
vol002_tropicalagricult18821883colo	17	marketrates
vol003_tropicalagricult18831884colo	237	marketrates
vol003_tropicalagricult18831884colo	317	marketrates
vol003_tropicalagricult18831884colo	397	marketrates
vol003_tropicalagricult18831884colo	625	marketrates
vol003_tropicalagricult18831884colo	705	marketrates
vol003_tropicalagricult18831884colo	785	marketrates
vol003_tropicalagricult18831884colo	873	marketrates
vol003_tropicalagricult18831884colo	953	marketrates
vol003_tropicalagricult18831884colo	97	marketrates
vol004_tropicalagricult18841885colo	12	marketrates
vol004_tropicalagricult18841885colo	185	marketrates
vol004_tropicalagricult18841885colo	273	marketrates
vol004_tropicalagricult18841885colo	361	marketrates
vol004_tropicalagricult18841885colo	441	marketrates
vol004_tropicalagricult18841885colo	521	marketrates
vol004_tropicalagricult18841885colo	745	marketrates
vol004_tropicalagricult18841885colo	817	marketrates
vol004_tropicalagricult18841885colo	889	marketrates
vol005_tropicalagricult18851886colo	539	marketrates
vol005_tropicalagricult18851886colo	683	marketrates
vol005_tropicalagricult18851886colo	827	marketrates
vol006_tropicalagricult18861887colo	161	marketrates
vol006_tropicalagricult18861887colo	233	marketrates
vol006_tropicalagricult18861887colo	305	marketrates
vol006_tropicalagricult18861887colo	377	marketrates
vol006_tropicalagricult18861887colo	449	marketrates
vol006_tropicalagricult18861887colo	521	marketrates
vol006_tropicalagricult18861887colo	585	marketrates
vol006_tropicalagricult18861887colo	729	marketrates
vol006_tropicalagricult18861887colo	801	marketrates
vol006_tropicalagricult18861887colo	89	marketrates
vol007_tropicalagricult7188ceyl	171	marketrates
vol007_tropicalagricult7188ceyl	459	marketrates
vol007_tropicalagricult7188ceyl	675	marketrates
vol007_tropicalagricult7188ceyl	819	marketrates
vol008_tropicalagricult8188ceyl	169	marketrates
vol008_tropicalagricult8188ceyl	313	marketrates
vol008_tropicalagricult8188ceyl	385	marketrates
vol008_tropicalagricult8188ceyl	819	marketrates
vol008_tropicalagricult8188ceyl	895	marketrates
vol009_tropicalagricult9188ceyl	255	marketrates
vol009_tropicalagricult9188ceyl	335	marketrates
vol009_tropicalagricult9188ceyl	903	marketrates
vol010_tropicalagricult1018ceyl	345	marketrates
vol010_tropicalagricult1018ceyl	507	marketrates
vol010_tropicalagricult1018ceyl	571	marketrates
vol010_tropicalagricult1018ceyl	785	marketrates
vol010_tropicalagricult1018ceyl	857	marketrates
vol011_tropicalagricult1118ceyl	171	marketrates
vol011_tropicalagricult1118ceyl	235	marketrates
vol011_tropicalagricult1118ceyl	387	marketrates
vol011_tropicalagricult1118ceyl	531	marketrates
vol011_tropicalagricult1118ceyl	707	marketrates
vol011_tropicalagricult1118ceyl	787	marketrates
vol011_tropicalagricult1118ceyl	867	marketrates
vol012_tropicalagricult1218ceyl	1228	other
vol012_tropicalagricult1218ceyl	249	marketrates
vol012_tropicalagricult1218ceyl	321	marketrates
vol012_tropicalagricult1218ceyl	393	marketrates
vol012_tropicalagricult1218ceyl	465	marketrates
vol012_tropicalagricult1218ceyl	521	marketrates
vol012_tropicalagricult1218ceyl	577	marketrates
vol012_tropicalagricult1218ceyl	757	marketrates
vol012_tropicalagricult1218ceyl	97	marketrates
vol013_tropicalagricult1318ceyl	155	marketrates
vol013_tropicalagricult1318ceyl	233	marketrates
vol013_tropicalagricult1318ceyl	307	marketrates
vol013_tropicalagricult1318ceyl	381	marketrates
vol013_tropicalagricult1318ceyl	455	marketrates
vol013_tropicalagricult1318ceyl	603	marketrates
vol013_tropicalagricult1318ceyl	827	marketrates
vol013_tropicalagricult1318ceyl	83	marketrates
vol014_tropicalagricult1418ceyl	161	marketrates
vol014_tropicalagricult1418ceyl	229	marketrates
vol014_tropicalagricult1418ceyl	305	marketrates
vol014_tropicalagricult1418ceyl	383	marketrates
vol014_tropicalagricult1418ceyl	475	marketrates
vol014_tropicalagricult1418ceyl	551	marketrates
vol014_tropicalagricult1418ceyl	691	marketrates
vol014_tropicalagricult1418ceyl	759	marketrates
vol014_tropicalagricult1418ceyl	828	other
vol015_tropicalagricult1518ceyl	1043	saleslist
vol015_tropicalagricult1518ceyl	1048	saleslist
vol015_tropicalagricult1518ceyl	1050	saleslist
vol015_tropicalagricult1518ceyl	1082	saleslist
vol015_tropicalagricult1518ceyl	1106	saleslist
vol015_tropicalagricult1518ceyl	163	marketrates
vol015_tropicalagricult1518ceyl	237	marketrates
vol015_tropicalagricult1518ceyl	385	marketrates
vol015_tropicalagricult1518ceyl	459	marketrates
vol015_tropicalagricult1518ceyl	89	marketrates
vol015_tropicalagricult1518ceyl	920	saleslist
vol015_tropicalagricult1518ceyl	926	saleslist
vol015_tropicalagricult1518ceyl	992	saleslist
vol016_tropicalagricult1618ceyl	1027	saleslist
vol016_tropicalagricult1618ceyl	1035	saleslist
vol016_tropicalagricult1618ceyl	1062	saleslist
vol016_tropicalagricult1618ceyl	1100	saleslist
vol016_tropicalagricult1618ceyl	596	other
vol016_tropicalagricult1618ceyl	597	marketrates
vol016_tropicalagricult1618ceyl	905	marketrates
vol016_tropicalagricult1618ceyl	956	saleslist
vol016_tropicalagricult1618ceyl	988	saleslist
vol017_tropicalagricult1718ceyl	1128	saleslist
vol017_tropicalagricult1718ceyl	241	marketrates
vol017_tropicalagricult1718ceyl	397	marketrates
vol017_tropicalagricult1718ceyl	549	marketrates
vol017_tropicalagricult1718ceyl	767	marketrates
vol017_tropicalagricult1718ceyl	928	saleslist
vol017_tropicalagricult1718ceyl	955	saleslist
vol017_tropicalagricult1718ceyl	982	saleslist
vol017_tropicalagricult1718ceyl	991	saleslist
vol018_tropicalagricult1818ceyl	1027	saleslist
vol018_tropicalagricult1818ceyl	1089	saleslist
vol018_tropicalagricult1818ceyl	1156	saleslist
vol018_tropicalagricult1818ceyl	1167	saleslist
vol018_tropicalagricult1818ceyl	1176	saleslist
vol018_tropicalagricult1818ceyl	1195	saleslist
vol018_tropicalagricult1818ceyl	155	marketrates
vol018_tropicalagricult1818ceyl	239	marketrates
vol018_tropicalagricult1818ceyl	389	marketrates
vol018_tropicalagricult1818ceyl	473	marketrates
vol018_tropicalagricult1818ceyl	687	marketrates
vol018_tropicalagricult1818ceyl	763	marketrates
vol018_tropicalagricult1818ceyl	83	marketrates
vol018_tropicalagricult1818ceyl	837	marketrates
vol018_tropicalagricult1818ceyl	917	marketrates
vol019_tropicalagricult1918ceyl	1000	saleslist
vol019_tropicalagricult1918ceyl	1011	saleslist
vol019_tropicalagricult1918ceyl	1019	saleslist
vol019_tropicalagricult1918ceyl	1028	saleslist
vol019_tropicalagricult1918ceyl	1055	saleslist
vol019_tropicalagricult1918ceyl	1068	saleslist
vol019_tropicalagricult1918ceyl	1071	saleslist
vol019_tropicalagricult1918ceyl	1103	saleslist
vol019_tropicalagricult1918ceyl	1121	saleslist
vol019_tropicalagricult1918ceyl	1130	saleslist
vol019_tropicalagricult1918ceyl	1134	saleslist
vol019_tropicalagricult1918ceyl	1145	saleslist
vol019_tropicalagricult1918ceyl	1146	saleslist
vol019_tropicalagricult1918ceyl	1152	saleslist
vol019_tropicalagricult1918ceyl	1175	saleslist
vol019_tropicalagricult1918ceyl	1177	saleslist
vol019_tropicalagricult1918ceyl	1179	saleslist
vol019_tropicalagricult1918ceyl	1185	saleslist
vol019_tropicalagricult1918ceyl	1189	saleslist
vol019_tropicalagricult1918ceyl	309	marketrates
vol019_tropicalagricult1918ceyl	380	rainfall
vol019_tropicalagricult1918ceyl	383	marketrates
vol019_tropicalagricult1918ceyl	457	marketrates
vol019_tropicalagricult1918ceyl	531	marketrates
vol019_tropicalagricult1918ceyl	739	marketrates
vol019_tropicalagricult1918ceyl	80	rainfall
vol019_tropicalagricult1918ceyl	814	rainfall
vol019_tropicalagricult1918ceyl	891	marketrates
vol019_tropicalagricult1918ceyl	939	other
vol019_tropicalagricult1918ceyl	940	other
vol019_tropicalagricult1918ceyl	956	saleslist
vol019_tropicalagricult1918ceyl	964	saleslist
vol019_tropicalagricult1918ceyl	999	saleslist
vol020_tropicalagricult2019ceyl	1015	saleslist
vol020_tropicalagricult2019ceyl	1024	saleslist
vol020_tropicalagricult2019ceyl	1037	saleslist
vol020_tropicalagricult2019ceyl	1043	saleslist
vol020_tropicalagricult2019ceyl	1055	saleslist
vol020_tropicalagricult2019ceyl	1066	saleslist
vol020_tropicalagricult2019ceyl	1084	saleslist
vol020_tropicalagricult2019ceyl	1088	saleslist
vol020_tropicalagricult2019ceyl	1089	saleslist
vol020_tropicalagricult2019ceyl	1097	saleslist
vol020_tropicalagricult2019ceyl	1121	saleslist
vol020_tropicalagricult2019ceyl	1126	saleslist
vol020_tropicalagricult2019ceyl	1132	saleslist
vol020_tropicalagricult2019ceyl	1144	saleslist
vol020_tropicalagricult2019ceyl	1150	saleslist
vol020_tropicalagricult2019ceyl	1160	saleslist
vol020_tropicalagricult2019ceyl	1162	saleslist
vol020_tropicalagricult2019ceyl	1171	saleslist
vol020_tropicalagricult2019ceyl	1174	saleslist
vol020_tropicalagricult2019ceyl	1199	saleslist
vol020_tropicalagricult2019ceyl	1210	saleslist
vol020_tropicalagricult2019ceyl	161	marketrates
vol020_tropicalagricult2019ceyl	237	marketrates
vol020_tropicalagricult2019ceyl	311	marketrates
vol020_tropicalagricult2019ceyl	385	marketrates
vol020_tropicalagricult2019ceyl	459	marketrates
vol020_tropicalagricult2019ceyl	533	marketrates
vol020_tropicalagricult2019ceyl	597	marketrates
vol020_tropicalagricult2019ceyl	751	marketrates
vol020_tropicalagricult2019ceyl	897	marketrates
vol020_tropicalagricult2019ceyl	940	saleslist
vol020_tropicalagricult2019ceyl	946	saleslist
vol020_tropicalagricult2019ceyl	952	saleslist
vol020_tropicalagricult2019ceyl	970	saleslist
vol020_tropicalagricult2019ceyl	972	saleslist
vol020_tropicalagricult2019ceyl	986	saleslist
vol021_tropicalagricult2119ceyl	1008	saleslist
vol021_tropicalagricult2119ceyl	1028	saleslist
vol021_tropicalagricult2119ceyl	1047	saleslist
vol021_tropicalagricult2119ceyl	1053	saleslist
vol021_tropicalagricult2119ceyl	1066	saleslist
vol021_tropicalagricult2119ceyl	1073	saleslist
vol021_tropicalagricult2119ceyl	1086	saleslist
vol021_tropicalagricult2119ceyl	1111	saleslist
vol021_tropicalagricult2119ceyl	1125	saleslist
vol021_tropicalagricult2119ceyl	1151	saleslist
vol021_tropicalagricult2119ceyl	1161	saleslist
vol021_tropicalagricult2119ceyl	1170	saleslist
vol021_tropicalagricult2119ceyl	1174	saleslist
vol021_tropicalagricult2119ceyl	1175	saleslist
vol021_tropicalagricult2119ceyl	229	marketrates
vol021_tropicalagricult2119ceyl	375	marketrates
vol021_tropicalagricult2119ceyl	449	marketrates
vol021_tropicalagricult2119ceyl	523	marketrates
vol021_tropicalagricult2119ceyl	924	saleslist
vol021_tropicalagricult2119ceyl	930	saleslist
vol021_tropicalagricult2119ceyl	942	saleslist
vol021_tropicalagricult2119ceyl	980	saleslist
vol021_tropicalagricult2119ceyl	985	saleslist
vol022_tropicalagricult2219ceyl	231	marketrates
vol022_tropicalagricult2219ceyl	305	marketrates
vol022_tropicalagricult2219ceyl	659	marketrates
vol022_tropicalagricult2219ceyl	83	marketrates
vol022_tropicalagricult2219ceyl	945	other
vol022_tropicalagricult2219ceyl	946	other
vol022_tropicalagricult2219ceyl	966	saleslist
vol022_tropicalagricult2219ceyl	967	saleslist
vol022_tropicalagricult2219ceyl	968	saleslist
vol022_tropicalagricult2219ceyl	973	saleslist
vol030_tropicalagricul301908ceyl	511	marketrates
vol030_tropicalagricul301908ceyl	621	marketrates
vol031_tropicalagricul311908ceyl	197	marketrates
vol031_tropicalagricul311908ceyl	309	marketrates
vol032_tropicalagricul321909ceyl	97	marketrates
vol035_tropicalagricul351910ceyl	303	marketrates
vol040_lbg-630-5-tag-v-40	159	marketrates
vol048_iss04_tropical-agriculturist-1917-04-48-4	65	marketrates
vol097_iss03_tropical-agriculturist-1941-09-97-3	29	other
