vol021_tropicalagricult2119ceyl	1175	saleslist
vol019_tropicalagricult1918ceyl	1146	saleslist
vol019_tropicalagricult1918ceyl	956	saleslist-missed
vol020_tropicalagricult2019ceyl	1015	saleslist
vol020_tropicalagricult2019ceyl	1024	saleslist
vol021_tropicalagricult2119ceyl	924	teasales
vol019_tropicalagricult1918ceyl	1175	teasales
vol019_tropicalagricult1918ceyl	309	marketrates
vol011_tropicalagricult1118ceyl	235	marketrates
vol022_tropicalagricult2219ceyl	231	marketrates
vol008_tropicalagricult8188ceyl	819	marketrates
vol019_tropicalagricult1918ceyl	380	rainfall
vol019_tropicalagricult1918ceyl	80	rainfall
vol012_tropicalagricult1218ceyl	1228	control-widetable
