vol002_tropicalagricult18821883colo	1027	953	276	marketrates
vol002_tropicalagricult18821883colo	17	1001	407	marketrates
vol003_tropicalagricult18831884colo	237	971	394	marketrates
vol003_tropicalagricult18831884colo	317	971	347	marketrates
vol003_tropicalagricult18831884colo	397	971	369	marketrates
vol003_tropicalagricult18831884colo	625	977	374	marketrates
vol003_tropicalagricult18831884colo	705	968	408	marketrates
vol003_tropicalagricult18831884colo	785	971	377	marketrates
vol003_tropicalagricult18831884colo	873	971	284	marketrates
vol003_tropicalagricult18831884colo	953	971	0	marketrates
vol003_tropicalagricult18831884colo	97	965	395	marketrates
vol004_tropicalagricult18841885colo	12	947	381	marketrates
vol004_tropicalagricult18841885colo	185	962	0	marketrates
vol004_tropicalagricult18841885colo	273	962	348	marketrates
vol004_tropicalagricult18841885colo	361	962	315	marketrates
vol004_tropicalagricult18841885colo	441	962	303	marketrates
vol004_tropicalagricult18841885colo	521	962	234	marketrates
vol004_tropicalagricult18841885colo	745	962	298	marketrates
vol004_tropicalagricult18841885colo	817	962	358	marketrates
vol004_tropicalagricult18841885colo	889	962	361	marketrates
vol005_tropicalagricult18851886colo	539	942	320	marketrates
vol005_tropicalagricult18851886colo	683	942	339	marketrates
vol005_tropicalagricult18851886colo	827	942	304	marketrates
vol006_tropicalagricult18861887colo	161	1241	531	marketrates
vol006_tropicalagricult18861887colo	233	1241	557	marketrates
vol006_tropicalagricult18861887colo	305	1241	499	marketrates
vol006_tropicalagricult18861887colo	377	1241	439	marketrates
vol006_tropicalagricult18861887colo	449	1241	361	marketrates
vol006_tropicalagricult18861887colo	521	1241	401	marketrates
vol006_tropicalagricult18861887colo	585	1241	465	marketrates
vol006_tropicalagricult18861887colo	729	1233	424	marketrates
vol006_tropicalagricult18861887colo	801	1245	351	marketrates
vol006_tropicalagricult18861887colo	89	1241	528	marketrates
vol007_tropicalagricult7188ceyl	171	1210	386	marketrates
vol007_tropicalagricult7188ceyl	459	1202	377	marketrates
vol007_tropicalagricult7188ceyl	675	1222	364	marketrates
vol007_tropicalagricult7188ceyl	819	1262	383	marketrates
vol008_tropicalagricult8188ceyl	169	1223	520	marketrates
vol008_tropicalagricult8188ceyl	313	1223	546	marketrates
vol008_tropicalagricult8188ceyl	385	1207	388	marketrates
vol008_tropicalagricult8188ceyl	819	1181	368	marketrates
vol008_tropicalagricult8188ceyl	895	1197	355	marketrates
vol009_tropicalagricult9188ceyl	255	1125	375	marketrates
vol009_tropicalagricult9188ceyl	335	1129	348	marketrates
vol009_tropicalagricult9188ceyl	903	1133	372	marketrates
vol010_tropicalagricult1018ceyl	345	1114	335	marketrates
vol010_tropicalagricult1018ceyl	507	1106	455	marketrates
vol010_tropicalagricult1018ceyl	571	1110	487	marketrates
vol010_tropicalagricult1018ceyl	785	1090	351	marketrates
vol010_tropicalagricult1018ceyl	857	1102	363	marketrates
vol011_tropicalagricult1118ceyl	171	1101	368	marketrates
vol011_tropicalagricult1118ceyl	235	1161	332	marketrates
vol011_tropicalagricult1118ceyl	387	1153	341	marketrates
vol011_tropicalagricult1118ceyl	531	1101	375	marketrates
vol011_tropicalagricult1118ceyl	707	1113	352	marketrates
vol011_tropicalagricult1118ceyl	787	1133	375	marketrates
vol011_tropicalagricult1118ceyl	867	1117	265	marketrates
vol012_tropicalagricult1218ceyl	249	1114	398	marketrates
vol012_tropicalagricult1218ceyl	321	1146	430	marketrates
vol012_tropicalagricult1218ceyl	393	1110	367	marketrates
vol012_tropicalagricult1218ceyl	465	1094	362	marketrates
vol012_tropicalagricult1218ceyl	521	1102	272	marketrates
vol012_tropicalagricult1218ceyl	577	1118	388	marketrates
vol012_tropicalagricult1218ceyl	757	1080	122	marketrates
vol012_tropicalagricult1218ceyl	97	1110	435	marketrates
vol013_tropicalagricult1318ceyl	155	1232	327	marketrates
vol013_tropicalagricult1318ceyl	233	1116	380	marketrates
vol013_tropicalagricult1318ceyl	307	1248	404	marketrates
vol013_tropicalagricult1318ceyl	381	1140	322	marketrates
vol013_tropicalagricult1318ceyl	455	1144	284	marketrates
vol013_tropicalagricult1318ceyl	603	1172	236	marketrates
vol013_tropicalagricult1318ceyl	827	1159	272	marketrates
vol013_tropicalagricult1318ceyl	83	1232	397	marketrates
vol014_tropicalagricult1418ceyl	161	1118	283	marketrates
vol014_tropicalagricult1418ceyl	229	1066	305	marketrates
vol014_tropicalagricult1418ceyl	305	1106	427	marketrates
vol014_tropicalagricult1418ceyl	383	1062	310	marketrates
vol014_tropicalagricult1418ceyl	475	1122	247	marketrates
vol014_tropicalagricult1418ceyl	551	1122	430	marketrates
vol014_tropicalagricult1418ceyl	691	1201	361	marketrates
vol014_tropicalagricult1418ceyl	759	1175	0	marketrates
vol014_tropicalagricult1418ceyl	828	1430	140	marketrates
vol015_tropicalagricult1518ceyl	1043	1165	551	saleslist
vol015_tropicalagricult1518ceyl	1048	1269	311	saleslist
vol015_tropicalagricult1518ceyl	1050	1245	197	saleslist
vol015_tropicalagricult1518ceyl	1082	1245	204	saleslist
vol015_tropicalagricult1518ceyl	1106	1245	173	saleslist
vol015_tropicalagricult1518ceyl	163	1245	554	marketrates
vol015_tropicalagricult1518ceyl	237	1245	340	marketrates
vol015_tropicalagricult1518ceyl	385	1257	362	marketrates
vol015_tropicalagricult1518ceyl	459	1289	462	marketrates
vol015_tropicalagricult1518ceyl	89	1345	298	marketrates
vol015_tropicalagricult1518ceyl	920	1221	316	saleslist
vol015_tropicalagricult1518ceyl	926	1237	170	saleslist
vol015_tropicalagricult1518ceyl	992	1245	304	saleslist
vol016_tropicalagricult1618ceyl	1027	1217	101	saleslist
vol016_tropicalagricult1618ceyl	1035	1221	125	saleslist
vol016_tropicalagricult1618ceyl	1062	1229	160	saleslist
vol016_tropicalagricult1618ceyl	1100	1221	200	saleslist
vol016_tropicalagricult1618ceyl	596	1189	533	marketrates
vol016_tropicalagricult1618ceyl	597	1221	259	marketrates
vol016_tropicalagricult1618ceyl	905	1217	516	marketrates
vol016_tropicalagricult1618ceyl	956	1221	141	saleslist
vol016_tropicalagricult1618ceyl	988	1233	299	saleslist
vol017_tropicalagricult1718ceyl	1128	1136	247	saleslist
vol017_tropicalagricult1718ceyl	241	1080	286	marketrates
vol017_tropicalagricult1718ceyl	397	1080	298	marketrates
vol017_tropicalagricult1718ceyl	549	1080	0	marketrates
vol017_tropicalagricult1718ceyl	767	1076	295	marketrates
vol017_tropicalagricult1718ceyl	928	1136	301	saleslist
vol017_tropicalagricult1718ceyl	955	1080	0	saleslist
vol017_tropicalagricult1718ceyl	982	1136	209	saleslist
vol017_tropicalagricult1718ceyl	991	1080	151	saleslist
vol018_tropicalagricult1818ceyl	1027	1144	200	saleslist
vol018_tropicalagricult1818ceyl	1089	1168	271	saleslist
vol018_tropicalagricult1818ceyl	1156	1136	480	saleslist
vol018_tropicalagricult1818ceyl	1167	1136	201	saleslist
vol018_tropicalagricult1818ceyl	1176	1136	389	saleslist
vol018_tropicalagricult1818ceyl	1195	1136	198	saleslist
vol018_tropicalagricult1818ceyl	155	1138	606	marketrates
vol018_tropicalagricult1818ceyl	239	1154	336	marketrates
vol018_tropicalagricult1818ceyl	389	1064	363	marketrates
vol018_tropicalagricult1818ceyl	473	1116	237	marketrates
vol018_tropicalagricult1818ceyl	687	1116	154	marketrates
vol018_tropicalagricult1818ceyl	763	1100	410	marketrates
vol018_tropicalagricult1818ceyl	83	1138	445	marketrates
vol018_tropicalagricult1818ceyl	837	1148	333	marketrates
vol018_tropicalagricult1818ceyl	917	1140	294	marketrates
vol019_tropicalagricult1918ceyl	1000	1121	0	saleslist
vol019_tropicalagricult1918ceyl	1011	1058	184	saleslist
vol019_tropicalagricult1918ceyl	1019	1098	336	saleslist
vol019_tropicalagricult1918ceyl	1028	1137	141	saleslist
vol019_tropicalagricult1918ceyl	1055	1090	205	saleslist
vol019_tropicalagricult1918ceyl	1068	1121	0	saleslist
vol019_tropicalagricult1918ceyl	1071	1090	132	saleslist
vol019_tropicalagricult1918ceyl	1103	1106	305	saleslist
vol019_tropicalagricult1918ceyl	1121	1118	320	saleslist
vol019_tropicalagricult1918ceyl	1130	1125	125	saleslist
vol019_tropicalagricult1918ceyl	1134	1121	116	saleslist
vol019_tropicalagricult1918ceyl	1145	1098	375	saleslist
vol019_tropicalagricult1918ceyl	1146	1121	171	saleslist
vol019_tropicalagricult1918ceyl	1152	1121	116	saleslist
vol019_tropicalagricult1918ceyl	1175	1078	288	saleslist
vol019_tropicalagricult1918ceyl	1177	1102	133	saleslist
vol019_tropicalagricult1918ceyl	1179	1094	367	saleslist
vol019_tropicalagricult1918ceyl	1185	1094	0	saleslist
vol019_tropicalagricult1918ceyl	1189	1074	133	saleslist
vol019_tropicalagricult1918ceyl	309	1170	301	marketrates
vol019_tropicalagricult1918ceyl	380	1141	146	rainfall
vol019_tropicalagricult1918ceyl	383	1154	245	marketrates
vol019_tropicalagricult1918ceyl	457	1206	278	marketrates
vol019_tropicalagricult1918ceyl	531	1180	277	marketrates
vol019_tropicalagricult1918ceyl	739	1152	282	marketrates
vol019_tropicalagricult1918ceyl	80	1170	0	rainfall
vol019_tropicalagricult1918ceyl	814	1087	495	rainfall
vol019_tropicalagricult1918ceyl	891	1158	285	marketrates
vol019_tropicalagricult1918ceyl	956	1174	182	saleslist
vol019_tropicalagricult1918ceyl	964	1161	165	saleslist
vol019_tropicalagricult1918ceyl	999	1094	388	saleslist
vol020_tropicalagricult2019ceyl	1015	1103	121	saleslist
vol020_tropicalagricult2019ceyl	1024	1095	0	saleslist
vol020_tropicalagricult2019ceyl	1037	1099	0	saleslist
vol020_tropicalagricult2019ceyl	1043	1087	161	saleslist
vol020_tropicalagricult2019ceyl	1055	1103	169	saleslist
vol020_tropicalagricult2019ceyl	1066	1103	192	saleslist
vol020_tropicalagricult2019ceyl	1084	1103	185	saleslist
vol020_tropicalagricult2019ceyl	1088	1099	186	saleslist
vol020_tropicalagricult2019ceyl	1089	1103	187	saleslist
vol020_tropicalagricult2019ceyl	1097	1099	314	saleslist
vol020_tropicalagricult2019ceyl	1121	1103	241	saleslist
vol020_tropicalagricult2019ceyl	1126	1099	179	saleslist
vol020_tropicalagricult2019ceyl	1132	1103	197	saleslist
vol020_tropicalagricult2019ceyl	1144	1103	143	saleslist
vol020_tropicalagricult2019ceyl	1150	1103	126	saleslist
vol020_tropicalagricult2019ceyl	1160	1103	194	saleslist
vol020_tropicalagricult2019ceyl	1162	1359	207	saleslist
vol020_tropicalagricult2019ceyl	1171	1103	151	saleslist
vol020_tropicalagricult2019ceyl	1174	1103	258	saleslist
vol020_tropicalagricult2019ceyl	1199	1103	141	saleslist
vol020_tropicalagricult2019ceyl	1210	1103	196	saleslist
vol020_tropicalagricult2019ceyl	161	921	0	marketrates
vol020_tropicalagricult2019ceyl	237	1133	323	marketrates
vol020_tropicalagricult2019ceyl	311	1177	321	marketrates
vol020_tropicalagricult2019ceyl	385	1189	351	marketrates
vol020_tropicalagricult2019ceyl	459	1170	360	marketrates
vol020_tropicalagricult2019ceyl	533	1197	277	marketrates
vol020_tropicalagricult2019ceyl	597	1201	296	marketrates
vol020_tropicalagricult2019ceyl	751	921	378	marketrates
vol020_tropicalagricult2019ceyl	897	1149	422	marketrates
vol020_tropicalagricult2019ceyl	940	1132	158	saleslist
vol020_tropicalagricult2019ceyl	946	1103	276	saleslist
vol020_tropicalagricult2019ceyl	952	1103	176	saleslist
vol020_tropicalagricult2019ceyl	970	1103	171	saleslist
vol020_tropicalagricult2019ceyl	972	1103	180	saleslist
vol020_tropicalagricult2019ceyl	986	1103	163	saleslist
vol021_tropicalagricult2119ceyl	1008	1123	444	saleslist
vol021_tropicalagricult2119ceyl	1028	1115	250	saleslist
vol021_tropicalagricult2119ceyl	1047	1162	168	saleslist
vol021_tropicalagricult2119ceyl	1053	1166	120	saleslist
vol021_tropicalagricult2119ceyl	1066	1111	161	saleslist
vol021_tropicalagricult2119ceyl	1073	1162	220	saleslist
vol021_tropicalagricult2119ceyl	1086	1123	179	saleslist
vol021_tropicalagricult2119ceyl	1111	1162	135	saleslist
vol021_tropicalagricult2119ceyl	1125	1162	109	saleslist
vol021_tropicalagricult2119ceyl	1151	1162	188	saleslist
vol021_tropicalagricult2119ceyl	1161	1162	209	saleslist
vol021_tropicalagricult2119ceyl	1170	1127	314	saleslist
vol021_tropicalagricult2119ceyl	1174	1079	379	saleslist
vol021_tropicalagricult2119ceyl	1175	1170	255	saleslist
vol021_tropicalagricult2119ceyl	229	1149	436	marketrates
vol021_tropicalagricult2119ceyl	375	1160	323	marketrates
vol021_tropicalagricult2119ceyl	449	1135	252	marketrates
vol021_tropicalagricult2119ceyl	523	1016	456	marketrates
vol021_tropicalagricult2119ceyl	924	1135	361	saleslist
vol021_tropicalagricult2119ceyl	930	1135	138	saleslist
vol021_tropicalagricult2119ceyl	942	1123	365	saleslist
vol021_tropicalagricult2119ceyl	980	1123	0	saleslist
vol021_tropicalagricult2119ceyl	985	1162	356	saleslist
vol022_tropicalagricult2219ceyl	231	1106	254	marketrates
vol022_tropicalagricult2219ceyl	305	1003	421	marketrates
vol022_tropicalagricult2219ceyl	659	1108	462	marketrates
vol022_tropicalagricult2219ceyl	83	1087	260	marketrates
vol022_tropicalagricult2219ceyl	966	1122	398	saleslist
vol022_tropicalagricult2219ceyl	967	1107	133	saleslist
vol022_tropicalagricult2219ceyl	968	1122	144	saleslist
vol022_tropicalagricult2219ceyl	973	1107	438	saleslist
vol030_tropicalagricul301908ceyl	511	1095	209	marketrates
vol030_tropicalagricul301908ceyl	621	1103	217	marketrates
vol031_tropicalagricul311908ceyl	197	1109	210	marketrates
vol031_tropicalagricul311908ceyl	309	1101	230	marketrates
vol032_tropicalagricul321909ceyl	97	1100	0	marketrates
vol035_tropicalagricul351910ceyl	303	1068	397	marketrates
vol040_lbg-630-5-tag-v-40	159	1589	596	marketrates
vol048_iss04_tropical-agriculturist-1917-04-48-4	65	1164	268	marketrates
