id	display_name	slug	live_url
11119951	view profile	abeyedeera-mr-j-g	https://www.historyofceylontea.com/tea-planters/planters-registry/abeyedeera-mr-j-g--11119951.html
11119643	view profile	abeyedeera-j-g	https://www.historyofceylontea.com/tea-planters/planters-registry/abeyedeera-j-g--11119643.html
11133283	view profile	aiyadorai-walter	https://www.historyofceylontea.com/tea-planters/planters-registry/aiyadorai-walter--11133283.html
11133284	view profile	aiyadorai-freddy	https://www.historyofceylontea.com/tea-planters/planters-registry/aiyadorai-freddy--11133284.html
11125843	view profile	amarasinghe-a-m-p	https://www.historyofceylontea.com/tea-planters/planters-registry/amarasinghe-a-m-p--11125843.html
11133046	view profile	amarasinghe-f-r	https://www.historyofceylontea.com/tea-planters/planters-registry/amarasinghe-f-r--11133046.html
11133285	view profile	amarasuriya-henry	https://www.historyofceylontea.com/tea-planters/planters-registry/amarasuriya-henry--11133285.html
11133286	view profile	amarasuriya-francis	https://www.historyofceylontea.com/tea-planters/planters-registry/amarasuriya-francis--11133286.html
11133287	view profile	amarasuriya-thomas-buddhadasa	https://www.historyofceylontea.com/tea-planters/planters-registry/amarasuriya-thomas-buddhadasa--11133287.html
11133243	view profile	atapattu-saliya	https://www.historyofceylontea.com/tea-planters/planters-registry/atapattu-saliya--11133243.html
11133082	view profile	atapattu-tissa	https://www.historyofceylontea.com/tea-planters/planters-registry/atapattu-tissa--11133082.html
11132962	view profile	atapattu-jivaka	https://www.historyofceylontea.com/tea-planters/planters-registry/atapattu-jivaka--11132962.html
11133288	view profile	athukorale-neville	https://www.historyofceylontea.com/tea-planters/planters-registry/athukorale-neville--11133288.html
11133289	view profile	athukorale-sunil	https://www.historyofceylontea.com/tea-planters/planters-registry/athukorale-sunil--11133289.html
11133290	view profile	balthazaar-rex	https://www.historyofceylontea.com/tea-planters/planters-registry/balthazaar-rex--11133290.html
11133291	view profile	balthazaar-wilhelm	https://www.historyofceylontea.com/tea-planters/planters-registry/balthazaar-wilhelm--11133291.html
11133292	view profile	bandaranaike-ananda	https://www.historyofceylontea.com/tea-planters/planters-registry/bandaranaike-ananda--11133292.html
11133293	view profile	bandaranaike-ravi	https://www.historyofceylontea.com/tea-planters/planters-registry/bandaranaike-ravi--11133293.html
11133294	view profile	j-r-b-barclay-j-r-b	https://www.historyofceylontea.com/tea-planters/planters-registry/j-r-b-barclay-j-r-b--11133294.html
11133295	view profile	barclay-j-l-roberts	https://www.historyofceylontea.com/tea-planters/planters-registry/barclay-j-l-roberts--11133295.html
11133296	view profile	barclay-r-j-roberts-snr	https://www.historyofceylontea.com/tea-planters/planters-registry/barclay-r-j-roberts-snr--11133296.html
11133297	view profile	barclay-p-h-roberts	https://www.historyofceylontea.com/tea-planters/planters-registry/barclay-p-h-roberts--11133297.html
11133298	view profile	barclay-r-j-roberts-jnr	https://www.historyofceylontea.com/tea-planters/planters-registry/barclay-r-j-roberts-jnr--11133298.html
11133067	view profile	bean-chris	https://www.historyofceylontea.com/tea-planters/planters-registry/bean-chris--11133067.html
11133300	view profile	bean-richard-dick	https://www.historyofceylontea.com/tea-planters/planters-registry/bean-richard-dick--11133300.html
11133301	view profile	bogtstra-wilhelm	https://www.historyofceylontea.com/tea-planters/planters-registry/bogtstra-wilhelm--11133301.html
11133302	view profile	bogtstra-lucas	https://www.historyofceylontea.com/tea-planters/planters-registry/bogtstra-lucas--11133302.html
11129357	view profile	bolling-john	https://www.historyofceylontea.com/tea-planters/planters-registry/bolling-john--11129357.html
11133303	view profile	bolling-norman	https://www.historyofceylontea.com/tea-planters/planters-registry/bolling-norman--11133303.html
11133304	view profile	bolling-ralph	https://www.historyofceylontea.com/tea-planters/planters-registry/bolling-ralph--11133304.html
11133305	view profile	bolling-robert	https://www.historyofceylontea.com/tea-planters/planters-registry/bolling-robert--11133305.html
11133306	view profile	bolling-allan	https://www.historyofceylontea.com/tea-planters/planters-registry/bolling-allan--11133306.html
11121748	view profile	bolster-s	https://www.historyofceylontea.com/tea-planters/planters-registry/bolster-s--11121748.html
11133089	view profile	bolster-richard	https://www.historyofceylontea.com/tea-planters/planters-registry/bolster-richard--11133089.html
11133307	view profile	bond-wilfred	https://www.historyofceylontea.com/tea-planters/planters-registry/bond-wilfred--11133307.html
11133308	view profile	bond-david	https://www.historyofceylontea.com/tea-planters/planters-registry/bond-david--11133308.html
11133309	view profile	boralessa-kumar	https://www.historyofceylontea.com/tea-planters/planters-registry/boralessa-kumar--11133309.html
11133310	view profile	boralessa-ranjith	https://www.historyofceylontea.com/tea-planters/planters-registry/boralessa-ranjith--11133310.html
11133311	view profile	boralessa-nihal	https://www.historyofceylontea.com/tea-planters/planters-registry/boralessa-nihal--11133311.html
11132989	view profile	bousfield-ted	https://www.historyofceylontea.com/tea-planters/planters-registry/bousfield-ted--11132989.html
11133312	view profile	bousfield-john	https://www.historyofceylontea.com/tea-planters/planters-registry/bousfield-john--11133312.html
11133313	view profile	boyd-moss-tony	https://www.historyofceylontea.com/tea-planters/planters-registry/boyd-moss-tony--11133313.html
11133314	view profile	boyd-moss-michael	https://www.historyofceylontea.com/tea-planters/planters-registry/boyd-moss-michael--11133314.html
11133315	view profile	boyd-moss-john	https://www.historyofceylontea.com/tea-planters/planters-registry/boyd-moss-john--11133315.html
11133316	view profile	brodie-raja	https://www.historyofceylontea.com/tea-planters/planters-registry/brodie-raja--11133316.html
11133317	view profile	brodie-chandika	https://www.historyofceylontea.com/tea-planters/planters-registry/brodie-chandika--11133317.html
11133318	view profile	callendar-a-d	https://www.historyofceylontea.com/tea-planters/planters-registry/callendar-a-d--11133318.html
11133319	view profile	callendar-ralph-snr	https://www.historyofceylontea.com/tea-planters/planters-registry/callendar-ralph-snr--11133319.html
11133320	view profile	callendar-ralph-jnr	https://www.historyofceylontea.com/tea-planters/planters-registry/callendar-ralph-jnr--11133320.html
11128569	view profile	cameron-eric-c	https://www.historyofceylontea.com/tea-planters/planters-registry/cameron-eric-c--11128569.html
11133321	view profile	cameron-ian	https://www.historyofceylontea.com/tea-planters/planters-registry/cameron-ian--11133321.html
11133322	view profile	cameron-peter	https://www.historyofceylontea.com/tea-planters/planters-registry/cameron-peter--11133322.html
11133323	view profile	cameron-barry	https://www.historyofceylontea.com/tea-planters/planters-registry/cameron-barry--11133323.html
11133324	view profile	clarke-peter	https://www.historyofceylontea.com/tea-planters/planters-registry/clarke-peter--11133324.html
11133325	view profile	clarke-mike	https://www.historyofceylontea.com/tea-planters/planters-registry/clarke-mike--11133325.html
11133326	view profile	dassanayaka-nissanka	https://www.historyofceylontea.com/tea-planters/planters-registry/dassanayaka-nissanka--11133326.html
11133329	view profile	dassanayaka-parakrama	https://www.historyofceylontea.com/tea-planters/planters-registry/dassanayaka-parakrama--11133329.html
11133330	view profile	davies-conway	https://www.historyofceylontea.com/tea-planters/planters-registry/davies-conway--11133330.html
11133331	view profile	davies-david	https://www.historyofceylontea.com/tea-planters/planters-registry/davies-david--11133331.html
11133237	view profile	de-alwis-mahinda	https://www.historyofceylontea.com/tea-planters/planters-registry/de-alwis-mahinda--11133237.html
11133333	view profile	de-alwis-ananda	https://www.historyofceylontea.com/tea-planters/planters-registry/de-alwis-ananda--11133333.html
11133334	view profile	de-alwis-ananda	https://www.historyofceylontea.com/tea-planters/planters-registry/de-alwis-ananda--11133334.html
11133335	view profile	de-alwis-sunil	https://www.historyofceylontea.com/tea-planters/planters-registry/de-alwis-sunil--11133335.html
11133336	view profile	de-costa-malcolm-snr	https://www.historyofceylontea.com/tea-planters/planters-registry/de-costa-malcolm-snr--11133336.html
11133337	view profile	de-costa-malcolm-jnr	https://www.historyofceylontea.com/tea-planters/planters-registry/de-costa-malcolm-jnr--11133337.html
11133338	view profile	de-costa-harin	https://www.historyofceylontea.com/tea-planters/planters-registry/de-costa-harin--11133338.html
11133339	view profile	de-costa-richard	https://www.historyofceylontea.com/tea-planters/planters-registry/de-costa-richard--11133339.html
11133340	view profile	de-costa-rukmal	https://www.historyofceylontea.com/tea-planters/planters-registry/de-costa-rukmal--11133340.html
11133341	view profile	de-fonseka-doug	https://www.historyofceylontea.com/tea-planters/planters-registry/de-fonseka-doug--11133341.html
11133342	view profile	de-fonseka-dinky	https://www.historyofceylontea.com/tea-planters/planters-registry/de-fonseka-dinky--11133342.html
11133343	view profile	de-fonseka-nilkamal	https://www.historyofceylontea.com/tea-planters/planters-registry/de-fonseka-nilkamal--11133343.html
11133344	view profile	de-kretser-amyas	https://www.historyofceylontea.com/tea-planters/planters-registry/de-kretser-amyas--11133344.html
11133345	view profile	de-kretser-geoffrey	https://www.historyofceylontea.com/tea-planters/planters-registry/de-kretser-geoffrey--11133345.html
11133346	view profile	de-mel-rodney	https://www.historyofceylontea.com/tea-planters/planters-registry/de-mel-rodney--11133346.html
11133347	view profile	de-mel-gerry	https://www.historyofceylontea.com/tea-planters/planters-registry/de-mel-gerry--11133347.html
11133348	view profile	de-mel-anil	https://www.historyofceylontea.com/tea-planters/planters-registry/de-mel-anil--11133348.html
11133349	view profile	de-run-carl	https://www.historyofceylontea.com/tea-planters/planters-registry/de-run-carl--11133349.html
11133350	view profile	de-run-gerald	https://www.historyofceylontea.com/tea-planters/planters-registry/de-run-gerald--11133350.html
11133351	view profile	de-run-malcolm	https://www.historyofceylontea.com/tea-planters/planters-registry/de-run-malcolm--11133351.html
11133352	view profile	de-run-freddie	https://www.historyofceylontea.com/tea-planters/planters-registry/de-run-freddie--11133352.html
11133353	view profile	de-silva-anil	https://www.historyofceylontea.com/tea-planters/planters-registry/de-silva-anil--11133353.html
11133354	view profile	de-silva-manik	https://www.historyofceylontea.com/tea-planters/planters-registry/de-silva-manik--11133354.html
11133355	view profile	de-silva-asoka	https://www.historyofceylontea.com/tea-planters/planters-registry/de-silva-asoka--11133355.html
11133356	view profile	de-silva-nicko	https://www.historyofceylontea.com/tea-planters/planters-registry/de-silva-nicko--11133356.html
11133357	view profile	de-silva-ubaya	https://www.historyofceylontea.com/tea-planters/planters-registry/de-silva-ubaya--11133357.html
11133358	view profile	de-silva-chula	https://www.historyofceylontea.com/tea-planters/planters-registry/de-silva-chula--11133358.html
11133359	view profile	de-silva-tilak	https://www.historyofceylontea.com/tea-planters/planters-registry/de-silva-tilak--11133359.html
11133361	view profile	de-silva-chandima	https://www.historyofceylontea.com/tea-planters/planters-registry/de-silva-chandima--11133361.html
11133360	view profile	de-silva-buddhima	https://www.historyofceylontea.com/tea-planters/planters-registry/de-silva-buddhima--11133360.html
11133362	view profile	de-zoysa-sarath	https://www.historyofceylontea.com/tea-planters/planters-registry/de-zoysa-sarath--11133362.html
11133363	view profile	de-zoysa-agbo	https://www.historyofceylontea.com/tea-planters/planters-registry/de-zoysa-agbo--11133363.html
11133364	view profile	delwita-manthi	https://www.historyofceylontea.com/tea-planters/planters-registry/delwita-manthi--11133364.html
11133365	view profile	delwita-dushantha	https://www.historyofceylontea.com/tea-planters/planters-registry/delwita-dushantha--11133365.html
11133366	view profile	dias-abeynanda	https://www.historyofceylontea.com/tea-planters/planters-registry/dias-abeynanda--11133366.html
11133367	view profile	dias-tharanga	https://www.historyofceylontea.com/tea-planters/planters-registry/dias-tharanga--11133367.html
11133368	view profile	dias-lakshman	https://www.historyofceylontea.com/tea-planters/planters-registry/dias-lakshman--11133368.html
11133369	view profile	dias-mahendra	https://www.historyofceylontea.com/tea-planters/planters-registry/dias-mahendra--11133369.html
11133370	view profile	dias-malcolm	https://www.historyofceylontea.com/tea-planters/planters-registry/dias-malcolm--11133370.html
11133371	view profile	dias-kishan	https://www.historyofceylontea.com/tea-planters/planters-registry/dias-kishan--11133371.html
11133372	view profile	dias-naomal	https://www.historyofceylontea.com/tea-planters/planters-registry/dias-naomal--11133372.html
11133373	view profile	dias-manik	https://www.historyofceylontea.com/tea-planters/planters-registry/dias-manik--11133373.html
11133374	view profile	dirckze-vinnie	https://www.historyofceylontea.com/tea-planters/planters-registry/dirckze-vinnie--11133374.html
11133375	view profile	dirckze-mark	https://www.historyofceylontea.com/tea-planters/planters-registry/dirckze-mark--11133375.html
11133376	view profile	dunuwila-lesley	https://www.historyofceylontea.com/tea-planters/planters-registry/dunuwila-lesley--11133376.html
11133377	view profile	dunuwila-hiran	https://www.historyofceylontea.com/tea-planters/planters-registry/dunuwila-hiran--11133377.html
11133378	view profile	durrant-charlie	https://www.historyofceylontea.com/tea-planters/planters-registry/durrant-charlie--11133378.html
11133379	view profile	durrant-colin	https://www.historyofceylontea.com/tea-planters/planters-registry/durrant-colin--11133379.html
11133380	view profile	durrant-rodney	https://www.historyofceylontea.com/tea-planters/planters-registry/durrant-rodney--11133380.html
11133381	view profile	durrant-horace	https://www.historyofceylontea.com/tea-planters/planters-registry/durrant-horace--11133381.html
11132971	view profile	ebbels-david-l	https://www.historyofceylontea.com/tea-planters/planters-registry/ebbels-david-l--11132971.html
11125039	view profile	ebbels-george-l	https://www.historyofceylontea.com/tea-planters/planters-registry/ebbels-george-l--11125039.html
11133384	view profile	emersley-robert	https://www.historyofceylontea.com/tea-planters/planters-registry/emersley-robert--11133384.html
11133385	view profile	emersley-derek	https://www.historyofceylontea.com/tea-planters/planters-registry/emersley-derek--11133385.html
11113045	view profile	faulkner-e-c	https://www.historyofceylontea.com/tea-planters/planters-registry/faulkner-e-c--11113045.html
11133387	view profile	faulkner-j	https://www.historyofceylontea.com/tea-planters/planters-registry/faulkner-j--11133387.html
11133388	view profile	fernando-lasantha	https://www.historyofceylontea.com/tea-planters/planters-registry/fernando-lasantha--11133388.html
11133389	view profile	fernando-anil	https://www.historyofceylontea.com/tea-planters/planters-registry/fernando-anil--11133389.html
11133390	view profile	fernando-y-m	https://www.historyofceylontea.com/tea-planters/planters-registry/fernando-y-m--11133390.html
11133391	view profile	fernando-anil	https://www.historyofceylontea.com/tea-planters/planters-registry/fernando-anil--11133391.html
11133393	view profile	fonseka-manukula	https://www.historyofceylontea.com/tea-planters/planters-registry/fonseka-manukula--11133393.html
11133392	view profile	fonseka-mahinda	https://www.historyofceylontea.com/tea-planters/planters-registry/fonseka-mahinda--11133392.html
11133394	view profile	furlong-malcolm-snr	https://www.historyofceylontea.com/tea-planters/planters-registry/furlong-malcolm-snr--11133394.html
11133395	view profile	furlong-malcolm-jnr	https://www.historyofceylontea.com/tea-planters/planters-registry/furlong-malcolm-jnr--11133395.html
11133396	view profile	gibbon-david	https://www.historyofceylontea.com/tea-planters/planters-registry/gibbon-david--11133396.html
11133397	view profile	gibbon-maurice	https://www.historyofceylontea.com/tea-planters/planters-registry/gibbon-maurice--11133397.html
11133398	view profile	gnanaratnam-e-d	https://www.historyofceylontea.com/tea-planters/planters-registry/gnanaratnam-e-d--11133398.html
11133399	view profile	gnanaratnam-rajiv	https://www.historyofceylontea.com/tea-planters/planters-registry/gnanaratnam-rajiv--11133399.html
11133400	view profile	gunasekera-kumar	https://www.historyofceylontea.com/tea-planters/planters-registry/gunasekera-kumar--11133400.html
11132952	view profile	gunasekera-nishan	https://www.historyofceylontea.com/tea-planters/planters-registry/gunasekera-nishan--11132952.html
11133402	view profile	habaragoda-leslie	https://www.historyofceylontea.com/tea-planters/planters-registry/habaragoda-leslie--11133402.html
11133403	view profile	habaragoda-palitha	https://www.historyofceylontea.com/tea-planters/planters-registry/habaragoda-palitha--11133403.html
11133404	view profile	harley-louie	https://www.historyofceylontea.com/tea-planters/planters-registry/harley-louie--11133404.html
11133405	view profile	harley-robert-snr	https://www.historyofceylontea.com/tea-planters/planters-registry/harley-robert-snr--11133405.html
11133406	view profile	harley-basil	https://www.historyofceylontea.com/tea-planters/planters-registry/harley-basil--11133406.html
11133407	view profile	harley-norman-jnr	https://www.historyofceylontea.com/tea-planters/planters-registry/harley-norman-jnr--11133407.html
11133408	view profile	harley-robert-jnr	https://www.historyofceylontea.com/tea-planters/planters-registry/harley-robert-jnr--11133408.html
11133409	view profile	harley-louie-basil	https://www.historyofceylontea.com/tea-planters/planters-registry/harley-louie-basil--11133409.html
11133411	view profile	harley-michael	https://www.historyofceylontea.com/tea-planters/planters-registry/harley-michael--11133411.html
11133412	view profile	henry-e-v	https://www.historyofceylontea.com/tea-planters/planters-registry/henry-e-v--11133412.html
11133413	view profile	henry-earle	https://www.historyofceylontea.com/tea-planters/planters-registry/henry-earle--11133413.html
11133414	view profile	herath-asoka	https://www.historyofceylontea.com/tea-planters/planters-registry/herath-asoka--11133414.html
11133415	view profile	herath-ravi	https://www.historyofceylontea.com/tea-planters/planters-registry/herath-ravi--11133415.html
11133416	view profile	herath-sunil-herath	https://www.historyofceylontea.com/tea-planters/planters-registry/herath-sunil-herath--11133416.html
11133417	view profile	herath-lionel	https://www.historyofceylontea.com/tea-planters/planters-registry/herath-lionel--11133417.html
11133418	view profile	hermon-berty	https://www.historyofceylontea.com/tea-planters/planters-registry/hermon-berty--11133418.html
11133419	view profile	hermon-duncan	https://www.historyofceylontea.com/tea-planters/planters-registry/hermon-duncan--11133419.html
11133420	view profile	hermon-tyrone	https://www.historyofceylontea.com/tea-planters/planters-registry/hermon-tyrone--11133420.html
11122034	view profile	hermon-reginald	https://www.historyofceylontea.com/tea-planters/planters-registry/hermon-reginald--11122034.html
11133422	view profile	hermon-rex	https://www.historyofceylontea.com/tea-planters/planters-registry/hermon-rex--11133422.html
11133423	view profile	hermon-maurice	https://www.historyofceylontea.com/tea-planters/planters-registry/hermon-maurice--11133423.html
11133424	view profile	hermon-richard	https://www.historyofceylontea.com/tea-planters/planters-registry/hermon-richard--11133424.html
11133425	view profile	hermon-willie	https://www.historyofceylontea.com/tea-planters/planters-registry/hermon-willie--11133425.html
11133426	view profile	hermon-roy	https://www.historyofceylontea.com/tea-planters/planters-registry/hermon-roy--11133426.html
11133427	view profile	hermon-deutram	https://www.historyofceylontea.com/tea-planters/planters-registry/hermon-deutram--11133427.html
11111161	view profile	hillman-stanley	https://www.historyofceylontea.com/tea-planters/planters-registry/hillman-stanley--11111161.html
11114341	view profile	hillman-bertram	https://www.historyofceylontea.com/tea-planters/planters-registry/hillman-bertram--11114341.html
11133244	view profile	hillman-john	https://www.historyofceylontea.com/tea-planters/planters-registry/hillman-john--11133244.html
11133247	view profile	hillman-jeremy	https://www.historyofceylontea.com/tea-planters/planters-registry/hillman-jeremy--11133247.html
11133248	view profile	hillman-kenneth-john	https://www.historyofceylontea.com/tea-planters/planters-registry/hillman-kenneth-john--11133248.html
11133428	view profile	holsinger-travice	https://www.historyofceylontea.com/tea-planters/planters-registry/holsinger-travice--11133428.html
11133429	view profile	holsinger-monte	https://www.historyofceylontea.com/tea-planters/planters-registry/holsinger-monte--11133429.html
11133430	view profile	holsinger-bernard	https://www.historyofceylontea.com/tea-planters/planters-registry/holsinger-bernard--11133430.html
11133431	view profile	horsfall-mike	https://www.historyofceylontea.com/tea-planters/planters-registry/horsfall-mike--11133431.html
11133432	view profile	horsfall-tony	https://www.historyofceylontea.com/tea-planters/planters-registry/horsfall-tony--11133432.html
11132960	view profile	howie-tyrone	https://www.historyofceylontea.com/tea-planters/planters-registry/howie-tyrone--11132960.html
11133433	view profile	howie-arthur	https://www.historyofceylontea.com/tea-planters/planters-registry/howie-arthur--11133433.html
11133434	view profile	howie-ryan	https://www.historyofceylontea.com/tea-planters/planters-registry/howie-ryan--11133434.html
11133435	view profile	howie-bryan	https://www.historyofceylontea.com/tea-planters/planters-registry/howie-bryan--11133435.html
11133436	view profile	idippilly-andrew	https://www.historyofceylontea.com/tea-planters/planters-registry/idippilly-andrew--11133436.html
11133437	view profile	idippilly-mahes	https://www.historyofceylontea.com/tea-planters/planters-registry/idippilly-mahes--11133437.html
11133438	view profile	idippilly-viraj	https://www.historyofceylontea.com/tea-planters/planters-registry/idippilly-viraj--11133438.html
11133439	view profile	illangakoon-merrill	https://www.historyofceylontea.com/tea-planters/planters-registry/illangakoon-merrill--11133439.html
11133440	view profile	illangakoon-sepala	https://www.historyofceylontea.com/tea-planters/planters-registry/illangakoon-sepala--11133440.html
11133441	view profile	illangakoon-nihal	https://www.historyofceylontea.com/tea-planters/planters-registry/illangakoon-nihal--11133441.html
11133442	view profile	imbuldeniya-ranjith	https://www.historyofceylontea.com/tea-planters/planters-registry/imbuldeniya-ranjith--11133442.html
11133443	view profile	imbuldeniya-sarath	https://www.historyofceylontea.com/tea-planters/planters-registry/imbuldeniya-sarath--11133443.html
11133444	view profile	jayasekera-ana	https://www.historyofceylontea.com/tea-planters/planters-registry/jayasekera-ana--11133444.html
11133445	view profile	jayasekera-sarath	https://www.historyofceylontea.com/tea-planters/planters-registry/jayasekera-sarath--11133445.html
11133446	view profile	jayasinghe-mervyn	https://www.historyofceylontea.com/tea-planters/planters-registry/jayasinghe-mervyn--11133446.html
11133447	view profile	jayasinghe-ravi	https://www.historyofceylontea.com/tea-planters/planters-registry/jayasinghe-ravi--11133447.html
11133448	view profile	jayawardena-m-p-s	https://www.historyofceylontea.com/tea-planters/planters-registry/jayawardena-m-p-s--11133448.html
11133449	view profile	jayawardena-gamini	https://www.historyofceylontea.com/tea-planters/planters-registry/jayawardena-gamini--11133449.html
11133450	view profile	jayawardena-tissa	https://www.historyofceylontea.com/tea-planters/planters-registry/jayawardena-tissa--11133450.html
11133451	view profile	jayawardena-sarath	https://www.historyofceylontea.com/tea-planters/planters-registry/jayawardena-sarath--11133451.html
11133452	view profile	jenkins-eddie	https://www.historyofceylontea.com/tea-planters/planters-registry/jenkins-eddie--11133452.html
11133453	view profile	jenkins-douglas	https://www.historyofceylontea.com/tea-planters/planters-registry/jenkins-douglas--11133453.html
11133454	view profile	jinadasa-frank	https://www.historyofceylontea.com/tea-planters/planters-registry/jinadasa-frank--11133454.html
11133455	view profile	jinadasa-alan	https://www.historyofceylontea.com/tea-planters/planters-registry/jinadasa-alan--11133455.html
11133217	view profile	kanagasabai-selva	https://www.historyofceylontea.com/tea-planters/planters-registry/kanagasabai-selva--11133217.html
11133456	view profile	kanagasabai-noel	https://www.historyofceylontea.com/tea-planters/planters-registry/kanagasabai-noel--11133456.html
11133457	view profile	kehelpannala-asoka	https://www.historyofceylontea.com/tea-planters/planters-registry/kehelpannala-asoka--11133457.html
11133458	view profile	kehelpannala-roshan	https://www.historyofceylontea.com/tea-planters/planters-registry/kehelpannala-roshan--11133458.html
11132950	view profile	koch-travis	https://www.historyofceylontea.com/tea-planters/planters-registry/koch-travis--11132950.html
11133459	view profile	koch-wilhelm	https://www.historyofceylontea.com/tea-planters/planters-registry/koch-wilhelm--11133459.html
11133460	view profile	kotalawela-prasanna	https://www.historyofceylontea.com/tea-planters/planters-registry/kotalawela-prasanna--11133460.html
11133461	view profile	kotalawela-ravi	https://www.historyofceylontea.com/tea-planters/planters-registry/kotalawela-ravi--11133461.html
11133218	view profile	kreltszheim-frederick	https://www.historyofceylontea.com/tea-planters/planters-registry/kreltszheim-frederick--11133218.html
11133463	view profile	kreltszheim-duncan	https://www.historyofceylontea.com/tea-planters/planters-registry/kreltszheim-duncan--11133463.html
11133470	view profile	la-brooy-trevor	https://www.historyofceylontea.com/tea-planters/planters-registry/la-brooy-trevor--11133470.html
11133471	view profile	la-brooy-bertram	https://www.historyofceylontea.com/tea-planters/planters-registry/la-brooy-bertram--11133471.html
11133014	view profile	leard-cecil	https://www.historyofceylontea.com/tea-planters/planters-registry/leard-cecil--11133014.html
11133032	view profile	leard-john	https://www.historyofceylontea.com/tea-planters/planters-registry/leard-john--11133032.html
11133474	view profile	liyanage-nilan	https://www.historyofceylontea.com/tea-planters/planters-registry/liyanage-nilan--11133474.html
11133475	view profile	liyanage-shanilka	https://www.historyofceylontea.com/tea-planters/planters-registry/liyanage-shanilka--11133475.html
11133476	view profile	madawela-gamini	https://www.historyofceylontea.com/tea-planters/planters-registry/madawela-gamini--11133476.html
11133477	view profile	madawela-ananda	https://www.historyofceylontea.com/tea-planters/planters-registry/madawela-ananda--11133477.html
11133478	view profile	madawela-gamini	https://www.historyofceylontea.com/tea-planters/planters-registry/madawela-gamini--11133478.html
11133479	view profile	madawela-nalaka	https://www.historyofceylontea.com/tea-planters/planters-registry/madawela-nalaka--11133479.html
11133480	view profile	madena-ananda	https://www.historyofceylontea.com/tea-planters/planters-registry/madena-ananda--11133480.html
11133481	view profile	madena-rohan	https://www.historyofceylontea.com/tea-planters/planters-registry/madena-rohan--11133481.html
11133482	view profile	madena-ananda	https://www.historyofceylontea.com/tea-planters/planters-registry/madena-ananda--11133482.html
11133483	view profile	madena-suren	https://www.historyofceylontea.com/tea-planters/planters-registry/madena-suren--11133483.html
11133500	view profile	madena-rohan	https://www.historyofceylontea.com/tea-planters/planters-registry/madena-rohan--11133500.html
11133045	view profile	madena-denham	https://www.historyofceylontea.com/tea-planters/planters-registry/madena-denham--11133045.html
11133485	view profile	madena-rehan	https://www.historyofceylontea.com/tea-planters/planters-registry/madena-rehan--11133485.html
11133486	view profile	mathavan-aru	https://www.historyofceylontea.com/tea-planters/planters-registry/mathavan-aru--11133486.html
11133487	view profile	mathavan-kaushalya	https://www.historyofceylontea.com/tea-planters/planters-registry/mathavan-kaushalya--11133487.html
11133488	view profile	mcleod-r-a-f-snr	https://www.historyofceylontea.com/tea-planters/planters-registry/mcleod-r-a-f-snr--11133488.html
11133489	view profile	mcleod-r-a-f-jnr	https://www.historyofceylontea.com/tea-planters/planters-registry/mcleod-r-a-f-jnr--11133489.html
11133490	view profile	mitchell-elmo	https://www.historyofceylontea.com/tea-planters/planters-registry/mitchell-elmo--11133490.html
11133491	view profile	mitchell-duleeka	https://www.historyofceylontea.com/tea-planters/planters-registry/mitchell-duleeka--11133491.html
11133492	view profile	moneypenny-bryan	https://www.historyofceylontea.com/tea-planters/planters-registry/moneypenny-bryan--11133492.html
11133493	view profile	moneypenny-bill	https://www.historyofceylontea.com/tea-planters/planters-registry/moneypenny-bill--11133493.html
11133494	view profile	mossop-chris	https://www.historyofceylontea.com/tea-planters/planters-registry/mossop-chris--11133494.html
11133495	view profile	mossop-john	https://www.historyofceylontea.com/tea-planters/planters-registry/mossop-john--11133495.html
11133496	view profile	munasinghe-hugh	https://www.historyofceylontea.com/tea-planters/planters-registry/munasinghe-hugh--11133496.html
11133497	view profile	munasinghe-anil	https://www.historyofceylontea.com/tea-planters/planters-registry/munasinghe-anil--11133497.html
11133498	view profile	munasinghe-lalith	https://www.historyofceylontea.com/tea-planters/planters-registry/munasinghe-lalith--11133498.html
11133499	view profile	munasinghe-saman	https://www.historyofceylontea.com/tea-planters/planters-registry/munasinghe-saman--11133499.html
11133501	view profile	munaweera-lionel	https://www.historyofceylontea.com/tea-planters/planters-registry/munaweera-lionel--11133501.html
11133502	view profile	munaweera-derek	https://www.historyofceylontea.com/tea-planters/planters-registry/munaweera-derek--11133502.html
11132983	view profile	munaweera-ronald	https://www.historyofceylontea.com/tea-planters/planters-registry/munaweera-ronald--11132983.html
11132986	view profile	munaweera-brian	https://www.historyofceylontea.com/tea-planters/planters-registry/munaweera-brian--11132986.html
11132999	view profile	munaweera-cedric	https://www.historyofceylontea.com/tea-planters/planters-registry/munaweera-cedric--11132999.html
11133506	view profile	munaweera-cecil	https://www.historyofceylontea.com/tea-planters/planters-registry/munaweera-cecil--11133506.html
11133507	view profile	murray-fred	https://www.historyofceylontea.com/tea-planters/planters-registry/murray-fred--11133507.html
11133508	view profile	murray-jim	https://www.historyofceylontea.com/tea-planters/planters-registry/murray-jim--11133508.html
11133509	view profile	murray-fred	https://www.historyofceylontea.com/tea-planters/planters-registry/murray-fred--11133509.html
11133510	view profile	murray-ken	https://www.historyofceylontea.com/tea-planters/planters-registry/murray-ken--11133510.html
11133511	view profile	newman-ivor	https://www.historyofceylontea.com/tea-planters/planters-registry/newman-ivor--11133511.html
11133512	view profile	newman-steve	https://www.historyofceylontea.com/tea-planters/planters-registry/newman-steve--11133512.html
11133513	view profile	newman-mike	https://www.historyofceylontea.com/tea-planters/planters-registry/newman-mike--11133513.html
11133514	view profile	nicol-angus	https://www.historyofceylontea.com/tea-planters/planters-registry/nicol-angus--11133514.html
11133515	view profile	nicol-ian	https://www.historyofceylontea.com/tea-planters/planters-registry/nicol-ian--11133515.html
11133516	view profile	nugawela-trevor	https://www.historyofceylontea.com/tea-planters/planters-registry/nugawela-trevor--11133516.html
11133517	view profile	nugawela-cuda	https://www.historyofceylontea.com/tea-planters/planters-registry/nugawela-cuda--11133517.html
11133518	view profile	obeysekera-lalith	https://www.historyofceylontea.com/tea-planters/planters-registry/obeysekera-lalith--11133518.html
11133519	view profile	obeysekera-shiran	https://www.historyofceylontea.com/tea-planters/planters-registry/obeysekera-shiran--11133519.html
11133520	view profile	odayar-uvais	https://www.historyofceylontea.com/tea-planters/planters-registry/odayar-uvais--11133520.html
11133521	view profile	odayar-ikram	https://www.historyofceylontea.com/tea-planters/planters-registry/odayar-ikram--11133521.html
11133522	view profile	odayar-reza	https://www.historyofceylontea.com/tea-planters/planters-registry/odayar-reza--11133522.html
11133523	view profile	odayar-zavavi	https://www.historyofceylontea.com/tea-planters/planters-registry/odayar-zavavi--11133523.html
11133524	view profile	oliver-robert	https://www.historyofceylontea.com/tea-planters/planters-registry/oliver-robert--11133524.html
11133525	view profile	oliver-leslie	https://www.historyofceylontea.com/tea-planters/planters-registry/oliver-leslie--11133525.html
11133526	view profile	oliver-arden	https://www.historyofceylontea.com/tea-planters/planters-registry/oliver-arden--11133526.html
11133527	view profile	omar-iswan	https://www.historyofceylontea.com/tea-planters/planters-registry/omar-iswan--11133527.html
11133036	view profile	omar-tarique	https://www.historyofceylontea.com/tea-planters/planters-registry/omar-tarique--11133036.html
11133013	view profile	ondaatje-david	https://www.historyofceylontea.com/tea-planters/planters-registry/ondaatje-david--11133013.html
11133530	view profile	ondaatje-mike	https://www.historyofceylontea.com/tea-planters/planters-registry/ondaatje-mike--11133530.html
11133531	view profile	ondaatje-ronald	https://www.historyofceylontea.com/tea-planters/planters-registry/ondaatje-ronald--11133531.html
11133533	view profile	paranavitana-raymond	https://www.historyofceylontea.com/tea-planters/planters-registry/paranavitana-raymond--11133533.html
11133534	view profile	paranavitana-frank	https://www.historyofceylontea.com/tea-planters/planters-registry/paranavitana-frank--11133534.html
11133535	view profile	parker-barney	https://www.historyofceylontea.com/tea-planters/planters-registry/parker-barney--11133535.html
11133536	view profile	parker-david	https://www.historyofceylontea.com/tea-planters/planters-registry/parker-david--11133536.html
11133537	view profile	parker-bryan	https://www.historyofceylontea.com/tea-planters/planters-registry/parker-bryan--11133537.html
11133538	view profile	parker-robin	https://www.historyofceylontea.com/tea-planters/planters-registry/parker-robin--11133538.html
11133539	view profile	patterson-mansfield	https://www.historyofceylontea.com/tea-planters/planters-registry/patterson-mansfield--11133539.html
11133540	view profile	patterson-charles	https://www.historyofceylontea.com/tea-planters/planters-registry/patterson-charles--11133540.html
11133541	view profile	patterson-hubert	https://www.historyofceylontea.com/tea-planters/planters-registry/patterson-hubert--11133541.html
11133542	view profile	pereira-bryan	https://www.historyofceylontea.com/tea-planters/planters-registry/pereira-bryan--11133542.html
11133543	view profile	pereira-alan	https://www.historyofceylontea.com/tea-planters/planters-registry/pereira-alan--11133543.html
11133544	view profile	perera-mervyn	https://www.historyofceylontea.com/tea-planters/planters-registry/perera-mervyn--11133544.html
11133545	view profile	perera-tyronne	https://www.historyofceylontea.com/tea-planters/planters-registry/perera-tyronne--11133545.html
11133546	view profile	perera-peter	https://www.historyofceylontea.com/tea-planters/planters-registry/perera-peter--11133546.html
11133547	view profile	perera-amal	https://www.historyofceylontea.com/tea-planters/planters-registry/perera-amal--11133547.html
11133548	view profile	perera-kumudu	https://www.historyofceylontea.com/tea-planters/planters-registry/perera-kumudu--11133548.html
11133549	view profile	perera-r-l	https://www.historyofceylontea.com/tea-planters/planters-registry/perera-r-l--11133549.html
11133550	view profile	perera-r-l-a	https://www.historyofceylontea.com/tea-planters/planters-registry/perera-r-l-a--11133550.html
11133551	view profile	perera-ryle	https://www.historyofceylontea.com/tea-planters/planters-registry/perera-ryle--11133551.html
11133552	view profile	perera-errol	https://www.historyofceylontea.com/tea-planters/planters-registry/perera-errol--11133552.html
11133553	view profile	perera-brian	https://www.historyofceylontea.com/tea-planters/planters-registry/perera-brian--11133553.html
11132976	view profile	perera-tony	https://www.historyofceylontea.com/tea-planters/planters-registry/perera-tony--11132976.html
11133555	view profile	perera-dushy	https://www.historyofceylontea.com/tea-planters/planters-registry/perera-dushy--11133555.html
11133556	view profile	peries-gamini	https://www.historyofceylontea.com/tea-planters/planters-registry/peries-gamini--11133556.html
11133557	view profile	peries-eroshan	https://www.historyofceylontea.com/tea-planters/planters-registry/peries-eroshan--11133557.html
11113421	view profile	perkins-g-g	https://www.historyofceylontea.com/tea-planters/planters-registry/perkins-g-g--11113421.html
11133559	view profile	perkins-ian	https://www.historyofceylontea.com/tea-planters/planters-registry/perkins-ian--11133559.html
11133560	view profile	perkins-david	https://www.historyofceylontea.com/tea-planters/planters-registry/perkins-david--11133560.html
11132988	view profile	picken-lindsay	https://www.historyofceylontea.com/tea-planters/planters-registry/picken-lindsay--11132988.html
11132987	view profile	picken-neville	https://www.historyofceylontea.com/tea-planters/planters-registry/picken-neville--11132987.html
11133563	view profile	pilapitiya-senarat	https://www.historyofceylontea.com/tea-planters/planters-registry/pilapitiya-senarat--11133563.html
11133564	view profile	pilapitiya-t-b	https://www.historyofceylontea.com/tea-planters/planters-registry/pilapitiya-t-b--11133564.html
11133565	view profile	pilimitalauwa-tissa	https://www.historyofceylontea.com/tea-planters/planters-registry/pilimitalauwa-tissa--11133565.html
11133566	view profile	pilimitalauwa-lionel	https://www.historyofceylontea.com/tea-planters/planters-registry/pilimitalauwa-lionel--11133566.html
11133567	view profile	pilimitalauwa-ananda	https://www.historyofceylontea.com/tea-planters/planters-registry/pilimitalauwa-ananda--11133567.html
11133568	view profile	pilimitalauwa-nissanka	https://www.historyofceylontea.com/tea-planters/planters-registry/pilimitalauwa-nissanka--11133568.html
11132947	view profile	rajadurai-roshan	https://www.historyofceylontea.com/tea-planters/planters-registry/rajadurai-roshan--11132947.html
11133047	view profile	rajiah-e-s-sam	https://www.historyofceylontea.com/tea-planters/planters-registry/rajiah-e-s-sam--11133047.html
11133569	view profile	rajiah-reggie	https://www.historyofceylontea.com/tea-planters/planters-registry/rajiah-reggie--11133569.html
11133570	view profile	ratwatte-brian	https://www.historyofceylontea.com/tea-planters/planters-registry/ratwatte-brian--11133570.html
11133571	view profile	ratwatte-carl	https://www.historyofceylontea.com/tea-planters/planters-registry/ratwatte-carl--11133571.html
11133039	view profile	ratwatte-dilakshan	https://www.historyofceylontea.com/tea-planters/planters-registry/ratwatte-dilakshan--11133039.html
11133573	view profile	ratwatte-dennis	https://www.historyofceylontea.com/tea-planters/planters-registry/ratwatte-dennis--11133573.html
11133574	view profile	ratwatte-roshan	https://www.historyofceylontea.com/tea-planters/planters-registry/ratwatte-roshan--11133574.html
11133575	view profile	ratwatte-felix	https://www.historyofceylontea.com/tea-planters/planters-registry/ratwatte-felix--11133575.html
11133576	view profile	ratwatte-mahinda	https://www.historyofceylontea.com/tea-planters/planters-registry/ratwatte-mahinda--11133576.html
11133577	view profile	ratwatte-tilak	https://www.historyofceylontea.com/tea-planters/planters-registry/ratwatte-tilak--11133577.html
11133578	view profile	ratwatte-jayantissa	https://www.historyofceylontea.com/tea-planters/planters-registry/ratwatte-jayantissa--11133578.html
11133579	view profile	ratwatte-nihal	https://www.historyofceylontea.com/tea-planters/planters-registry/ratwatte-nihal--11133579.html
11133580	view profile	ratwatte-vernon	https://www.historyofceylontea.com/tea-planters/planters-registry/ratwatte-vernon--11133580.html
11133581	view profile	ratwatte-newell	https://www.historyofceylontea.com/tea-planters/planters-registry/ratwatte-newell--11133581.html
11133229	view profile	reith-robert-boyd	https://www.historyofceylontea.com/tea-planters/planters-registry/reith-robert-boyd--11133229.html
11133582	view profile	reith-duncan	https://www.historyofceylontea.com/tea-planters/planters-registry/reith-duncan--11133582.html
11133583	view profile	richardson-dudley	https://www.historyofceylontea.com/tea-planters/planters-registry/richardson-dudley--11133583.html
11133584	view profile	richardson-michael	https://www.historyofceylontea.com/tea-planters/planters-registry/richardson-michael--11133584.html
11133585	view profile	richardson-steve	https://www.historyofceylontea.com/tea-planters/planters-registry/richardson-steve--11133585.html
11133586	view profile	roberts-dennis	https://www.historyofceylontea.com/tea-planters/planters-registry/roberts-dennis--11133586.html
11133587	view profile	roberts-henry	https://www.historyofceylontea.com/tea-planters/planters-registry/roberts-henry--11133587.html
11133588	view profile	rodrigo-janalal	https://www.historyofceylontea.com/tea-planters/planters-registry/rodrigo-janalal--11133588.html
11133589	view profile	rodrigo-chitrasena	https://www.historyofceylontea.com/tea-planters/planters-registry/rodrigo-chitrasena--11133589.html
11133590	view profile	rodrigo-shirley	https://www.historyofceylontea.com/tea-planters/planters-registry/rodrigo-shirley--11133590.html
11133591	view profile	rodrigo-clinton	https://www.historyofceylontea.com/tea-planters/planters-registry/rodrigo-clinton--11133591.html
11133592	view profile	roeloffsz-clair	https://www.historyofceylontea.com/tea-planters/planters-registry/roeloffsz-clair--11133592.html
11133593	view profile	roeloffsz-johnny	https://www.historyofceylontea.com/tea-planters/planters-registry/roeloffsz-johnny--11133593.html
11133594	view profile	ross-don	https://www.historyofceylontea.com/tea-planters/planters-registry/ross-don--11133594.html
11133595	view profile	ross-mac	https://www.historyofceylontea.com/tea-planters/planters-registry/ross-mac--11133595.html
11133596	view profile	safferey-robert	https://www.historyofceylontea.com/tea-planters/planters-registry/safferey-robert--11133596.html
11133597	view profile	safferey-bob	https://www.historyofceylontea.com/tea-planters/planters-registry/safferey-bob--11133597.html
11133598	view profile	samarasingha-derrick	https://www.historyofceylontea.com/tea-planters/planters-registry/samarasingha-derrick--11133598.html
11133599	view profile	samarasingha-suren	https://www.historyofceylontea.com/tea-planters/planters-registry/samarasingha-suren--11133599.html
11133600	view profile	samarasinhe-nihal-baila	https://www.historyofceylontea.com/tea-planters/planters-registry/samarasinhe-nihal-baila--11133600.html
11133601	view profile	samarasinhe-mohan	https://www.historyofceylontea.com/tea-planters/planters-registry/samarasinhe-mohan--11133601.html
11133253	view profile	schokman-larry	https://www.historyofceylontea.com/tea-planters/planters-registry/schokman-larry--11133253.html
11133003	view profile	schokman-norman	https://www.historyofceylontea.com/tea-planters/planters-registry/schokman-norman--11133003.html
11132964	view profile	schokman-david	https://www.historyofceylontea.com/tea-planters/planters-registry/schokman-david--11132964.html
11133605	view profile	scobie-david	https://www.historyofceylontea.com/tea-planters/planters-registry/scobie-david--11133605.html
11133606	view profile	scobie-duncan	https://www.historyofceylontea.com/tea-planters/planters-registry/scobie-duncan--11133606.html
11133608	view profile	seneviratne-dayan	https://www.historyofceylontea.com/tea-planters/planters-registry/seneviratne-dayan--11133608.html
11132966	view profile	seneviratne-s-k	https://www.historyofceylontea.com/tea-planters/planters-registry/seneviratne-s-k--11132966.html
11133611	view profile	stewart-jimmy	https://www.historyofceylontea.com/tea-planters/planters-registry/stewart-jimmy--11133611.html
11133610	view profile	stewart-mike	https://www.historyofceylontea.com/tea-planters/planters-registry/stewart-mike--11133610.html
11133612	view profile	talwatte-derrick	https://www.historyofceylontea.com/tea-planters/planters-registry/talwatte-derrick--11133612.html
11133613	view profile	talwatte-malcolm	https://www.historyofceylontea.com/tea-planters/planters-registry/talwatte-malcolm--11133613.html
11133042	view profile	thompson-norman	https://www.historyofceylontea.com/tea-planters/planters-registry/thompson-norman--11133042.html
11133015	view profile	thompson-malcolm	https://www.historyofceylontea.com/tea-planters/planters-registry/thompson-malcolm--11133015.html
11133615	view profile	tissera-aubrey	https://www.historyofceylontea.com/tea-planters/planters-registry/tissera-aubrey--11133615.html
11133616	view profile	tissera-clive	https://www.historyofceylontea.com/tea-planters/planters-registry/tissera-clive--11133616.html
11133254	view profile	tissera-ralston	https://www.historyofceylontea.com/tea-planters/planters-registry/tissera-ralston--11133254.html
11132980	view profile	tissera-vernon	https://www.historyofceylontea.com/tea-planters/planters-registry/tissera-vernon--11132980.html
11133617	view profile	waddilove-malcolm-edward	https://www.historyofceylontea.com/tea-planters/planters-registry/waddilove-malcolm-edward--11133617.html
11133618	view profile	waddilove-edward-walter-thompson	https://www.historyofceylontea.com/tea-planters/planters-registry/waddilove-edward-walter-thompson--11133618.html
11133619	view profile	waddilove-malcolm-david	https://www.historyofceylontea.com/tea-planters/planters-registry/waddilove-malcolm-david--11133619.html
11133620	view profile	waddilove-clancy-thompson	https://www.historyofceylontea.com/tea-planters/planters-registry/waddilove-clancy-thompson--11133620.html
11133621	view profile	wadugodupitiya-eardley	https://www.historyofceylontea.com/tea-planters/planters-registry/wadugodupitiya-eardley--11133621.html
11133622	view profile	wadugodupitiya-ananda	https://www.historyofceylontea.com/tea-planters/planters-registry/wadugodupitiya-ananda--11133622.html
11133623	view profile	waring-archie	https://www.historyofceylontea.com/tea-planters/planters-registry/waring-archie--11133623.html
11133624	view profile	waring-mike	https://www.historyofceylontea.com/tea-planters/planters-registry/waring-mike--11133624.html
11133023	view profile	weerakoon-rohan	https://www.historyofceylontea.com/tea-planters/planters-registry/weerakoon-rohan--11133023.html
11133625	view profile	weerasinghe-gamini	https://www.historyofceylontea.com/tea-planters/planters-registry/weerasinghe-gamini--11133625.html
11133626	view profile	weerasinghe-manik	https://www.historyofceylontea.com/tea-planters/planters-registry/weerasinghe-manik--11133626.html
11133627	view profile	whitham-tony	https://www.historyofceylontea.com/tea-planters/planters-registry/whitham-tony--11133627.html
11133628	view profile	whitham-david	https://www.historyofceylontea.com/tea-planters/planters-registry/whitham-david--11133628.html
11133629	view profile	wickramasinghe-derek	https://www.historyofceylontea.com/tea-planters/planters-registry/wickramasinghe-derek--11133629.html
11133630	view profile	wickramasinghe-leonard	https://www.historyofceylontea.com/tea-planters/planters-registry/wickramasinghe-leonard--11133630.html
11132955	view profile	wickramasuriya-devaka	https://www.historyofceylontea.com/tea-planters/planters-registry/wickramasuriya-devaka--11132955.html
11133631	view profile	wickramasuriya-george	https://www.historyofceylontea.com/tea-planters/planters-registry/wickramasuriya-george--11133631.html
11133632	view profile	wickremeratne-bryan-wickremeratne	https://www.historyofceylontea.com/tea-planters/planters-registry/wickremeratne-bryan-wickremeratne--11133632.html
11133633	view profile	wickremeratne-ralph	https://www.historyofceylontea.com/tea-planters/planters-registry/wickremeratne-ralph--11133633.html
11133634	view profile	wijeratne-ranjan	https://www.historyofceylontea.com/tea-planters/planters-registry/wijeratne-ranjan--11133634.html
11133635	view profile	wijeratne-jagath	https://www.historyofceylontea.com/tea-planters/planters-registry/wijeratne-jagath--11133635.html
11133636	view profile	wimalaratne-sarath	https://www.historyofceylontea.com/tea-planters/planters-registry/wimalaratne-sarath--11133636.html
11133637	view profile	wimalaratne-laal	https://www.historyofceylontea.com/tea-planters/planters-registry/wimalaratne-laal--11133637.html
11133638	view profile	winter-edmund	https://www.historyofceylontea.com/tea-planters/planters-registry/winter-edmund--11133638.html
11133639	view profile	winter-willie	https://www.historyofceylontea.com/tea-planters/planters-registry/winter-willie--11133639.html
11133640	view profile	winter-roy	https://www.historyofceylontea.com/tea-planters/planters-registry/winter-roy--11133640.html
11133641	view profile	wright-alexander	https://www.historyofceylontea.com/tea-planters/planters-registry/wright-alexander--11133641.html
11133642	view profile	wright-edwards	https://www.historyofceylontea.com/tea-planters/planters-registry/wright-edwards--11133642.html
11133643	view profile	wright-louis	https://www.historyofceylontea.com/tea-planters/planters-registry/wright-louis--11133643.html
11133644	view profile	wright-alexander	https://www.historyofceylontea.com/tea-planters/planters-registry/wright-alexander--11133644.html
11133645	view profile	wright-peter	https://www.historyofceylontea.com/tea-planters/planters-registry/wright-peter--11133645.html
11133646	view profile	wright-edwards-ex-brunswick	https://www.historyofceylontea.com/tea-planters/planters-registry/wright-edwards-ex-brunswick--11133646.html
