mentions	key	surface	role	article
1	panama wood	Panama wood		vol040_lbg-630-5-tag-v-40#1913-01#076
1	chagual gum	Chagual gum	gum variety	vol003_tropicalagricult18831884colo#1884-03#105
1	ginglir	GINGLIR		vol022_tropicalagricult2219ceyl#1902-08#170
1	cashew liquor	cashew liquor	distilled product	vol092_tropical-agriculturist-1939-03-92#1939-03#006
1	rice conjee	rice conjee	food	vol014_tropicalagricult1418ceyl#1894-12#157
1	animal meal	Animal Meal	manure	vol052_iss03_tropical-agriculturist-1919-03-52-3#1919-03#012
1	antimony regulus	antimony regulus	native product for bonus	vol002_tropicalagricult18821883colo#1883-06#141
1	auriferous by-products	Auriferous By-products	export article	vol044_lbg-tropicalagricultvol-xliv0000unse-e6v7#1915-01#041
1	carnava	carnava	adulterant	vol012_tropicalagricult1218ceyl#1893-05#051
1	red earth	red earth	colouring agent	vol012_tropicalagricult1218ceyl#1892-07#073
1	peti-puwak	peti-puwak	dried broken nuts	vol074_dli-ernet-229223#1930-07#013
1	pecan meats	Pecan Meats	source of vitamin A	vol080_dli-ernet-229226#1933-11#010
1	australian orange	Australian orange	fruit	vol048_iss02_tropical-agriculturist-1917-02-48-2#1917-02#019
1	renewed succirubra cinchona bark	Renewed succirubra	bark variety	vol001_tropicalagricult1188ceyl#1881-06#074
1	beni rubber	Beni	grade of rubber	vol049_iss01_tropical-agriculturist-1917-07-49-1#1917-07#006
1	sesik	sesik	product	vol008_tropicalagricult8188ceyl#1889-03#009
1	bahia piassava	Bahia Piassava		vol015_tropicalagricult1518ceyl#1895-09#184
1	ben oil	Ben oil	material for perfumery and soap	vol008_tropicalagricult8188ceyl#1888-10#010
1	west indian sandal wood oil	West Indian sandal wood oil		vol007_tropicalagricult7188ceyl#1887-12#057
1	oil of bitter orange	oil of bitter orange		vol007_tropicalagricult7188ceyl#1888-01#125
1	sou-chong tea	Sou-chong	variety of black tea	vol012_tropicalagricult1218ceyl#1892-07#053
1	gruyere	Gruyere	cheese variety	vol084_tropical-agriculturist-1935-02-84#1935-02#006
1	civet	civet		vol007_tropicalagricult7188ceyl#1887-12#057
1	tobacco bush oil	tobacco bush oil	fragrant volatile oil from Jamaica	vol002_tropicalagricult18821883colo#1882-11#227
1	toitoeshell	TOITOESHELL		vol017_tropicalagricult1718ceyl#1898-06#110
1	meats	meats		vol017_tropicalagricult1718ceyl#1898-05#128
1	poppy cake	Poppy cake	feeding cake	vol014_tropicalagricult1418ceyl#1894-08#151
1	benesseed	benesseed	crop	vol022_tropicalagricult2219ceyl#1903-03#012
1	zirconia	zirconia	constituent	vol023_tropicalagricult2319ceyl#1904-06#035
1	wood-ashes	wood-ashes	manure	vol002_tropicalagricult18821883colo#1883-04#112
1	soap-lay	soap-lay	source of potash	vol007_tropicalagricult7188ceyl#1888-04#025
1	russian figs	Russian figs	vulgar name for carob beans	vol001_tropicalagricult1188ceyl#1881-06#064
1	helium	helium	gas extracted	vol023_tropicalagricult2319ceyl#1904-06#035
1	burlaps	burlaps		vol068_tropical-agriculturist-1927-02-68#1927-02#005
1	crocin	crocin	colouring matter	vol007_tropicalagricult7188ceyl#1888-02#033
1	coco butter	coco butter	manufactured product	vol035_tropicalagricul351910ceyl#1910-07#008
1	coca wine	coca wine	beverage	vol014_tropicalagricult1418ceyl#1895-03#061
1	c.n. oil	C.N. OIL	traded product	vol019_tropicalagricult1918ceyl#1899-11#020
1	areas	Areas		vol015_tropicalagricult1518ceyl#1895-11#013
1	argan oil	argan oil	product	vol003_tropicalagricult18831884colo#1884-02#046
1	viscose silk	viscose silk	artificial silk product	vol041_lbg-vol-xli-tropicalagricult0000dewi-t3r5#1913-07#048
1	tiger asahan	Tiger Asahan	rubber brand	vol026_tropicalagricul261906ceyl#1906-03#022
1	slime-apple	slime-apple	market product	vol007_tropicalagricult7188ceyl#1887-09#036
1	peckong	Peckong	tea grade	vol003_tropicalagricult18831884colo#1884-01#029
1	bombay myrabolans	Bombay		vol023_tropicalagricult2319ceyl#1903-12#138
1	tous-les-mois	Tous-les-mois	form of arrowroot	vol017_tropicalagricult1718ceyl#1897-10#148
1	sirupokam	sirupokam	crop yield and cost analysis subject	vol093_iss03_tropical-agriculturist-1939-09-93-3#1939-09#008
1	pea-nut flour	pea-nut flour	used for manufacturing biscuits and pastry	vol005_tropicalagricult18851886colo#1886-03#061
1	peanut-oil cake	peanut-oil cake	cattle feeding	vol037_tropicalagricul371911ceyl#1911-10#055
1	east coast african rubber	East Coast African	rubber origin	vol032_tropicalagricul321909ceyl#1909-02#059
1	ladies' twist	ladies' twist	variety of roll tobacco	vol003_tropicalagricult18831884colo#1884-03#038
1	broken and souchong	Broken and Souchong		vol021_tropicalagricult2119ceyl#1901-07#017
1	cape peas	Cape peas	erroneous trade name	vol051_iss03_tropical-agriculturist-1918-09-51-3#1918-09#003
1	brick and tiles	Brick and Tiles	prize category	vol010_tropicalagricult1018ceyl#1891-06#050
1	ta-li marble	Ta-li marble	smuggled good	vol003_tropicalagricult18831884colo#1884-06#015
1	soft columbian bark	Soft Columbian	type of bark stock	vol013_tropicalagricult1318ceyl#1894-03#023
1	phosphate meal	phosphate meal	agricultural product	vol019_tropicalagricult1918ceyl#1899-11#133
1	cochín nux vomica	NUX VOMICA, Cochín		vol038_tropicalagricul381912ceyl#1912-04#038
1	eidhhi	eidhhi	name for hemp leaves	vol013_tropicalagricult1318ceyl#1893-12#021
1	fish-maws	Fish-maws	food ingredient	vol015_tropicalagricult1518ceyl#1895-09#148
1	gambia niggers	Gambia niggers	rubber sample, W.C. Af.	vol028_tropicalagricul281907ceyl#1907-01#003
1	jamaica pepper	Jamaica Pepper	spice	vol041_lbg-vol-xli-tropicalagricult0000dewi-t3r5#1913-09#027
1	dairy cows	dairy cows	cargo for hill countries	vol004_tropicalagricult18841885colo#1885-06#112
1	american lards	American lards	competing product	vol023_tropicalagricult2319ceyl#1903-09#057
1	goluapokuna cinnamon	Goluapokuna Cinnamon	brand	vol018_tropicalagricult1818ceyl#1898-08#068
1	curry leaf	curry leaf	ingredient in curries	vol013_tropicalagricult1318ceyl#1893-09#048
1	dumbara nuts	Dumbara nuts	product exhibited	vol005_tropicalagricult18851886colo#1885-07#021
1	bali coffee	Bali Coffee	produce	vol007_tropicalagricult7188ceyl#1887-08#121
1	sagoe	sagoe	gluten from palms	vol003_tropicalagricult18831884colo#1884-02#050
1	soo moos	Soo Moos	tea variety	vol023_tropicalagricult2319ceyl#1903-07#067
1	gum asafœtida	Gum asafœtida	fetid gum obtained from Ferula	vol008_tropicalagricult8188ceyl#1889-06#140
1	florida sea island cotton	Florida Sea Island		vol009_tropicalagricult9188ceyl#1890-01#081
1	spent lime	Spent lime	residual product from tanneries	vol053_iss05_tropical-agriculturist-1919-11-53-5#1919-11#007
1	orange pekoe tips	orange pekoe tips		vol004_tropicalagricult18841885colo#1884-11#013
1	madagascar animi	Madagascar		vol021_tropicalagricult2119ceyl#1901-10#125
1	labradorite	labradorite	form of felspar	vol023_tropicalagricult2319ceyl#1904-02#142
1	water-maize	Mais del Agua	nutritious article of food	vol030_tropicalagricul301908ceyl#1908-05#032
1	east india and ceylon ordinary shares	East India and Ceylon Ordinary	shares	vol015_tropicalagricult1518ceyl#1896-06#087
1	palmirah rafters	palmirah rafters	exported forest produce	vol012_tropicalagricult1218ceyl#1892-11#001
1	siberian ruby	Siberian ruby	name for red tourmaline	vol023_tropicalagricult2319ceyl#1904-02#142
1	antipyrene	antipyrene	medicine	vol011_tropicalagricult1118ceyl#1891-08#050
1	sweet lime	sweet limes	fruit sold in bazaars	vol006_tropicalagricult18861887colo#1886-12#113
1	indiancorn	Indiancorn	crop	vol003_tropicalagricult18831884colo#1883-09#086
1	anzoot	Anzoot	name in Arabic and Persian	vol003_tropicalagricult18831884colo#1884-05#021
1	jute hemp	jute hemp	product grown and manufactured on a commercial scale	vol013_tropicalagricult1318ceyl#1893-09#104
1	mandulsumas	Mandulsumas	Ceylon tea trade name	vol022_tropicalagricult2219ceyl#1902-07#038
1	star aniseeds	STAR ANNISEEDS		vol001_tropicalagricult1188ceyl#1881-06#129
1	briquettes	briquettes	fuel for orchard heating	vol074_dli-ernet-229223#1930-03#012
1	gluten feed	gluten feed	animal feed	vol044_lbg-tropicalagricultvol-xliv0000unse-e6v7#1915-01#010
1	koth-averay	Koth-averay	Tamil name for Guar beans	vol030_tropicalagricul301908ceyl#1908-01#023
1	root crown bark	Root Crown bark		vol005_tropicalagricult18851886colo#1886-01#029
1	baled cinnamon	baled cinnamon	product	vol002_tropicalagricult18821883colo#1882-11#136
1	methyl salicylate	methyl salicylate	ingredient for fly spray	vol100_iss01_tropical-agriculturist-january-march-1944-100-1#1944-01/03#012
1	myristic acid	myristic	component of oil	vol004_tropicalagricult18841885colo#1884-09#033
1	coea	Coea		vol015_tropicalagricult1518ceyl#1895-11#013
1	sadin	sadin	cloth	vol020_tropicalagricult2019ceyl#1900-10#184
1	white penang	White Penang	rubber sample	vol028_tropicalagricul281907ceyl#1907-01#003
1	trinidad coffee	Trinidad Coffee	subject of report	vol010_tropicalagricult1018ceyl#1890-07#036
1	borokai tea	Borokai	tea stock	vol012_tropicalagricult1218ceyl#1893-04#013
1	ndilo oil	ndilo	name outside India	vol009_tropicalagricult9188ceyl#1889-10#117
1	tokay wine	Tokay wine		vol008_tropicalagricult8188ceyl#1888-11#104
1	earthnut cakes	earthnut cakes	manure	vol048_iss02_tropical-agriculturist-1917-02-48-2#1917-02#017
1	cherry-tree gum	cherry-tree gum	gum	vol003_tropicalagricult18831884colo#1884-03#105
1	juniper corns	juniper corns	coffee adulterant	vol002_tropicalagricult18821883colo#1882-10#096
1	acao	ACAO		vol065_iss02_tropical-agriculturist-1925-08-65-2#1925-08#014
1	manitoba hard	Manitoba Hard	wheat type	vol035_tropicalagricul351910ceyl#1910-10#008
1	coal-gas	coal-gas	product	vol039_tropicalagricul391912ceyl#1912-11#048
1	east india tapioca	East India tapioca		vol002_tropicalagricult18821883colo#1882-11#183
1	soudan	Soudan	African rubber	vol049_iss01_tropical-agriculturist-1917-07-49-1#1917-07#006
1	singhara	Singhara	name for Trapa in India	vol008_tropicalagricult8188ceyl#1889-01#152
1	bani cotton	bani	ordinary cotton variety for comparison	vol020_tropicalagricult2019ceyl#1901-01#088
1	african and other rubber	African & other kinds	grade of rubber	vol033_tropicalagricul331909ceyl#1909-08#072
1	go-bé	Go-bé	kind of green tea	vol009_tropicalagricult9188ceyl#1889-09#039
1	lin-kisam	lin-kisam	kind of tea	vol009_tropicalagricult9188ceyl#1889-09#039
1	brazilian white cottonseed	Brazilian white seed	increasing quantities coming to the United Kingdom	vol086_dli-ernet-229228#1936-01#011
1	lingam pepper	Lingah Ceylon		vol012_tropicalagricult1218ceyl#1892-08#125
1	refined resin oil	refined resin oil	used for adulteration	vol013_tropicalagricult1318ceyl#1893-12#011
1	tanne	tanne	market name for tea seed	vol021_tropicalagricult2119ceyl#1901-10#008
1	toyokumo	Toyokumo	tea variety	vol005_tropicalagricult18851886colo#1886-03#029
1	chives	chives	vegetable	vol088_dli-ernet-229229#1937-11#009
1	livestock	livestock	product	vol008_tropicalagricult8188ceyl#1888-07#060
1	oil of orris	oil of orris		vol014_tropicalagricult1418ceyl#1894-07#029
1	glutinous rice	glutinous rice	ingredient for adhesiveness	vol026_tropicalagricul261906ceyl#1906-04#017
1	tuna	Tuna	fruit of the Nopal	vol005_tropicalagricult18851886colo#1885-08#168
1	maldiv islands guano	Maldiv Islands guano	commercial guano	vol014_tropicalagricult1418ceyl#1894-07#128
1	dadap seed	Dadap seed	seed supply item	vol033_tropicalagricul331909ceyl#1909-07#046
1	new grenadian bark	New Grenadian	type of bark	vol003_tropicalagricult18831884colo#1883-07#041
1	ceylon red bark	Ceylon red bark		vol002_tropicalagricult18821883colo#1882-08#081
1	dust teas	Dust Teas		vol015_tropicalagricult1518ceyl#1896-03#070
1	tinned mutton	Tinned Mutton		vol074_dli-ernet-229223#1930-12#007
1	coconut toddy vinegar	vinegar	product examined for genuineness	vol093_iss05_tropical-agriculturist-1939-11-93-5#1939-11#017
1	rhenish	Rhenish	wine	vol015_tropicalagricult1518ceyl#1895-12#122
1	copeanut oil	Copeanut Oil	export product	vol009_tropicalagricult9188ceyl#1889-09#101
1	luckimpore tea	Luckimpores	tea stock	vol012_tropicalagricult1218ceyl#1893-04#013
1	chebulia myrabalans	chebulia myrabalans	dye-stuff	vol005_tropicalagricult18851886colo#1886-04#078
1	butter-fat	butter-fat	Component of milk production	vol061_tropicalagricult0061unse#1923-12#007
1	pekoe-leaf tea	Pekoes-Leaf	tea grade	vol010_tropicalagricult1018ceyl#1891-01#034
1	spadic	spadic		vol013_tropicalagricult1318ceyl#1893-08#026
1	blackstone tea	Blackstone	tea variety	vol041_lbg-vol-xli-tropicalagricult0000dewi-t3r5#1913-08#022
1	limejuice	Limejuice		vol010_tropicalagricult1018ceyl#1890-11#015
1	sussex ground oats	Sussex ground oats	feed ingredient	vol058_dli-ernet-229219#1922-01#022
1	residual alkaloids	residual alkaloids		vol035_tropicalagricul351910ceyl#1910-11#061
1	murrine	MURMERIC		vol015_tropicalagricult1518ceyl#1895-09#180
1	superphosphates of lime	superphosphates of lime	fertiliser	vol044_lbg-tropicalagricultvol-xliv0000unse-e6v7#1915-06#023
1	bukan bark	bukan bark	local name for Rhizophora or Bruguiera bark	vol027_tropicalagricul271906ceyl#1906-07#012
1	pastry	pastry	food sample examined	vol001_tropicalagricult1188ceyl#1881-11#080
1	fourcroya	Fourcroya	fibre	vol044_lbg-tropicalagricultvol-xliv0000unse-e6v7#1915-04#017
1	grape-brandy	Grape-brandy	awarded Gold Medal	vol020_tropicalagricult2019ceyl#1900-10#013
1	brazilian ruby	Brazilian ruby	name for pink topaz	vol023_tropicalagricult2319ceyl#1904-02#142
1	illam	Illam	gravel in which gems are found	vol084_tropical-agriculturist-1935-05-84#1935-05#002
1	hoyune	Hoyune	black leaf tea	vol009_tropicalagricult9188ceyl#1890-04#088
1	siam sapanwood	Siam		vol021_tropicalagricult2119ceyl#1901-10#125
1	bolivian-calisaya cinchona	Bolivian-Calisaya cinchona	variety of cinchona bark	vol018_tropicalagricult1818ceyl#1899-04#120
1	jaggery syrup	jaggery syrup	bait ingredient	vol049_iss05_tropical-agriculturist-1917-11-49-5#1917-11#003
1	phlogopite	Phlog.		vol011_tropicalagricult1118ceyl#1891-07#169
1	amsterdam pounds	Amsterdam pounds	unit of weight for bark	vol006_tropicalagricult18861887colo#1887-03#006
1	gurgun balsam	Gurgun balsam	product	vol006_tropicalagricult18861887colo#1886-09#102
1	coco yam	cocos	food crop	vol004_tropicalagricult18841885colo#1885-06#114
1	essential oil of lime	essential oil of lime		vol014_tropicalagricult1418ceyl#1894-10#088
1	dandelion seed	dandelion seed	coffee substitute	vol006_tropicalagricult18861887colo#1886-10#114
1	japanese plums	Japanese plums	crop	vol083_tropical-agriculturist-1934-07#1934-07#005
1	minnili hemp	Minnili hemp	fibre for comparison	vol014_tropicalagricult1418ceyl#1895-02#107
1	ma sai	Ma sai	African rubber	vol049_iss01_tropical-agriculturist-1917-07-49-1#1917-07#006
1	chestnut wood	chestnut wood	source material for tannin	vol001_tropicalagricult1188ceyl#1882-02#108
1	hand-pressed or écuelled oil	hand-pressed or écuelled oil	5/- or 6/- per lb.	vol057_in-ernet-dli-2015-230764#1921-11#005
1	pawpaw juice	pawpaw juice	traded product	vol017_tropicalagricult1718ceyl#1898-04#032
1	cordierite	cordierite	stone sold as sapphire	vol023_tropicalagricult2319ceyl#1904-02#142
1	kitul peni	kitul peni	syrup	vol101_iss04_tropical-agriculturist-october-december-1945-101-4#1945-10/12#012
1	candied citron-peel	candied citron-peel	preserve	vol021_tropicalagricult2119ceyl#1901-08#007
1	mauritius vanilla	VANILLOES, Mauritius	per lb	vol006_tropicalagricult18861887colo#1886-11#138
1	oil of winter-green	oil of winter-green	essential oil sold	vol002_tropicalagricult18821883colo#1883-03#125
1	small berries	small berries	agricultural product	vol035_tropicalagricul351910ceyl#1910-07#036
1	raw cocaine	raw cocaine	raw material	vol012_tropicalagricult1218ceyl#1893-03#044
1	skimmed milk	Skimmed Milk	imported dairy produce	vol074_dli-ernet-229223#1930-12#007
1	oscuros	Oscuros	cigar type	vol017_tropicalagricult1718ceyl#1897-08#002
1	goat skin rugs	goat skin rugs	exported raw material	vol012_tropicalagricult1218ceyl#1892-10#068
1	ning chow cong	Ning Chow Cong	tea variety	vol008_tropicalagricult8188ceyl#1888-10#047
1	fourcroya fibre	Fourcroya fibre	traded product	vol032_tropicalagricul321909ceyl#1909-04#012
1	manicoa rubber	MANICOA	grade of rubber	vol022_tropicalagricult2219ceyl#1902-07#012
1	ceylon coir yarn	COIR YARN, Ceylon		vol021_tropicalagricult2119ceyl#1901-10#125
1	woodpulp	woodpulp	papermaking material	vol032_tropicalagricul321909ceyl#1909-06#012
1	vegetable ghee	vegetable ghee	imported food	vol093_iss06_tropical-agriculturist-1939-12-93-6#1939-12#006
1	kavok	Kavok	market commodity	vol019_tropicalagricult1918ceyl#1900-01#106
1	ponchong	Ponchong	tea variety	vol022_tropicalagricult2219ceyl#1902-10#011
1	motor car	Motor Car	subject of Trade Survey	vol086_dli-ernet-229228#1936-01#018
1	shelled corn	shelled corn	product yield	vol001_tropicalagricult1188ceyl#1881-10#133
1	fok-an tea	Fok-an	tea variety	vol004_tropicalagricult18841885colo#1885-04#005
1	cherom coffee	Cherom coffee		vol006_tropicalagricult18861887colo#1887-04#133
1	ko'a	Ko'a	plantation crop	vol019_tropicalagricult1918ceyl#1900-01#001
1	kaipoo	kaipoo	identical with Katti	vol015_tropicalagricult1518ceyl#1895-11#159
1	raw caoutchouc	CAUCHEUCHE, Raw		vol015_tropicalagricult1518ceyl#1895-11#041
1	star-anise	star-anise	essential oil	vol015_tropicalagricult1518ceyl#1896-02#074
1	cuscus grass	CUSCUS GRASS	drug	vol013_tropicalagricult1318ceyl#1893-11#116
1	new vomit	NEW VOMICA		vol015_tropicalagricult1518ceyl#1896-03#039
1	copaiba oil	copaiba oil		vol007_tropicalagricult7188ceyl#1887-12#057
1	canary sugar	canary sugar	sugar variety	vol004_tropicalagricult18841885colo#1884-08#057
1	gaba	Gaba	Malay name for pulped coffee	vol003_tropicalagricult18831884colo#1883-10#007
1	klasa	klasa	mat fibre	vol003_tropicalagricult18831884colo#1884-02#050
1	peruvian coca	Peruvian coca	product discussed	vol035_tropicalagricul351910ceyl#1910-07#011
1	renewed crown bark	renewed crown	bark quality	vol002_tropicalagricult18821883colo#1883-02#072
1	cos lettuce	coslettues	crop listed in table	vol007_tropicalagricult7188ceyl#1887-10#030
1	madras salt	Madras salt		vol008_tropicalagricult8188ceyl#1889-04#101
1	cinchona febrifuge powder	Cinchona febrifuge powder		vol076_dli-ernet-229225#1931-03#005
1	dessicated nut	dessicated nut	exported product	vol027_tropicalagricul271906ceyl#1906-08#015
1	eri silk fibre	Eri silk fibre	product extracted in experiment	vol032_tropicalagricul321909ceyl#1909-05#037
1	smokeless gunpowder	smokeless gunpowder	industry dependent on camphor	vol030_tropicalagricul301908ceyl#1908-01#003
1	roasted barley-meal	roasted barley-meal	food	vol008_tropicalagricult8188ceyl#1889-06#004
1	trebizond platana	Trebizond Platana	quality of tobacco	vol023_tropicalagricult2319ceyl#1904-04#011
1	velvet-beans	velvet-beans	restorative crop	vol059_tropicalagricult0059unse#1922-12#002
1	palmin	palmin	made from the kernel of coconut	vol020_tropicalagricult2019ceyl#1901-06#112
1	ceylon cedar	Ceylon Cedar	trade name for Lunumidella	vol020_tropicalagricult2019ceyl#1900-10#162
1	sanwa millet	Sanwa millet		vol090_iss01_tropical-agriculturist-1938-01-90-1#1938-01#007
1	ceylon fibre (matress)	Ceylon fibre (matress)	market commodity	vol038_tropicalagricul381912ceyl#1912-02#068
1	croton shells	CROTON SHELS	traded product	vol018_tropicalagricult1818ceyl#1898-08#158
1	santos pea berry	Santos Pea Berry	coffee variety	vol006_tropicalagricult18861887colo#1886-07#027
1	orchella wood	ORCHELLA WOOD		vol019_tropicalagricult1918ceyl#1899-08#167
1	manilla cigars	Manilla cigars		vol010_tropicalagricult1018ceyl#1890-07#120
1	goat skins	goat skins	traded product	vol008_tropicalagricult8188ceyl#1889-01#117
1	ceylon-china blends	Ceylon-China blends	competing tea product	vol023_tropicalagricult2319ceyl#1903-07#031
1	corozal nuts	corozal nuts	fuel	vol020_tropicalagricult2019ceyl#1901-01#058
1	french claret	French clarets		vol004_tropicalagricult18841885colo#1884-10#074
1	chutch	CHUTCH		vol023_tropicalagricult2319ceyl#1904-04#131
1	cuttle-fish	Cuttle-fish	traded product	vol016_tropicalagricult1618ceyl#1896-08#083
1	scones	scones	exhibit	vol020_tropicalagricult2019ceyl#1900-10#095
1	brown java coffee	Brown Java	coffee variety	vol006_tropicalagricult18861887colo#1887-02#063
1	chateau yquem	Chateau Yquem	comparison for Kiakhta tea	vol001_tropicalagricult1188ceyl#1881-12#086
1	plantain bark fibre	Plan'ain Bark Fibre	former invoice name	vol020_tropicalagricult2019ceyl#1901-01#018
1	brown ceylon pepper	brown Ceylon	traded product	vol016_tropicalagricult1618ceyl#1896-07#122
1	cineole	cineole		vol012_tropicalagricult1218ceyl#1893-05#125
1	hemidesmus	hemidesmus	drug/root	vol008_tropicalagricult8188ceyl#1888-07#016
1	ceara rubber seeds	Ceara rubber seeds	seeds weighed	vol001_tropicalagricult1188ceyl#1881-08#123
1	cattle hides	cattle hides	article of commerce	vol083_tropical-agriculturist-1934-10#1934-10#010
1	tallow-wood	Tallow-wood	timber product	vol014_tropicalagricult1418ceyl#1894-09#068
1	erz pekoe	Erz, Pek.	tea grade	vol001_tropicalagricult1188ceyl#1882-02#167
1	seemoo congou	Seumoo Congous		vol021_tropicalagricult2119ceyl#1902-03#023
1	embola bark	embola bark	product	vol002_tropicalagricult18821883colo#1882-10#009
1	jubbulpore hemp	Jubbulpore Hemp	fibre	vol001_tropicalagricult1188ceyl#1882-05#075
1	djerjeelings	Djerjeelings	tea grade	vol011_tropicalagricult1118ceyl#1892-05#083
1	cinnamon leaf-oil	cinnamon leaf-oil	product under discussion	vol009_tropicalagricult9188ceyl#1889-09#014
1	butanediene	butanediene		vol039_tropicalagricul391912ceyl#1912-07#056
1	penang black pepper	Penang Black Pepper	light shelly variety sold at public sales	vol010_tropicalagricult1018ceyl#1891-02#142
1	bunya nuts	Bunya nuts	food	vol001_tropicalagricult1188ceyl#1881-12#047
1	dripping	dripping	frying medium	vol031_tropicalagricul311908ceyl#1908-12#042
1	coco-fibre refuse	coco-fibre refuse	top dresser	vol008_tropicalagricult8188ceyl#1888-08#077
1	hillies	HILLIES		vol010_tropicalagricult1018ceyl#1890-07#113
1	kohila	Kohila		vol057_in-ernet-dli-2015-230764#1921-10#004
1	alkaloid	alkaloid		vol005_tropicalagricult18851886colo#1885-12#028
1	hydroquinone	hydroquinone	impurity in commercial quinine sulphate	vol006_tropicalagricult18861887colo#1886-08#047
1	west central american coffee	West Central American	quality standard	vol015_tropicalagricult1518ceyl#1895-12#007
1	synthetic nitrogen compounds	synthetic nitrogen compounds	prepared in other countries	vol050_dli-ernet-21168#1918-04#020
1	jute manufactures	jute manufactures	exported product	vol048_iss02_tropical-agriculturist-1917-02-48-2#1917-02#013
1	red millet	mitama	vegetable production of natives	vol005_tropicalagricult18851886colo#1886-03#065
1	colombo roft	COLOMBO ROFT		vol008_tropicalagricult8188ceyl#1888-08#166
1	lé hemp	Lé hemp	valued in Europe for ropes	vol023_tropicalagricult2319ceyl#1903-09#054
1	pearl buttons	pearl buttons	fashion item in demand	vol022_tropicalagricult2219ceyl#1903-06#046
1	elephantiasis	elephantiasis		vol021_tropicalagricult2119ceyl#1901-12#029
1	kobinoor tobacco	Kobinoor		vol008_tropicalagricult8188ceyl#1889-05#045
1	american tea market	American tea market	market	vol011_tropicalagricult1118ceyl#1891-10#064
1	organic nitrogen	Organic Nitrogen	nutrient component	vol033_tropicalagricul331909ceyl#1909-12#070
1	shall	shall		vol009_tropicalagricult9188ceyl#1890-06#128
1	indian bonds	Indian Bonds	investment	vol069_tropical-agriculturist-1927-12-69#1927-12#034
1	african groundnuts	African nuts	imported product	vol028_tropicalagricul281907ceyl#1907-03#010
1	sheep dung	sheep dung	manure	vol004_tropicalagricult18841885colo#1884-07#018
1	country pines	country pines	fruit	vol022_tropicalagricult2219ceyl#1903-06#115
1	weissbier	weissbier	wine used for comparison	vol038_tropicalagricul381912ceyl#1912-05#061
1	java souchong	Java Souchong	commercial variety	vol012_tropicalagricult1218ceyl#1892-11#086
1	rice-husks	rice-husks	additive in mixture	vol027_tropicalagricul271906ceyl#1906-08#020
1	natural stem bark	Natural Stem	type of cinchona bark	vol007_tropicalagricult7188ceyl#1888-02#062
1	oat flour	oat flour	used for comparison of vitamin content	vol082_dli-ernet-229227#1934-08#019
1	sinchiene kye	Sinchiene Kye		vol015_tropicalagricult1518ceyl#1896-05#052
1	physic-nut oil	physic-nut oil	ingredient in perfume	vol063_lbg-630-5-tag-v-63#1924-12#028
1	jadoo	Jadoo	form of soil	vol019_tropicalagricult1918ceyl#1899-12#106
1	village rice	village rice		vol090_iss01_tropical-agriculturist-1938-01-90-1#1938-01#007
1	congu	Congu	coarse tea leaves	vol007_tropicalagricult7188ceyl#1887-08#049
1	prepared chocolate	Prepared Chocolate	exhibit class	vol016_tropicalagricult1618ceyl#1897-06#093
1	sanjal wood	SANJAL WOOD		vol009_tropicalagricult9188ceyl#1889-12#123
1	pineapple-leaf fibre	pineapple-leaf fibre	£60 the ton	vol013_tropicalagricult1318ceyl#1893-09#080
1	zante currants	Zante currants	dried fruit	vol007_tropicalagricult7188ceyl#1887-07#044
1	stationery	stationery	imported goods	vol021_tropicalagricult2119ceyl#1901-12#072
1	persian or shiraz tobacco	Persian or Shiraz tobacco	tobacco product	vol009_tropicalagricult9188ceyl#1890-06#084
1	rhubarb, shenzi	Rhubarb, Shenzi		vol037_tropicalagricul371911ceyl#1911-12#033
1	noix de coco	Noix de coco	product manufactured by Linton, Hubbard & Co.	vol006_tropicalagricult18861887colo#1886-07#034
1	waxes	waxes	manufactured product	vol022_tropicalagricult2219ceyl#1903-06#010
1	quina cuprea	Quina cuprea	bark variety	vol002_tropicalagricult18821883colo#1883-02#068
1	chinese plumbago	Chinese plumbago	imported mineral	vol020_tropicalagricult2019ceyl#1901-03#091
1	persian opium	Persian opium	sent back to whence it came	vol002_tropicalagricult18821883colo#1883-05#119
1	camita rubber	Camitas	rubber variety	vol018_tropicalagricult1818ceyl#1899-01#150
1	kernel oil	kernel oil	product extracted from kernels	vol055_lbg-630-5-tag-v-55#1920-10#006
1	job's tears	Job's Tears	staple food in Assam	vol006_tropicalagricult18861887colo#1886-10#041
1	fibre (all kinds)	Fibre (all kinds)	exported produce	vol083_tropical-agriculturist-1934-11#1934-11#011
1	cypress oil	cypress oil	product	vol006_tropicalagricult18861887colo#1886-09#102
1	pata de gallinazo	Pata de Gallinazo	bark	vol002_tropicalagricult18821883colo#1882-09#003
1	rice congee	Rice Congee	food	vol019_tropicalagricult1918ceyl#1900-03#002
1	italian coriander	Italian	type of coriander seed	vol041_lbg-vol-xli-tropicalagricult0000dewi-t3r5#1913-07#046
1	country produce	Countr.		vol016_tropicalagricult1618ceyl#1896-07#136
1	sulphate and muriate of potash	Sulphate and Muriate of Potash	manure	vol018_tropicalagricult1818ceyl#1899-06#003
1	hyson-utchin	Hyson-Utchin	kind of green tea	vol009_tropicalagricult9188ceyl#1889-09#039
1	s.o.p.	S.O.P.	tea	vol016_tropicalagricult1618ceyl#1896-11#030
1	s. capers	S. capers	tea grade	vol003_tropicalagricult18831884colo#1883-07#128
1	patkholas	Patkholas	earth form sold in bazaars	vol028_tropicalagricul281907ceyl#1907-06#029
1	ceylon government 3 per cent. war loan 1956/60	Ceylon Government 3 per cent. War Loan 1956/60	investment	vol097_iss06_tropical-agriculturist-1941-12-97-6#1941-12#014
1	crystal vinegar	crystal vinegar	pure transparent vinegar	vol011_tropicalagricult1118ceyl#1892-05#106
1	wallaba	Wallaba	wood	vol006_tropicalagricult18861887colo#1886-08#043
1	jamaica ginger	Jamaica Ginger	label for ginger product	vol018_tropicalagricult1818ceyl#1898-07#006
1	leaf	Leaf		vol014_tropicalagricult1418ceyl#1895-06#147
1	khari crops	khari	crops grown in tracts	vol062_lbg-630-5-tag-v-62#1924-05#013
1	american cottonseed	American cottonseed	supplies the bulk of the cottonseed oil trade	vol086_dli-ernet-229228#1936-01#011
1	pan-yongs	Pan-yongs	tea variety	vol003_tropicalagricult18831884colo#1883-07#128
1	wheat sharps	wheat sharps	adulterated with rice husks	vol038_tropicalagricul381912ceyl#1912-05#047
1	indian paddy	Indian paddy		vol005_tropicalagricult18851886colo#1885-09#136
1	manchurian soy bean	Manchurian beans	sample obtained in London market	vol034_tropicalagricul341910ceyl#1910-01#020
1	purree	purree	colouring matter	vol017_tropicalagricult1718ceyl#1898-04#100
1	polenta	polenta		vol010_tropicalagricult1018ceyl#1891-06#168
1	ye kwei	Ye Kwei	wild cinnamon	vol011_tropicalagricult1118ceyl#1892-01#091
1	chingow kaisu	Chingow Kaisu	tea variety	vol003_tropicalagricult18831884colo#1884-02#037
1	pinnatu	Pinnatu	dried pulp of palmyrah fruit	vol097_iss01_tropical-agriculturist-1941-07-97-1#1941-07#012
1	styles and books	styles and books	product, subject of award	vol001_tropicalagricult1188ceyl#1881-06#007
1	alcoholic liquors	alcoholic liquors	consumption in America	vol023_tropicalagricult2319ceyl#1904-06#066
1	hindi cotton	Hindi cotton		vol037_tropicalagricul371911ceyl#1911-12#031
1	lime cordial	lime cordial	exported product	vol032_tropicalagricul321909ceyl#1909-02#017
1	bungalow tea	Bungalow	tea variety	vol011_tropicalagricult1118ceyl#1892-06#042
1	assaf citida	ASSAF CITIDA		vol033_tropicalagricul331909ceyl#1909-12#034
1	cuban coffee	Cuban coffee	preparation	vol017_tropicalagricult1718ceyl#1898-05#120
1	mill poonac	Mill Poonac	coconut product	vol004_tropicalagricult18841885colo#1885-02#026
1	coffee surrogates	Surrogatkaffees	coffee substitute	vol016_tropicalagricult1618ceyl#1896-10#002
1	ceylon, mysore cardamoms	Ceylon, Mysore		vol034_tropicalagricul341910ceyl#1910-05#047
1	saigon cassia	Saigon cassia	trade name for Indo-Chinese cassia	vol078_tropical-agriculturist-1932-06-78#1932-06#008
1	suji wood	Suji	wood for tea boxes	vol008_tropicalagricult8188ceyl#1889-06#152
1	clays	clays		vol013_tropicalagricult1318ceyl#1894-01#033
1	manganese sulphate	manganese sulphate	manure	vol031_tropicalagricul311908ceyl#1908-07#030
1	goat meat	goat flesh		vol023_tropicalagricult2319ceyl#1903-07#108
1	bronze	bronze	native product for bonus	vol002_tropicalagricult18821883colo#1883-06#141
1	virginia	Virginia	type of tobacco	vol003_tropicalagricult18831884colo#1884-03#038
1	kidney cotton	kidney cotton	export product	vol013_tropicalagricult1318ceyl#1894-06#092
1	mid uplands cotton	Mid Uplands	cotton grade	vol030_tropicalagricul301908ceyl#1908-03#045
1	salem mangoes	Salem mangoes	fruit	vol004_tropicalagricult18841885colo#1884-11#008
1	la plata maize	La Plata maize	c.i.f.	vol032_tropicalagricul321909ceyl#1909-03#023
1	majunga	Majunga	coffee variety	vol040_lbg-630-5-tag-v-40#1913-02#046
1	ama-tsjia	Ama-tsjia	Japanese tea made from Hydrangea	vol021_tropicalagricult2119ceyl#1901-12#020
1	pepper pot	pepper pot	product prepared from mandioca juice	vol006_tropicalagricult18861887colo#1886-11#092
1	table sugar	table sugar	manufactured from crushing	vol001_tropicalagricult1188ceyl#1882-06#093
1	tropical products	Tropical Products	subject of price current	vol002_tropicalagricult18821883colo#1882-09#202
1	gum opium	gum opium	substance for comparison	vol037_tropicalagricul371911ceyl#1911-07#012
1	manicaba	MANICABA	rubber variety	vol034_tropicalagricul341910ceyl#1910-02#063
1	gin-gelly	Gin-gelly	cake analyzed	vol013_tropicalagricult1318ceyl#1893-12#011
1	indian sandal wood oil	Indian sandal wood oil		vol007_tropicalagricult7188ceyl#1888-01#060
1	shelled nutmegs & mace	Shelled Nut-mebs & Mace		vol020_tropicalagricult2019ceyl#1900-07#127
1	kiesel-guhr	kiesel-guhr	raw material	vol040_lbg-630-5-tag-v-40#1913-01#011
1	coconut (desiccated)	coconut (desiccated)	export	vol022_tropicalagricult2219ceyl#1902-11#124
1	ramie bark	ramie bark	product	vol005_tropicalagricult18851886colo#1886-04#132
1	chiretta	Chiretta	drug	vol011_tropicalagricult1118ceyl#1892-05#001
1	horns of sor's	Horns of Sor's	export	vol009_tropicalagricult9188ceyl#1890-05#042
1	malachite	malachite	material imitated by celluloid	vol005_tropicalagricult18851886colo#1885-12#017
1	sour orange juice	sour orange juice		vol012_tropicalagricult1218ceyl#1892-11#046
1	calpenty	Calpenty	type of copra	vol021_tropicalagricult2119ceyl#1902-02#034
1	scotch	Scotch	whisky	vol011_tropicalagricult1118ceyl#1891-11#051
1	palembang	Palembang	rubber sample	vol028_tropicalagricul281907ceyl#1907-01#003
1	grape seed oil	grape seed oil	used for illumination	vol004_tropicalagricult18841885colo#1884-07#117
1	pelotas coffee	pelotas coffee	substitute	vol002_tropicalagricult18821883colo#1882-11#078
1	barley manure	barley manure	special manure product	vol001_tropicalagricult1188ceyl#1882-05#190
1	cubobs	Cubobs	traded product	vol016_tropicalagricult1618ceyl#1897-01#061
1	djidar	Djidar	variety of tobacco	vol012_tropicalagricult1218ceyl#1892-07#058
1	hassobisch	Hassobisch	eaten and smoked	vol014_tropicalagricult1418ceyl#1894-08#027
1	hyrabolanes	HYRABOLANES		vol015_tropicalagricult1518ceyl#1896-03#156
1	beeberu bark	Beeberu bark	medicinal bark	vol006_tropicalagricult18861887colo#1886-08#043
1	alleppey cardamoms	Alleppey	type of cardamom	vol038_tropicalagricul381912ceyl#1912-05#042
1	bissy nut	Bissy nut	nut	vol030_tropicalagricul301908ceyl#1908-01#023
1	ironware	ironware	import	vol018_tropicalagricult1818ceyl#1898-08#055
1	jacinths	jacinths	precious stones	vol006_tropicalagricult18861887colo#1887-06#042
1	pataas	pataas	crop	vol014_tropicalagricult1418ceyl#1894-11#094
1	rhajope nutmegs	Rhajope		vol038_tropicalagricul381912ceyl#1912-06#034
1	pure florence oil	pure Florence oil	product supplied by earth-nuts	vol012_tropicalagricult1218ceyl#1892-08#044
1	good ordinary	Good Ordinary	cacao sample	vol002_tropicalagricult18821883colo#1882-08#104
1	niger gum	Niger gum	gum arabic variety	vol011_tropicalagricult1118ceyl#1891-07#146
1	deer-tongue leaves	Deer-tongue leaves	offered for sale	vol008_tropicalagricult8188ceyl#1889-06#140
1	common leaf	Common Leaf	tea grade	vol020_tropicalagricult2019ceyl#1901-03#039
1	estate copra	Estate do do do	per candy of 560 lb.	vol021_tropicalagricult2119ceyl#1902-05#124
1	sheet and crepe rubber	Sheet and Crêpe Rubber	manufactured rubber types	vol030_tropicalagricul301908ceyl#1908-01#036
1	ibotu wax	Ibotu wax	insect wax	vol004_tropicalagricult18841885colo#1885-01#106
1	marmite	marmite	dietary supplement	vol095_iss04_tropical-agriculturist-1940-10-95-4#1940-10#013
1	cogon	cogon	forage plant	vol023_tropicalagricult2319ceyl#1904-01#004
1	tavalu	Tavalu	cultivation not yet commenced	vol011_tropicalagricult1118ceyl#1891-08#101
1	hop-poles	hop-poles	product	vol004_tropicalagricult18841885colo#1884-08#092
1	klidi	klidi	crop	vol014_tropicalagricult1418ceyl#1894-08#057
1	coconut husk ash	coconut husk ash		vol086_dli-ernet-229228#1936-02#018
1	chateau margaux	Chateau Margaux		vol002_tropicalagricult18821883colo#1883-01#036
1	canella bark	Canella bark	pale-orange-coloured bark, with an aromatic odour, used as a	vol011_tropicalagricult1118ceyl#1892-06#014
1	stones	stones	mineral product	vol010_tropicalagricult1018ceyl#1890-11#024
1	bergamot juice	bergamot juice		vol006_tropicalagricult18861887colo#1886-08#152
1	theophyllin	theophyllin	alkaloid	vol008_tropicalagricult8188ceyl#1888-09#055
1	tansy oil	tansy oil		vol007_tropicalagricult7188ceyl#1887-12#057
1	pecoe	pecoe	tea variety	vol008_tropicalagricult8188ceyl#1889-06#004
1	cinchona twigs	Cinchona twigs	product used as example for transport	vol002_tropicalagricult18821883colo#1882-11#156
1	kotte-pakku	Kotte-pakku	dried arecanuts	vol096_dli-ernet-229230#1941-04#002
1	persimmon wood	Persimmon Wood		vol001_tropicalagricult1188ceyl#1882-04#148
1	muscatels	Muscatels	better class of stalk raisins	vol006_tropicalagricult18861887colo#1887-04#112
1	san antonio	San Antonio	cacao variety	vol002_tropicalagricult18821883colo#1882-08#105
1	conaque	conaque	native term for slightly heated cassava	vol021_tropicalagricult2119ceyl#1902-01#003
1	tinfoil	tinfoil	packaging material	vol020_tropicalagricult2019ceyl#1900-12#043
1	castor-oil cake	castor-oil cake	ingredient in paint	vol016_tropicalagricult1618ceyl#1897-02#138
2	mangabeira	Mangabeira	local name for rubber of Hancornia speciosa	vol002_tropicalagricult18821883colo#1882-09#100
2	paklings	Paklings	tea variety	vol006_tropicalagricult18861887colo#1886-07#096
2	quintum	quintum	preparation of cinchona alkaloids	vol001_tropicalagricult1188ceyl#1881-07#035
2	indian gut	Indian gut	Name for Kitool fibre used for fishing-lines	vol004_tropicalagricult18841885colo#1885-03#145
2	tapioca meal	tapioca meal	starch product	vol008_tropicalagricult8188ceyl#1889-02#087
2	chinese beans	Chinese beans	exported product	vol002_tropicalagricult18821883colo#1882-09#007
2	rangoon	Rangoon	Indiarubber origin	vol016_tropicalagricult1618ceyl#1896-09#124
2	manihot crêpe	Manihot Crêpe	rubber grade	vol040_lbg-630-5-tag-v-40#1913-04#035
2	fluorspar	Fluorspar	mineral	vol014_tropicalagricult1418ceyl#1894-09#007
2	gum opal	gum opal	catalogue name for elemi	vol004_tropicalagricult18841885colo#1885-01#106
2	mules	mules	raised in interior	vol014_tropicalagricult1418ceyl#1895-02#145
2	goraka	Goraka	dried fruit used as condiment	vol009_tropicalagricult9188ceyl#1890-02#138
2	pawchong tea	Pawchong	tea variety	vol022_tropicalagricult2219ceyl#1902-10#011
2	cut points for balls	Cut Points for Balls	quotation item	vol013_tropicalagricult1318ceyl#1894-05#115
2	rock phosphate	rock phosphate	fertilizer equivalent	vol054_lbg-630-5-tag-v-54#1920-06#013
2	agar agar	agar agar		vol004_tropicalagricult18841885colo#1884-10#062
2	hing	Hing	asafetida in Bombay market	vol004_tropicalagricult18841885colo#1884-11#029
2	marrh	MARRH		vol014_tropicalagricult1418ceyl#1895-05#167
2	gelose	gelose		vol004_tropicalagricult18841885colo#1884-10#062
2	island cotton	Island cotton	ranked No. 1	vol001_tropicalagricult1188ceyl#1882-02#028
2	kambu	kambu	crop	vol022_tropicalagricult2219ceyl#1902-12#078
2	rice starch	rice starch	starch used for laundry purposes	vol034_tropicalagricul341910ceyl#1910-02#060
2	roses	roses	plants	vol001_tropicalagricult1188ceyl#1881-09#003
2	pearlash	pearlash		vol005_tropicalagricult18851886colo#1886-01#129
2	calicut ginger	GINGER, Calicut		vol015_tropicalagricult1518ceyl#1896-01#171
2	meat meal	meat meal	meat food	vol035_tropicalagricul351910ceyl#1910-07#029
2	coconut-oil	coconut-oil		vol017_tropicalagricult1718ceyl#1897-09#077
2	ivory nut	ivory nut	natural product	vol003_tropicalagricult18831884colo#1883-12#055
2	nankin cloth	Nankin cloth	fabric made from Nankin cotton	vol002_tropicalagricult18821883colo#1883-03#093
2	bluegum oil	Bluegum oil	drug with increased demand	vol012_tropicalagricult1218ceyl#1893-01#038
2	trinidad cocoa	Trinidads	cocoa variety	vol019_tropicalagricult1918ceyl#1900-02#062
2	khesari	khesari	local name in India for Mutter peas	vol051_iss06_tropical-agriculturist-1918-12-51-6#1918-12#009
2	clove stems	STEMS	exported product	vol012_tropicalagricult1218ceyl#1892-10#106
2	straits f.m.s.	Straits f.m.s.	grade of copra	vol094_iss02_tropical-agriculturist-1940-02-94-2#1940-02#011
2	madras gum	Madras	gum variety	vol014_tropicalagricult1418ceyl#1895-02#154
2	virginian tobacco	Virginian tobacco	tobacco type	vol039_tropicalagricul391912ceyl#1912-11#052
2	anchovies	anchovies	ingredient	vol011_tropicalagricult1118ceyl#1891-11#019
2	american rice	American rice	import	vol002_tropicalagricult18821883colo#1883-04#170
2	east india	East India	Coffee quality/market	vol018_tropicalagricult1818ceyl#1899-06#063
2	brine	brine	alternative treatment	vol009_tropicalagricult9188ceyl#1890-05#062
2	indian cinchona bark	Indian barks	type of bark sold	vol008_tropicalagricult8188ceyl#1888-10#026
2	ginger-beer	ginger-beer		vol002_tropicalagricult18821883colo#1883-06#138
2	cassia vera	cassia vera	imported drug	vol003_tropicalagricult18831884colo#1883-08#034
2	vegetable wax	Vegetable Wax	adulterant	vol035_tropicalagricul351910ceyl#1910-07#001
2	cobres	Cobres		vol061_tropicalagricult0061unse#1923-08#016
2	fresh coconuts	Fresh Nuts	exported product	vol069_tropical-agriculturist-1927-12-69#1927-12#002
2	podophyllin	podophyllin	drug	vol009_tropicalagricult9188ceyl#1889-09#049
2	mahwa flowers	Mahwa Flowers	cheap source of cane-sugar	vol005_tropicalagricult18851886colo#1886-04#075
2	earthnut oil	Earthnut oil	adulterant oil	vol004_tropicalagricult18841885colo#1885-02#097
2	oopack tea	Oopack	tea variety	vol005_tropicalagricult18851886colo#1885-07#117
2	sugarcanes	sugarcanes	destroyed by termites	vol001_tropicalagricult1188ceyl#1882-06#036
2	cordage and rope	cordage and rope of vegetable fibre	export	vol012_tropicalagricult1218ceyl#1892-07#011
2	canton scented caper	Canton scented caper	tea variety	vol001_tropicalagricult1188ceyl#1881-08#062
2	tares	tares	seeds of Vicia sativa	vol001_tropicalagricult1188ceyl#1881-06#064
2	indian rupee	Indian rupee	currency	vol004_tropicalagricult18841885colo#1884-08#094
2	domba	Domba	non-cultivated oil	vol018_tropicalagricult1818ceyl#1899-05#159
2	santonine	santonine	substance obtained from artemisia seeds	vol006_tropicalagricult18861887colo#1887-06#006
2	east indian tamarinds	East Indian tamarinds	dark, bought in	vol016_tropicalagricult1618ceyl#1897-06#080
2	straw hats	straw hats	exported product	vol007_tropicalagricult7188ceyl#1887-07#093
2	bulls	bulls	cattle exhibit	vol019_tropicalagricult1918ceyl#1899-09#048
2	pickled tea	pickled tea	product	vol022_tropicalagricult2219ceyl#1902-12#041
2	chaya root	Chaya root	exported to the Coast	vol009_tropicalagricult9188ceyl#1889-10#027
2	tea-seeds	tea-seeds	product	vol015_tropicalagricult1518ceyl#1895-08#017
2	chemical manure	Chemical Manure	exported product	vol006_tropicalagricult18861887colo#1887-03#051
2	guggul	GUGUL	gum resin	vol031_tropicalagricul311908ceyl#1908-11#061
2	pan fired tea	Pan Fired	tea grade	vol015_tropicalagricult1518ceyl#1896-05#016
2	fresh nuts	Fresh Nuts	export	vol040_lbg-630-5-tag-v-40#1913-04#029
2	claws	Claws	spice plantation product	vol001_tropicalagricult1188ceyl#1882-02#181
2	raw bone meal	raw bone meal	manure	vol011_tropicalagricult1118ceyl#1891-11#002
2	sand	sand	pavement material	vol007_tropicalagricult7188ceyl#1887-12#054
2	terai tea	Terai	tea	vol016_tropicalagricult1618ceyl#1896-10#059
2	bolivian coca leaves	Bolivian leaves	variety of coca leaves	vol007_tropicalagricult7188ceyl#1887-12#012
2	rose	rose	essential oil	vol005_tropicalagricult18851886colo#1886-03#035
2	quindidine	quindidine	alkaloid	vol004_tropicalagricult18841885colo#1884-11#023
2	coco-butter	coco-butter	traded product	vol010_tropicalagricult1018ceyl#1891-01#119
2	samai	samai	traded product	vol004_tropicalagricult18841885colo#1885-03#036
2	german bark	German bark	second-hand bark	vol014_tropicalagricult1418ceyl#1894-07#113
2	scopolamine	scopolamine	alkaloid	vol026_tropicalagricul261906ceyl#1906-03#029
2	congo ball	Congo Ball	type of African rubber	vol021_tropicalagricult2119ceyl#1902-01#059
2	swede	Swede	crop in table	vol005_tropicalagricult18851886colo#1885-12#115
2	aloc	ALOC	fibre product	vol005_tropicalagricult18851886colo#1885-08#069
2	colonial produce	Colonial produce	market context	vol005_tropicalagricult18851886colo#1885-09#034
2	totaquina	totaquina	product made in Government factories	vol093_iss05_tropical-agriculturist-1939-11-93-5#1939-11#012
2	scented teas	Scented Teas	tea variety	vol006_tropicalagricult18861887colo#1886-07#096
2	indian pekoe souchong	Indian pekoe souchongs	tea grade	vol005_tropicalagricult18851886colo#1886-05#163
2	quill	quill	bark variety	vol007_tropicalagricult7188ceyl#1888-05#036
2	moynne	Moynne	tea variety	vol015_tropicalagricult1518ceyl#1896-04#139
2	palmnut kernels	palmnut kernels	raw material	vol044_lbg-tropicalagricultvol-xliv0000unse-e6v7#1915-01#031
2	broom corn	broom corn	traded product	vol003_tropicalagricult18831884colo#1884-06#091
2	crude bark	crude bark	product	vol004_tropicalagricult18841885colo#1885-01#180
2	mattusamba rice	Mattusamba	rice variety	vol016_tropicalagricult1618ceyl#1896-07#134
2	ayapana oil	Ayapana Oil		vol031_tropicalagricul311908ceyl#1908-07/12#001
2	arappo	arappo	residual cake exported to Indian Coast	vol020_tropicalagricult2019ceyl#1901-04#119
2	betelnuts	Betelnuts	likely future export	vol015_tropicalagricult1518ceyl#1895-11#111
2	kuprah	Kuprah		vol013_tropicalagricult1318ceyl#1894-06#117
2	carborundum	carborundum	Material	vol019_tropicalagricult1918ceyl#1899-09#001
2	simsim	simsim	grown	vol013_tropicalagricult1318ceyl#1894-05#046
2	roselle hemp	roselle hemp	fibre known in commerce	vol030_tropicalagricul301908ceyl#1908-04#011
2	bar iron	BAR IRON	imported metal	vol021_tropicalagricult2119ceyl#1902-02#034
2	palm nut	palm nut	feed ingredient	vol003_tropicalagricult18831884colo#1884-01#119
2	chinese ginger	Chinese ginger	succulent ginger variety	vol010_tropicalagricult1018ceyl#1891-05#047
2	ling	Ling	food name in China	vol006_tropicalagricult18861887colo#1886-08#146
2	carbuncle	carbuncle	precious stone	vol009_tropicalagricult9188ceyl#1889-07#002
2	methylated spirits	methylated spirits	solvent for camphor	vol006_tropicalagricult18861887colo#1886-11#120
2	logwood extract	Logwood extract	export	vol022_tropicalagricult2219ceyl#1902-07#105
2	raw wool	Raw wool	imported good	vol008_tropicalagricult8188ceyl#1888-12#078
2	stable manure	stable manure	mulching material	vol049_iss02_tropical-agriculturist-1917-08-49-2#1917-08#014
2	tea-boxes	tea-boxes	made from teak	vol003_tropicalagricult18831884colo#1883-12#066
2	east india hemp	EAST INDIA HEMP		vol006_tropicalagricult18861887colo#1887-02#110
2	horsegram	horsegram	grown on dry soil	vol012_tropicalagricult1218ceyl#1893-06#133
2	persimmon	persimmon	fruit	vol020_tropicalagricult2019ceyl#1901-03#037
2	loxa cinchona	Loxa	type of cinchona bark	vol010_tropicalagricult1018ceyl#1890-11#084
2	parippu	parippu	prepared dholl seed	vol012_tropicalagricult1218ceyl#1893-06#170
2	gobur	gobur	manure	vol006_tropicalagricult18861887colo#1886-11#048
2	black leaf congou	Black Leaf Congou	tea variety	vol004_tropicalagricult18841885colo#1884-08#109
2	illipe nuts	illipe nuts	seeds of Dipterocarpous tree	vol006_tropicalagricult18861887colo#1886-08#113
2	indian cigars	Indian cigars	disposed of by sale at the Colonial and Indian Exhibition	vol007_tropicalagricult7188ceyl#1888-02#114
2	manila coffee	Manila coffee	sample received	vol001_tropicalagricult1188ceyl#1881-08#101
2	santonin	santonin	plant product	vol084_tropical-agriculturist-1935-01-84#1935-01#001
2	orange peel	Orange peel	traded product	vol004_tropicalagricult18841885colo#1885-02#123
2	lamb	Lamb	agricultural product	vol082_dli-ernet-229227#1934-06#010
2	semolina	semolina	product for manufacture	vol005_tropicalagricult18851886colo#1886-03#082
2	gutta taban	Gutta Taban	inferior article to gutta-percha	vol003_tropicalagricult18831884colo#1883-09#002
2	shallot	shallot	crop experimented on	vol050_dli-ernet-21168#1918-04#014
2	ducks' eggs	ducks' eggs	type of egg exported	vol007_tropicalagricult7188ceyl#1887-09#108
2	samshu	Samshu	Chinese spirit	vol027_tropicalagricul271906ceyl#1906-08#020
2	cheddar cheese	Cheddar	cheese	vol039_tropicalagricul391912ceyl#1912-12#065
2	kuruwe	Kuruwe	rice variety	vol015_tropicalagricult1518ceyl#1895-07#179
2	desicated coconut	DESICATED COCONUT	product	vol013_tropicalagricult1318ceyl#1894-06#128
2	kabok	Kabok	market commodity	vol019_tropicalagricult1918ceyl#1899-12#114
2	indigo, e.i. bengal	INDIGO, E.I. Bengal		vol033_tropicalagricul331909ceyl#1909-12#034
2	chinidine	Chinidine	alkaloid	vol006_tropicalagricult18861887colo#1887-01#098
2	west indian coffee	W. I.	superior crops	vol005_tropicalagricult18851886colo#1885-08#089
2	camphire	camphire	dye	vol006_tropicalagricult18861887colo#1887-01#020
2	beedies	Beedies	manufactured tobacco product	vol074_dli-ernet-229223#1930-12#011
2	oils and fats	Oils and Fats	topic of upcoming Supplement	vol022_tropicalagricult2219ceyl#1902-07#088
2	tea-dust	Tea-dust	used for manufacture of brick tea	vol012_tropicalagricult1218ceyl#1892-08#077
2	oriental emerald	Oriental emerald	precious stone	vol012_tropicalagricult1218ceyl#1892-10#006
2	tanahal	Tanahal	exhibit category	vol019_tropicalagricult1918ceyl#1899-09#047
2	unmanufactured tobacco	Tobacco Unmanufactured	export article	vol015_tropicalagricult1518ceyl#1896-03#053
2	birds'-nests	birds'-nests	export	vol002_tropicalagricult18821883colo#1883-05#037
2	ipacuanha	ipacuanba	falling off noted	vol008_tropicalagricult8188ceyl#1889-06#046
2	ceylon cinnamon chips	Ceylon cinnamon chips	raw material distilled	vol022_tropicalagricult2219ceyl#1902-07#055
2	alluvial gold	alluvial gold	mineral deposit	vol017_tropicalagricult1718ceyl#1898-01#096
2	bhusa	bhusa	famine reserve material	vol049_iss03_tropical-agriculturist-1917-09-49-3#1917-09#023
2	dandelion coffee	dandelion coffee	sample sold as coffee	vol001_tropicalagricult1188ceyl#1882-02#034
2	red barks	Red Barks	cinchona bark type	vol002_tropicalagricult18821883colo#1882-08#071
2	bombay aloe fibre	Bombay Aloe fibre	fibre product	vol010_tropicalagricult1018ceyl#1891-02#009
2	seed oil	Seed		vol013_tropicalagricult1318ceyl#1894-03#003
2	tahiti cotton	Tahiti Cotton	cotton variety comparison	vol015_tropicalagricult1518ceyl#1895-12#007
2	cocoa-nut fibre	cocoa-nut fibre	propagation medium	vol002_tropicalagricult18821883colo#1882-10#191
2	yttrium	yttrium	element	vol010_tropicalagricult1018ceyl#1891-04#004
2	cacao shell	Cacao Shell	feeding stuff	vol094_iss05_tropical-agriculturist-1940-05-94-5#1940-05#007
2	east indian oils	East Indian oils	competing product	vol012_tropicalagricult1218ceyl#1893-04#024
2	bean-cake	bean-cake	manufactured product	vol003_tropicalagricult18831884colo#1883-10#020
2	potassium	potassium	alkali metal in soils	vol010_tropicalagricult1018ceyl#1891-03#082
2	cotton yarns	cotton yarns	produce	vol012_tropicalagricult1218ceyl#1893-05#095
2	crushed tallow oil cake	Crushed Tallow Oil Cake	manure	vol013_tropicalagricult1318ceyl#1894-02#014
2	basket-fired tea	basket-fired tea	type of tea	vol005_tropicalagricult18851886colo#1886-04#137
2	para rubber seed oil	Para rubber seed oil	product extracted from seeds	vol023_tropicalagricult2319ceyl#1904-04#003
2	cashew nut oil	Cashew nut oil	oil sample	vol004_tropicalagricult18841885colo#1884-12#084
2	amra	Amrad cha.		vol010_tropicalagricult1018ceyl#1891-05#132
2	milk of lime	milk of lime	ingredient	vol026_tropicalagricul261906ceyl#1906-05#043
2	citron oil	citron oil		vol002_tropicalagricult18821883colo#1882-10#084
2	jarrah	jarrah	wood produced in Australia	vol004_tropicalagricult18841885colo#1885-04#098
2	tonquin bean	tonquin bean	fragrant seed	vol003_tropicalagricult18831884colo#1884-05#075
2	green manure crops	green manure crops	indigenous manure	vol072_dli-ernet-229221#1929-01/06#010
2	cusco cacao	Cusco cacao	generic name	vol010_tropicalagricult1018ceyl#1891-03#134
2	bar soap	SOAP, BAR	imported article	vol031_tropicalagricul311908ceyl#1908-07#061
2	kale	Kale	vegetable crop	vol045_lbg-630-5-tag-v-45#1915-11#036
2	aramina fibre	aramina fibre	excellent qualities	vol022_tropicalagricult2219ceyl#1903-04#063
2	pekoe souchong tea	Pekoe Souchongs	tea grade	vol001_tropicalagricult1188ceyl#1882-04#145
2	truxillo coca leaves	Truxillo leaves	variety of coca leaves	vol007_tropicalagricult7188ceyl#1887-12#012
2	black-lead	Black-lead	adulterant	vol003_tropicalagricult18831884colo#1883-08#094
2	turkey coffee	Turkey coffee	adulterated product	vol014_tropicalagricult1418ceyl#1895-04#074
2	soya cakes	Soya cakes	product	vol035_tropicalagricul351910ceyl#1910-09#014
2	cheretta	cheretta	cheap chemical bitter	vol002_tropicalagricult18821883colo#1883-02#027
2	para fibre	Para	piassava fibre	vol015_tropicalagricult1518ceyl#1896-01#002
2	vacuum pan sugar	vacuum pan sugar	product	vol007_tropicalagricult7188ceyl#1888-02#056
2	orchiella weed	ORCHIELLA WEED		vol016_tropicalagricult1618ceyl#1897-03#119
2	pistachio	pistachio nut	nut	vol006_tropicalagricult18861887colo#1886-10#041
2	braiding	braiding	product	vol019_tropicalagricult1918ceyl#1899-07#111
2	amra chai	Amrad cha		vol006_tropicalagricult18861887colo#1886-07#129
2	navel oranges	navel oranges	citrus product	vol039_tropicalagricul391912ceyl#1912-10#064
2	wood shavings	Wood shavings	mulching material	vol049_iss02_tropical-agriculturist-1917-08-49-2#1917-08#014
2	winter's oil	Winter's oil	exported by agents	vol022_tropicalagricult2219ceyl#1903-06#089
2	coffee husks	coffee husks	fuel	vol012_tropicalagricult1218ceyl#1893-05#033
2	red cedar	red cedar	timber	vol004_tropicalagricult18841885colo#1884-09#069
2	pakling	Paklings	type of tea	vol006_tropicalagricult18861887colo#1887-05#141
2	castillon rubber	Castillon rubber	rubber product	vol018_tropicalagricult1818ceyl#1899-04#143
2	rassi	Rassi	variety of copra	vol019_tropicalagricult1918ceyl#1900-02#095
2	east indian cotton	East Indian cotton	cotton variety	vol023_tropicalagricult2319ceyl#1904-06#002
2	coconut shell charcoal	coconut shell charcoal	export product	vol094_iss02_tropical-agriculturist-1940-02-94-2#1940-02#004
2	angelica oil	angelica oil		vol007_tropicalagricult7188ceyl#1887-12#057
2	pear	pear	fruit tree	vol016_tropicalagricult1618ceyl#1896-08#029
2	alfa	Alfa	product for which steamers call at Gabes	vol008_tropicalagricult8188ceyl#1889-03#151
2	amboina cloves	Cloves, Amboina	produce	vol007_tropicalagricult7188ceyl#1887-08#121
2	chili	Chili	seed distributed	vol043_lbg-tropicalagricultvol-xliii0000unse-c5y3#1914-12#041
2	camphor seed	camphor seed		vol030_tropicalagricul301908ceyl#1908-04#061
2	epidote	epidote	crystals found in Alaska	vol005_tropicalagricult18851886colo#1885-07#094
