tag	page	flag	tess	text	recall	stage4
vol002_tropicalagricult18821883colo	1	EXTRA	0	93	1.00	
vol003_tropicalagricult18831884colo	1	EXTRA	0	87	1.00	
vol003_tropicalagricult18831884colo	310	EXTRA	2	192	0.50	
vol003_tropicalagricult18831884colo	590	EXTRA	2	58	1.00	
vol004_tropicalagricult18841885colo	1	EXTRA	0	67	1.00	
vol005_tropicalagricult18851886colo	1	EXTRA	0	93	1.00	
vol006_tropicalagricult18861887colo	1	EXTRA	0	69	1.00	
vol007_tropicalagricult7188ceyl	318	MISSING	122	443	0.48	
vol008_tropicalagricult8188ceyl	990	MISSING	25	87	0.40	
vol008_tropicalagricult8188ceyl	998	MISSING	22	95	0.45	
vol010_tropicalagricult1018ceyl	813	MISSING	36	171	0.31	
vol010_tropicalagricult1018ceyl	1059	EXTRA	1	91	0.00	
vol011_tropicalagricult1118ceyl	1100	MISSING	22	316	0.41	
vol011_tropicalagricult1118ceyl	1102	MISSING	282	460	0.45	
vol011_tropicalagricult1118ceyl	1127	MISSING	16	96	0.44	
vol011_tropicalagricult1118ceyl	1209	EXTRA	1	92	0.00	
vol011_tropicalagricult1118ceyl	1210	EXTRA	1	159	0.00	
vol011_tropicalagricult1118ceyl	1220	EXTRA	1	93	0.00	
vol012_tropicalagricult1218ceyl	821	MISSING	321	0	0.00	UNRESOLVED
vol012_tropicalagricult1218ceyl	1040	MISSING	18	91	0.28	
vol012_tropicalagricult1218ceyl	1042	MISSING	30	313	0.30	
vol012_tropicalagricult1218ceyl	1046	MISSING	37	97	0.22	
vol012_tropicalagricult1218ceyl	1052	MISSING	40	97	0.33	
vol012_tropicalagricult1218ceyl	1062	MISSING	47	98	0.21	
vol012_tropicalagricult1218ceyl	1068	MISSING	23	89	0.22	
vol012_tropicalagricult1218ceyl	1074	MISSING	29	365	0.24	
vol012_tropicalagricult1218ceyl	1086	MISSING	19	101	0.47	
vol012_tropicalagricult1218ceyl	1090	MISSING	20	339	0.40	
vol012_tropicalagricult1218ceyl	1092	MISSING	31	328	0.32	
vol012_tropicalagricult1218ceyl	1098	MISSING	32	103	0.28	
vol012_tropicalagricult1218ceyl	1100	MISSING	38	357	0.26	
vol012_tropicalagricult1218ceyl	1106	MISSING	29	352	0.38	
vol012_tropicalagricult1218ceyl	1108	MISSING	28	94	0.36	
vol012_tropicalagricult1218ceyl	1114	MISSING	22	91	0.27	
vol012_tropicalagricult1218ceyl	1126	MISSING	38	344	0.24	
vol012_tropicalagricult1218ceyl	1128	MISSING	32	296	0.16	
vol012_tropicalagricult1218ceyl	1134	MISSING	32	392	0.38	
vol012_tropicalagricult1218ceyl	1142	MISSING	23	96	0.48	
vol012_tropicalagricult1218ceyl	1144	MISSING	27	316	0.22	
vol012_tropicalagricult1218ceyl	1182	MISSING	38	318	0.26	
vol012_tropicalagricult1218ceyl	1186	MISSING	26	104	0.35	
vol012_tropicalagricult1218ceyl	1208	MISSING	38	114	0.47	
vol012_tropicalagricult1218ceyl	1218	MISSING	23	96	0.48	
vol012_tropicalagricult1218ceyl	1230	MISSING	27	104	0.44	
vol012_tropicalagricult1218ceyl	1231	MISSING	36	357	0.19	
vol012_tropicalagricult1218ceyl	1244	MISSING	39	98	0.26	
vol012_tropicalagricult1218ceyl	1250	MISSING	23	95	0.22	
vol012_tropicalagricult1218ceyl	1262	MISSING	33	106	0.21	
vol012_tropicalagricult1218ceyl	1282	MISSING	43	98	0.30	
vol013_tropicalagricult1318ceyl	701	EXTRA	2	311	0.50	
vol013_tropicalagricult1318ceyl	1072	MISSING	496	0	0.00	UNRESOLVED
vol013_tropicalagricult1318ceyl	1073	MISSING	304	0	0.00	UNRESOLVED
vol014_tropicalagricult1418ceyl	54	MISSING	17	884	0.00	
vol014_tropicalagricult1418ceyl	56	MISSING	16	0	0.00	UNRESOLVED
vol014_tropicalagricult1418ceyl	59	MISSING	16	0	0.00	UNRESOLVED
vol014_tropicalagricult1418ceyl	60	MISSING	17	0	0.00	UNRESOLVED
vol014_tropicalagricult1418ceyl	829	MISSING	222	921	0.28	
vol014_tropicalagricult1418ceyl	1005	MISSING	105	110	0.45	
vol015_tropicalagricult1518ceyl	908	MISSING	388	2193	0.40	ACCEPT_CAP
vol015_tropicalagricult1518ceyl	909	MISSING	773	0	0.00	UNRESOLVED
vol016_tropicalagricult1618ceyl	916	MISSING	15	45	0.47	
vol017_tropicalagricult1718ceyl	918	MISSING	213	0	0.00	UNRESOLVED
vol018_tropicalagricult1818ceyl	852	EXTRA	1	224	0.00	ACCEPT
vol018_tropicalagricult1818ceyl	960	MISSING	553	0	0.00	UNRESOLVED
vol018_tropicalagricult1818ceyl	1090	MISSING	95	90	0.38	
vol019_tropicalagricult1918ceyl	890	MISSING	41	190	0.44	
vol019_tropicalagricult1918ceyl	936	MISSING	215	497	0.18	
vol019_tropicalagricult1918ceyl	1158	MISSING	26	112	0.38	
vol019_tropicalagricult1918ceyl	1182	MISSING	29	173	0.48	
vol019_tropicalagricult1918ceyl	1191	MISSING	76	72	0.46	
vol020_tropicalagricult2019ceyl	86	MISSING	36	199	0.47	
vol020_tropicalagricult2019ceyl	1090	MISSING	108	92	0.45	
vol020_tropicalagricult2019ceyl	1186	MISSING	82	76	0.49	
vol021_tropicalagricult2119ceyl	1060	MISSING	106	87	0.49	
vol021_tropicalagricult2119ceyl	1105	MISSING	83	68	0.34	
vol022_tropicalagricult2219ceyl	944	MISSING	339	436	0.33	
vol022_tropicalagricult2219ceyl	951	EXTRA	2	71	0.00	
vol022_tropicalagricult2219ceyl	953	MISSING	88	98	0.49	
vol022_tropicalagricult2219ceyl	989	MISSING	97	101	0.42	
vol030_tropicalagricul301908ceyl	555	EXTRA	0	102	1.00	
vol031_tropicalagricul311908ceyl	1	EXTRA	1	127	1.00	
vol031_tropicalagricul311908ceyl	246	EXTRA	1	81	1.00	
vol032_tropicalagricul321909ceyl	178	EXTRA	1	53	1.00	
vol034_tropicalagricul341910ceyl	209	EXTRA	1	67	0.00	
vol035_tropicalagricul351910ceyl	1	EXTRA	1	98	1.00	
vol039_tropicalagricul391912ceyl	1	EXTRA	0	93	1.00	
vol044_lbg-tropicalagricultvol-xliv0000unse-e6v7	268	EXTRA	0	82	1.00	
vol046_lbg-630-5-tag-v-46	90	EXTRA	0	51	1.00	
vol046_lbg-630-5-tag-v-46	98	EXTRA	1	70	1.00	
vol046_lbg-630-5-tag-v-46	241	EXTRA	1	59	0.00	
vol046_lbg-630-5-tag-v-46	242	EXTRA	1	52	0.00	
vol047_lbg-630-5-tag-v-47	158	EXTRA	0	65	1.00	
vol048_iss03_tropical-agriculturist-1917-03-48-3	62	EXTRA	2	69	0.00	
vol049_iss03_tropical-agriculturist-1917-09-49-3	62	EXTRA	2	181	0.00	
vol050_dli-ernet-21168	75	EXTRA	2	83	0.00	
vol050_dli-ernet-21168	127	EXTRA	1	122	0.00	
vol050_dli-ernet-21168	201	EXTRA	1	77	0.00	
vol050_dli-ernet-21168	202	EXTRA	2	79	0.00	
vol050_dli-ernet-21168	233	EXTRA	2	79	0.00	
vol050_dli-ernet-21168	413	EXTRA	1	149	0.00	
vol051_iss02_tropical-agriculturist-1918-08-51-2	59	EXTRA	2	181	0.00	
vol051_iss05_tropical-agriculturist-1918-11-51-5	23	EXTRA	0	87	1.00	
vol052_iss02_tropical-agriculturist-1919-02-52-2	10	EXTRA	1	195	0.00	
vol052_iss02_tropical-agriculturist-1919-02-52-2	14	EXTRA	1	67	0.00	
vol052_iss02_tropical-agriculturist-1919-02-52-2	55	EXTRA	2	210	0.00	
vol052_iss05_tropical-agriculturist-1919-05-52-5	63	EXTRA	1	213	0.00	
vol053_iss02_tropical-agriculturist-1919-08-53-2	91	EXTRA	2	298	0.00	
vol053_iss06_tropical-agriculturist-1919-12-53-6	63	EXTRA	2	229	0.00	
vol055_lbg-630-5-tag-v-55	180	EXTRA	2	65	0.00	
vol055_lbg-630-5-tag-v-55	181	EXTRA	1	67	0.00	
vol056_iss04_tropical-agriculturist-1921-04-56-4	13	EXTRA	0	61	1.00	
vol056_iss04_tropical-agriculturist-1921-04-56-4	14	EXTRA	0	52	1.00	
vol056_iss04_tropical-agriculturist-1921-04-56-4	20	EXTRA	2	85	0.00	
vol057_in-ernet-dli-2015-230764	157	EXTRA	2	65	0.00	
vol057_in-ernet-dli-2015-230764	158	EXTRA	2	326	0.00	
vol058_dli-ernet-229219	104	EXTRA	1	55	0.00	
vol058_dli-ernet-229219	393	EXTRA	1	115	1.00	
vol058_dli-ernet-229219	533	EXTRA	1	72	0.00	
vol059_tropicalagricult0059unse	118	EXTRA	0	154	1.00	
vol060_lbg-tropicalagricultvol-lx-1923-0000unse-n0c4	383	EXTRA	1	84	0.00	
vol061_tropicalagricult0061unse	83	MISSING	15	37	0.00	
vol061_tropicalagricult0061unse	164	EXTRA	1	121	1.00	
vol061_tropicalagricult0061unse	165	EXTRA	2	136	1.00	
vol061_tropicalagricult0061unse	405	MISSING	15	459	0.07	
vol065_iss01_tropical-agriculturist-1925-07-65-1	69	EXTRA	2	260	0.00	
vol065_iss02_tropical-agriculturist-1925-08-65-2	11	EXTRA	0	77	1.00	
vol065_iss02_tropical-agriculturist-1925-08-65-2	28	EXTRA	1	124	0.00	
vol065_iss03_tropical-agriculturist-1925-09-65-3	24	EXTRA	1	61	0.00	
vol066_tropical-agriculturist-april-may-1926-66-4-5	125	EXTRA	2	353	0.00	
vol067_iss02_tropical-agriculturist-1926-08-67-2	59	EXTRA	0	51	1.00	
vol068_tropical-agriculturist-1927-02-68	67	EXTRA	1	266	0.00	
vol068_tropical-agriculturist-1927-06-68	40	EXTRA	1	63	0.00	
vol069_tropical-agriculturist-1927-08-69	12	EXTRA	1	110	0.00	
vol069_tropical-agriculturist-1927-08-69	13	EXTRA	1	149	0.00	
vol069_tropical-agriculturist-1927-09-69	15	EXTRA	0	93	1.00	
vol069_tropical-agriculturist-1927-09-69	75	EXTRA	2	266	0.00	
vol069_tropical-agriculturist-1927-10-69	10	EXTRA	0	123	1.00	
vol069_tropical-agriculturist-1927-10-69	12	EXTRA	2	189	1.00	
vol070_dli-ernet-229220	568	EXTRA	1	82	0.00	
vol070_dli-ernet-229220	659	EXTRA	0	108	1.00	
vol070_dli-ernet-229220	660	EXTRA	0	56	1.00	
vol070_dli-ernet-229220	806	EXTRA	2	59	0.00	
vol070_dli-ernet-229220	810	EXTRA	2	126	0.00	
vol070_dli-ernet-229220	851	EXTRA	2	285	0.00	
vol071_tropical-agriculturist-1928-07-71	50	EXTRA	1	87	1.00	
vol071_tropical-agriculturist-1928-09-71	4	EXTRA	0	52	1.00	
vol071_tropical-agriculturist-1928-09-71	7	EXTRA	0	85	1.00	
vol071_tropical-agriculturist-1928-09-71	10	EXTRA	0	84	1.00	
vol071_tropical-agriculturist-1928-10-71	22	EXTRA	0	121	1.00	
vol071_tropical-agriculturist-1928-12-71	28	EXTRA	1	54	1.00	
vol071_tropical-agriculturist-1928-12-71	32	EXTRA	2	126	0.00	
vol072_dli-ernet-229221	31	EXTRA	2	91	0.00	
vol072_dli-ernet-229221	76	EXTRA	1	255	1.00	
vol072_dli-ernet-229221	109	EXTRA	0	70	1.00	
vol072_dli-ernet-229221	210	EXTRA	2	255	0.00	
vol072_dli-ernet-229221	227	EXTRA	1	75	0.00	
vol072_dli-ernet-229221	281	EXTRA	0	104	1.00	
vol072_dli-ernet-229221	289	EXTRA	0	73	1.00	
vol072_dli-ernet-229221	290	EXTRA	0	102	1.00	
vol072_dli-ernet-229221	294	EXTRA	0	126	1.00	
vol072_dli-ernet-229221	297	EXTRA	0	70	1.00	
vol072_dli-ernet-229221	586	EXTRA	0	130	1.00	
vol072_dli-ernet-229221	587	EXTRA	1	61	0.00	
vol072_dli-ernet-229221	688	EXTRA	2	71	0.50	
vol072_dli-ernet-229221	734	EXTRA	1	80	0.00	
vol073_tropical-agriculturist-1929-08-73	37	EXTRA	1	77	0.00	
vol073_tropical-agriculturist-1929-09-73	13	EXTRA	0	130	1.00	
vol073_tropical-agriculturist-1929-11-73	11	EXTRA	1	93	0.00	
vol073_tropical-agriculturist-1929-11-73	14	EXTRA	1	89	0.00	
vol074_dli-ernet-229223	92	EXTRA	0	116	1.00	
vol074_dli-ernet-229223	387	EXTRA	1	81	0.00	
vol074_dli-ernet-229223	599	EXTRA	1	58	0.00	
vol076_dli-ernet-229225	33	MISSING	17	243	0.00	
vol076_dli-ernet-229225	36	EXTRA	1	111	0.00	
vol076_dli-ernet-229225	38	MISSING	22	209	0.00	
vol076_dli-ernet-229225	51	EXTRA	1	143	1.00	
vol076_dli-ernet-229225	59	EXTRA	2	98	0.00	
vol076_dli-ernet-229225	95	EXTRA	2	54	0.00	
vol076_dli-ernet-229225	117	EXTRA	1	92	0.00	
vol076_dli-ernet-229225	129	EXTRA	1	79	0.00	
vol076_dli-ernet-229225	174	EXTRA	2	57	0.00	
vol076_dli-ernet-229225	177	EXTRA	1	63	0.00	
vol076_dli-ernet-229225	178	EXTRA	0	57	1.00	
vol076_dli-ernet-229225	203	EXTRA	1	51	0.00	
vol076_dli-ernet-229225	204	EXTRA	1	59	0.00	
vol076_dli-ernet-229225	291	EXTRA	2	61	0.00	
vol076_dli-ernet-229225	322	EXTRA	2	64	0.00	
vol076_dli-ernet-229225	366	EXTRA	2	51	0.00	
vol076_dli-ernet-229225	455	EXTRA	0	60	1.00	
vol076_dli-ernet-229225	584	EXTRA	2	252	0.00	
vol076_dli-ernet-229225	794	EXTRA	0	259	1.00	
vol077_tdl-34003-the-tropical-agriculturist-the-agricultural-journa	13	EXTRA	2	88	0.00	
vol077_tdl-34003-the-tropical-agriculturist-the-agricultural-journa	21	EXTRA	0	79	1.00	
vol077_tdl-34003-the-tropical-agriculturist-the-agricultural-journa	22	EXTRA	0	74	1.00	
vol078_tropical-agriculturist-1932-01-78	7	EXTRA	0	72	1.00	
vol078_tropical-agriculturist-1932-02-78	28	EXTRA	2	70	0.00	
vol078_tropical-agriculturist-1932-02-78	62	EXTRA	2	69	0.00	
vol079_iss01_tropical-agriculturist-1932-07-79-1	33	EXTRA	2	62	0.00	
vol080_dli-ernet-229226	233	EXTRA	2	80	0.00	
vol080_dli-ernet-229226	409	EXTRA	0	89	1.00	
vol080_dli-ernet-229226	461	EXTRA	1	67	0.00	
vol080_dli-ernet-229226	462	EXTRA	2	62	0.00	
vol080_dli-ernet-229226	467	EXTRA	1	122	0.00	
vol080_dli-ernet-229226	598	EXTRA	1	176	0.00	
vol080_dli-ernet-229226	674	EXTRA	1	199	0.00	
vol080_dli-ernet-229226	689	EXTRA	2	58	0.00	
vol081_iss01_tropical-agriculturist-1933-07-81-1	8	EXTRA	2	66	0.00	
vol081_iss01_tropical-agriculturist-1933-07-81-1	9	EXTRA	2	62	0.00	
vol081_iss01_tropical-agriculturist-1933-07-81-1	37	EXTRA	0	50	1.00	
vol081_iss04_tropical-agriculturist-1933-10-81-4	14	EXTRA	0	58	1.00	
vol081_iss04_tropical-agriculturist-1933-10-81-4	24	EXTRA	1	51	0.00	
vol082_dli-ernet-229227	380	EXTRA	1	63	0.00	
vol082_dli-ernet-229227	604	EXTRA	1	71	0.00	
vol082_dli-ernet-229227	779	EXTRA	1	53	0.00	
vol083_tropical-agriculturist-1934-09	3	EXTRA	2	56	0.00	
vol083_tropical-agriculturist-1934-09	7	EXTRA	2	65	0.00	
vol083_tropical-agriculturist-1934-11	7	EXTRA	0	50	1.00	
vol083_tropical-agriculturist-1934-11	34	EXTRA	2	53	0.00	
vol085_tropical-agriculturist-1935-09-85	7	EXTRA	0	105	1.00	
vol085_tropical-agriculturist-1935-10-85	24	EXTRA	1	76	0.00	
vol085_tropical-agriculturist-1935-11-85	15	EXTRA	2	53	0.00	
vol085_tropical-agriculturist-1935-12-85	46	EXTRA	1	66	0.00	
vol085_tropical-agriculturist-1935-12-85	48	EXTRA	0	83	1.00	
vol085_tropical-agriculturist-1935-12-85	49	EXTRA	1	86	0.00	
vol085_tropical-agriculturist-1935-12-85	50	EXTRA	2	64	0.00	
vol086_dli-ernet-229228	523	EXTRA	2	62	0.00	
vol086_dli-ernet-229228	524	EXTRA	1	107	0.00	
vol086_dli-ernet-229228	583	EXTRA	1	55	0.00	
vol086_dli-ernet-229228	641	EXTRA	1	60	0.00	
vol086_dli-ernet-229228	647	EXTRA	0	75	1.00	
vol086_dli-ernet-229228	654	EXTRA	0	50	1.00	
vol086_dli-ernet-229228	703	EXTRA	2	52	0.00	
vol086_dli-ernet-229228	714	EXTRA	0	97	1.00	
vol087_tropical-agriculturist-1936-07-87	14	EXTRA	1	59	0.00	
vol087_tropical-agriculturist-1936-08-87	46	EXTRA	2	69	0.00	
vol087_tropical-agriculturist-1936-08-87	48	EXTRA	1	105	0.00	
vol087_tropical-agriculturist-1936-08-87	49	EXTRA	1	107	0.00	
vol087_tropical-agriculturist-1936-10-87	22	EXTRA	0	70	1.00	
vol087_tropical-agriculturist-1936-10-87	25	EXTRA	2	91	1.00	
vol087_tropical-agriculturist-1936-10-87	35	EXTRA	0	50	1.00	
vol087_tropical-agriculturist-1936-11-87	19	EXTRA	1	104	0.00	
vol088_dli-ernet-229229	116	EXTRA	1	74	0.00	
vol088_dli-ernet-229229	189	EXTRA	2	55	0.00	
vol088_dli-ernet-229229	191	EXTRA	2	58	0.00	
vol088_dli-ernet-229229	376	EXTRA	1	73	0.00	
vol088_dli-ernet-229229	517	EXTRA	1	58	0.00	
vol088_dli-ernet-229229	518	EXTRA	1	60	0.00	
vol088_dli-ernet-229229	520	EXTRA	1	57	0.00	
vol088_dli-ernet-229229	521	EXTRA	0	63	1.00	
vol088_dli-ernet-229229	727	EXTRA	1	160	0.00	
vol088_dli-ernet-229229	826	EXTRA	1	69	0.00	
vol088_dli-ernet-229229	842	EXTRA	0	60	1.00	
vol088_dli-ernet-229229	844	EXTRA	1	57	0.00	
vol089_tropical-agriculturist-1937-08-89	18	EXTRA	0	58	1.00	
vol089_tropical-agriculturist-1937-08-89	19	EXTRA	1	62	0.00	
vol089_tropical-agriculturist-1937-08-89	21	EXTRA	2	50	0.00	
vol089_tropical-agriculturist-1937-08-89	22	EXTRA	1	58	0.00	
vol089_tropical-agriculturist-1937-11-89	20	EXTRA	2	164	0.00	
vol089_tropical-agriculturist-1937-12-89	63	EXTRA	1	57	1.00	
vol090_iss01_tropical-agriculturist-1938-01-90-1	13	EXTRA	1	95	0.00	
vol090_iss01_tropical-agriculturist-1938-01-90-1	15	EXTRA	2	120	0.00	
vol091_tropical-agriculturist-1938-07-91	10	EXTRA	1	90	0.00	
vol091_tropical-agriculturist-1938-07-91	28	EXTRA	2	60	0.00	
vol091_tropical-agriculturist-1938-08-91	24	EXTRA	2	70	0.00	
vol091_tropical-agriculturist-1938-08-91	28	EXTRA	1	57	0.00	
vol091_tropical-agriculturist-1938-10-91	33	EXTRA	0	64	1.00	
vol091_tropical-agriculturist-1938-11-91	19	EXTRA	0	153	1.00	ACCEPT
vol091_tropical-agriculturist-1938-11-91	22	EXTRA	0	250	1.00	ACCEPT
vol091_tropical-agriculturist-1938-11-91	26	EXTRA	1	81	1.00	
vol091_tropical-agriculturist-1938-11-91	27	EXTRA	0	195	1.00	ACCEPT
vol091_tropical-agriculturist-1938-11-91	34	EXTRA	0	136	1.00	ACCEPT
vol091_tropical-agriculturist-1938-12-91	26	EXTRA	0	70	1.00	ACCEPT_CAP
vol091_tropical-agriculturist-1938-12-91	34	EXTRA	0	233	1.00	ACCEPT
vol092_tropical-agriculturist-1939-01-92	5	EXTRA	0	88	1.00	
vol092_tropical-agriculturist-1939-05-92	18	EXTRA	0	94	1.00	
vol092_tropical-agriculturist-1939-05-92	19	EXTRA	2	56	0.00	
vol092_tropical-agriculturist-1939-05-92	20	EXTRA	1	169	0.00	
vol092_tropical-agriculturist-1939-05-92	22	EXTRA	0	234	1.00	
vol092_tropical-agriculturist-1939-05-92	23	EXTRA	0	77	1.00	
vol092_tropical-agriculturist-1939-05-92	28	EXTRA	0	133	1.00	
vol093_iss01_tropical-agriculturist-1939-07-93-1	24	EXTRA	1	89	0.00	
vol093_iss01_tropical-agriculturist-1939-07-93-1	25	EXTRA	1	93	0.00	
vol093_iss01_tropical-agriculturist-1939-07-93-1	27	EXTRA	2	104	0.00	
vol093_iss03_tropical-agriculturist-1939-09-93-3	20	EXTRA	1	117	0.00	
vol093_iss03_tropical-agriculturist-1939-09-93-3	37	EXTRA	0	86	1.00	
vol093_iss03_tropical-agriculturist-1939-09-93-3	38	EXTRA	2	104	0.00	
vol093_iss04_tropical-agriculturist-1939-10-93-4	11	EXTRA	1	72	0.00	
vol093_iss05_tropical-agriculturist-1939-11-93-5	32	EXTRA	0	62	1.00	
vol094_iss03_tropical-agriculturist-1940-03-94-3	21	MISSING	28	0	0.00	UNRESOLVED
vol094_iss03_tropical-agriculturist-1940-03-94-3	63	EXTRA	2	190	0.00	ACCEPT_CAP
vol094_iss05_tropical-agriculturist-1940-05-94-5	32	EXTRA	1	134	0.00	
vol094_iss06_tropical-agriculturist-1940-06-94-6	41	EXTRA	0	65	1.00	
vol094_iss06_tropical-agriculturist-1940-06-94-6	65	EXTRA	0	316	1.00	ACCEPT
vol094_iss06_tropical-agriculturist-1940-06-94-6	66	EXTRA	1	81	0.00	
vol095_iss04_tropical-agriculturist-1940-10-95-4	56	EXTRA	1	55	0.00	
vol095_iss05_tropical-agriculturist-1940-11-95-5	13	EXTRA	2	83	0.00	
vol095_iss05_tropical-agriculturist-1940-11-95-5	43	EXTRA	2	103	0.00	
vol095_iss06_tropical-agriculturist-1940-12-95-6	19	EXTRA	2	106	0.00	
vol096_dli-ernet-229230	25	EXTRA	2	68	0.00	
vol096_dli-ernet-229230	58	EXTRA	0	64	1.00	
vol096_dli-ernet-229230	63	EXTRA	0	78	1.00	
vol096_dli-ernet-229230	113	EXTRA	1	62	0.00	
vol096_dli-ernet-229230	130	EXTRA	0	64	1.00	
vol096_dli-ernet-229230	190	EXTRA	2	90	0.00	
vol096_dli-ernet-229230	385	EXTRA	0	53	1.00	
vol096_dli-ernet-229230	386	EXTRA	0	54	1.00	
vol096_dli-ernet-229230	388	EXTRA	0	101	1.00	
vol096_dli-ernet-229230	515	EXTRA	0	67	1.00	
vol096_dli-ernet-229230	534	EXTRA	1	154	0.00	
vol096_dli-ernet-229230	629	EXTRA	2	75	0.50	
vol096_dli-ernet-229230	630	EXTRA	0	76	1.00	
vol096_dli-ernet-229230	632	EXTRA	1	70	0.00	
vol096_dli-ernet-229230	646	EXTRA	2	81	0.00	
vol096_dli-ernet-229230	663	EXTRA	0	79	1.00	
vol097_iss01_tropical-agriculturist-1941-07-97-1	18	EXTRA	0	67	1.00	
vol097_iss01_tropical-agriculturist-1941-07-97-1	37	EXTRA	1	157	0.00	
vol097_iss03_tropical-agriculturist-1941-09-97-3	12	EXTRA	1	75	0.00	
vol097_iss03_tropical-agriculturist-1941-09-97-3	15	EXTRA	0	72	1.00	
vol097_iss03_tropical-agriculturist-1941-09-97-3	46	EXTRA	1	82	0.00	
vol098_iss01_tropical-agriculturist-january-march-1942-98-1	34	MISSING	150	78	0.43	
vol098_iss03_tropical-agriculturist-july-september-1942-98-3	88	EXTRA	1	242	0.00	
vol098_iss03_tropical-agriculturist-july-september-1942-98-3	96	EXTRA	2	119	0.00	
vol098_iss03_tropical-agriculturist-july-september-1942-98-3	100	EXTRA	0	63	1.00	
vol098_iss03_tropical-agriculturist-july-september-1942-98-3	101	EXTRA	1	72	0.00	
vol098_iss03_tropical-agriculturist-july-september-1942-98-3	102	EXTRA	0	77	1.00	
vol098_iss03_tropical-agriculturist-july-september-1942-98-3	103	EXTRA	1	58	0.00	
vol098_iss03_tropical-agriculturist-july-september-1942-98-3	104	EXTRA	0	52	1.00	
vol099_iss01_tropical-agriculturist-january-march-1943-99-1	12	EXTRA	2	71	1.00	
vol099_iss01_tropical-agriculturist-january-march-1943-99-1	17	EXTRA	2	107	0.00	
vol099_iss01_tropical-agriculturist-january-march-1943-99-1	18	EXTRA	2	136	0.00	
vol100_iss02_tropical-agriculturist-april-june-1944-100-2	13	EXTRA	2	79	0.00	
vol100_iss03_tropical-agriculturist-july-september-1944-100-3	15	EXTRA	1	53	0.00	
