volume	issue	doc	canonical	bad	words	folio_share	n_copies
1	1881-06	vol001_tropicalagricult1188ceyl	1	0	89946	0.99	1
1	1881-07	vol001_tropicalagricult1188ceyl	1	0	110000	1.00	1
1	1881-08	vol001_tropicalagricult1188ceyl	1	0	97352	1.00	1
1	1881-09	vol001_tropicalagricult1188ceyl	1	0	99867	1.00	1
1	1881-10	vol001_tropicalagricult1188ceyl	1	0	95554	1.00	1
1	1881-11	vol001_tropicalagricult1188ceyl	1	0	101997	1.00	1
1	1881-12	vol001_tropicalagricult1188ceyl	1	0	118054	1.00	1
1	1882-01	vol001_tropicalagricult1188ceyl	1	0	105796	1.00	1
1	1882-02	vol001_tropicalagricult1188ceyl	1	0	112599	1.00	1
1	1882-03	vol001_tropicalagricult1188ceyl	1	0	100967	1.00	1
1	1882-04	vol001_tropicalagricult1188ceyl	1	0	111129	1.00	1
1	1882-05	vol001_tropicalagricult1188ceyl	1	0	111206	1.00	1
1	1882-06	vol001_tropicalagricult1188ceyl	1	0	101766	1.00	1
2	1882-07	vol002_tropicalagricult18821883colo	1	0	107369	1.00	1
2	1882-08	vol002_tropicalagricult18821883colo	1	0	120895	1.00	1
2	1882-09	vol002_tropicalagricult18821883colo	1	0	115697	1.00	1
2	1882-10	vol002_tropicalagricult18821883colo	1	0	121246	1.00	1
2	1882-11	vol002_tropicalagricult18821883colo	1	0	117000	1.00	1
2	1882-12	vol002_tropicalagricult18821883colo	1	0	104185	1.00	1
2	1883-01	vol002_tropicalagricult18821883colo	1	0	108366	1.00	1
2	1883-02	vol002_tropicalagricult18821883colo	1	0	106617	1.00	1
2	1883-03	vol002_tropicalagricult18821883colo	1	0	105544	1.00	1
2	1883-04	vol002_tropicalagricult18821883colo	1	0	111247	1.00	1
2	1883-05	vol002_tropicalagricult18821883colo	1	0	103424	1.00	1
2	1883-06	vol002_tropicalagricult18821883colo	1	0	100769	1.00	1
3	1883-07	vol003_tropicalagricult18831884colo	1	0	110568	0.97	1
3	1883-08	vol003_tropicalagricult18831884colo	1	0	105149	1.00	1
3	1883-09	vol003_tropicalagricult18831884colo	1	0	89594	1.00	1
3	1883-10	vol003_tropicalagricult18831884colo	1	0	112533	1.00	1
3	1883-11	vol003_tropicalagricult18831884colo	1	0	107487	1.00	1
3	1883-12	vol003_tropicalagricult18831884colo	1	0	100532	0.96	1
3	1884-01	vol003_tropicalagricult18831884colo	1	0	96505	1.00	1
3	1884-02	vol003_tropicalagricult18831884colo	1	0	108717	1.00	1
3	1884-03	vol003_tropicalagricult18831884colo	1	0	113405	1.00	1
3	1884-04	vol003_tropicalagricult18831884colo	1	0	108740	1.00	1
3	1884-05	vol003_tropicalagricult18831884colo	1	0	114889	1.00	1
3	1884-06	vol003_tropicalagricult18831884colo	1	0	112915	1.00	1
4	1884-07	vol004_tropicalagricult18841885colo	1	0	111486	1.00	1
4	1884-08	vol004_tropicalagricult18841885colo	1	0	124694	1.00	1
4	1884-09	vol004_tropicalagricult18841885colo	1	0	122924	1.00	1
4	1884-10	vol004_tropicalagricult18841885colo	1	0	125382	1.00	1
4	1884-11	vol004_tropicalagricult18841885colo	1	0	119347	1.00	1
4	1884-12	vol004_tropicalagricult18841885colo	1	0	112999	1.00	1
4	1885-01	vol004_tropicalagricult18841885colo	1	0	112264	1.00	1
4	1885-02	vol004_tropicalagricult18841885colo	1	0	102357	1.00	1
4	1885-03	vol004_tropicalagricult18841885colo	1	0	102235	1.00	1
4	1885-04	vol004_tropicalagricult18841885colo	1	0	98323	1.00	1
4	1885-05	vol004_tropicalagricult18841885colo	1	0	98981	1.00	1
4	1885-06	vol004_tropicalagricult18841885colo	1	0	106888	1.00	1
5	1885-07	vol005_tropicalagricult18851886colo	1	0	97589	0.99	1
5	1885-08	vol005_tropicalagricult18851886colo	1	0	107465	1.00	1
5	1885-09	vol005_tropicalagricult18851886colo	1	0	107510	1.00	1
5	1885-10	vol005_tropicalagricult18851886colo	1	0	95024	1.00	1
5	1885-11	vol005_tropicalagricult18851886colo	1	0	90688	0.99	1
5	1885-12	vol005_tropicalagricult18851886colo	1	0	92778	0.97	1
5	1886-01	vol005_tropicalagricult18851886colo	1	0	95442	1.00	1
5	1886-02	vol005_tropicalagricult18851886colo	1	0	91361	1.00	1
5	1886-03	vol005_tropicalagricult18851886colo	1	0	95375	0.97	1
5	1886-04	vol005_tropicalagricult18851886colo	1	0	94551	1.00	1
5	1886-05	vol005_tropicalagricult18851886colo	1	0	96581	1.00	1
5	1886-06	vol005_tropicalagricult18851886colo	1	0	96961	1.00	1
6	1886-07	vol006_tropicalagricult18861887colo	1	0	95558	1.00	1
6	1886-08	vol006_tropicalagricult18861887colo	1	0	95560	1.00	1
6	1886-09	vol006_tropicalagricult18861887colo	1	0	95504	1.00	1
6	1886-10	vol006_tropicalagricult18861887colo	1	0	97465	1.00	1
6	1886-11	vol006_tropicalagricult18861887colo	1	0	98888	0.99	1
6	1886-12	vol006_tropicalagricult18861887colo	1	0	96332	0.99	1
6	1887-01	vol006_tropicalagricult18861887colo	1	0	99600	1.00	1
6	1887-02	vol006_tropicalagricult18861887colo	1	0	88029	1.00	1
6	1887-03	vol006_tropicalagricult18861887colo	1	0	97444	1.00	1
6	1887-04	vol006_tropicalagricult18861887colo	1	0	99442	1.00	1
6	1887-05	vol006_tropicalagricult18861887colo	1	0	94945	1.00	1
6	1887-06	vol006_tropicalagricult18861887colo	1	0	94319	1.00	1
7	1887-07	vol007_tropicalagricult7188ceyl	1	0	95854	0.99	1
7	1887-08	vol007_tropicalagricult7188ceyl	1	0	98320	1.00	1
7	1887-09	vol007_tropicalagricult7188ceyl	1	0	94285	1.00	1
7	1887-10	vol007_tropicalagricult7188ceyl	1	0	93427	1.00	1
7	1887-11	vol007_tropicalagricult7188ceyl	1	0	94707	1.00	1
7	1887-12	vol007_tropicalagricult7188ceyl	1	0	97879	1.00	1
7	1888-01	vol007_tropicalagricult7188ceyl	1	0	94836	1.00	1
7	1888-02	vol007_tropicalagricult7188ceyl	1	0	96907	1.00	1
7	1888-03	vol007_tropicalagricult7188ceyl	1	0	98632	1.00	1
7	1888-04	vol007_tropicalagricult7188ceyl	1	0	91685	1.00	1
7	1888-05	vol007_tropicalagricult7188ceyl	1	0	97099	1.00	1
7	1888-06	vol007_tropicalagricult7188ceyl	1	0	89018	1.00	1
8	1888-07	vol008_tropicalagricult8188ceyl	1	0	96631	0.99	1
8	1888-08	vol008_tropicalagricult8188ceyl	1	0	106466	1.00	1
8	1888-09	vol008_tropicalagricult8188ceyl	1	0	93191	1.00	1
8	1888-10	vol008_tropicalagricult8188ceyl	1	0	94398	1.00	1
8	1888-11	vol008_tropicalagricult8188ceyl	1	0	96649	1.00	1
8	1888-12	vol008_tropicalagricult8188ceyl	1	0	94351	1.00	1
8	1889-01	vol008_tropicalagricult8188ceyl	1	0	94246	1.00	1
8	1889-02	vol008_tropicalagricult8188ceyl	1	0	92782	1.00	1
8	1889-03	vol008_tropicalagricult8188ceyl	1	0	93607	1.00	1
8	1889-04	vol008_tropicalagricult8188ceyl	1	0	96044	1.00	1
8	1889-05	vol008_tropicalagricult8188ceyl	1	0	95784	1.01	1
8	1889-06	vol008_tropicalagricult8188ceyl	1	0	101944	0.95	1
9	1889-07	vol009_tropicalagricult9188ceyl	1	0	91907	0.99	1
9	1889-08	vol009_tropicalagricult9188ceyl	1	0	94975	1.00	1
9	1889-09	vol009_tropicalagricult9188ceyl	1	0	100136	1.01	1
9	1889-10	vol009_tropicalagricult9188ceyl	1	0	103380	1.00	1
9	1889-11	vol009_tropicalagricult9188ceyl	1	0	93895	1.00	1
9	1889-12	vol009_tropicalagricult9188ceyl	1	0	93913	1.00	1
9	1890-01	vol009_tropicalagricult9188ceyl	1	0	96509	1.00	1
9	1890-02	vol009_tropicalagricult9188ceyl	1	0	92853	1.00	1
9	1890-03	vol009_tropicalagricult9188ceyl	1	0	90383	1.01	1
9	1890-04	vol009_tropicalagricult9188ceyl	1	0	82299	1.00	1
9	1890-05	vol009_tropicalagricult9188ceyl	1	0	98087	0.99	1
9	1890-06	vol009_tropicalagricult9188ceyl	1	0	97432	0.92	1
10	1890-07	vol010_tropicalagricult1018ceyl	1	0	88141	0.99	1
10	1890-08	vol010_tropicalagricult1018ceyl	1	1	102513	1.00	1
10	1890-09	vol010_tropicalagricult1018ceyl	1	0	99478	0.99	1
10	1890-10	vol010_tropicalagricult1018ceyl	1	0	102334	1.00	1
10	1890-11	vol010_tropicalagricult1018ceyl	1	0	102922	1.00	1
10	1890-12	vol010_tropicalagricult1018ceyl	1	0	96068	1.00	1
10	1891-01	vol010_tropicalagricult1018ceyl	1	0	97292	1.01	1
10	1891-02	vol010_tropicalagricult1018ceyl	1	0	95467	1.00	1
10	1891-03	vol010_tropicalagricult1018ceyl	1	0	91688	1.01	1
10	1891-04	vol010_tropicalagricult1018ceyl	1	0	80484	1.00	1
10	1891-05	vol010_tropicalagricult1018ceyl	1	0	97230	1.00	1
10	1891-06	vol010_tropicalagricult1018ceyl	1	2	108635	0.96	1
11	1891-07	vol011_tropicalagricult1118ceyl	1	0	110918	1.00	1
11	1891-08	vol011_tropicalagricult1118ceyl	1	0	92768	1.01	1
11	1891-09	vol011_tropicalagricult1118ceyl	1	0	82549	1.02	1
11	1891-10	vol011_tropicalagricult1118ceyl	1	0	91523	1.01	1
11	1891-11	vol011_tropicalagricult1118ceyl	1	0	105623	1.00	1
11	1891-12	vol011_tropicalagricult1118ceyl	1	0	96373	1.00	1
11	1892-01	vol011_tropicalagricult1118ceyl	1	0	94989	0.97	1
11	1892-02	vol011_tropicalagricult1118ceyl	1	0	111344	1.00	1
11	1892-03	vol011_tropicalagricult1118ceyl	1	1	115134	1.00	1
11	1892-05	vol011_tropicalagricult1118ceyl	1	0	112014	0.99	1
11	1892-06	vol011_tropicalagricult1118ceyl	1	2	117232	0.96	1
12	1892-07	vol012_tropicalagricult1218ceyl	1	0	103867	1.00	1
12	1892-08	vol012_tropicalagricult1218ceyl	1	0	96096	1.00	1
12	1892-09	vol012_tropicalagricult1218ceyl	1	0	96512	1.00	1
12	1892-10	vol012_tropicalagricult1218ceyl	1	0	96076	1.00	1
12	1892-11	vol012_tropicalagricult1218ceyl	1	0	99531	1.00	1
12	1892-12	vol012_tropicalagricult1218ceyl	1	0	96635	1.00	1
12	1893-01	vol012_tropicalagricult1218ceyl	1	0	75168	1.00	1
12	1893-02	vol012_tropicalagricult1218ceyl	1	0	73876	1.00	1
12	1893-03	vol012_tropicalagricult1218ceyl	1	0	74167	1.00	1
12	1893-04	vol012_tropicalagricult1218ceyl	1	0	75951	0.98	1
12	1893-05	vol012_tropicalagricult1218ceyl	1	0	83866	0.98	1
12	1893-06	vol012_tropicalagricult1218ceyl	1	1	154780	0.97	1
13	1893-07	vol013_tropicalagricult1318ceyl	1	1	89490	0.90	1
13	1893-08	vol013_tropicalagricult1318ceyl	1	0	88849	0.99	1
13	1893-09	vol013_tropicalagricult1318ceyl	1	0	90687	0.96	1
13	1893-10	vol013_tropicalagricult1318ceyl	1	1	87627	0.97	1
13	1893-11	vol013_tropicalagricult1318ceyl	1	0	90744	0.96	1
13	1893-12	vol013_tropicalagricult1318ceyl	1	1	93134	0.96	1
13	1894-01	vol013_tropicalagricult1318ceyl	1	0	78495	0.95	1
13	1894-02	vol013_tropicalagricult1318ceyl	1	1	89237	0.92	1
13	1894-03	vol013_tropicalagricult1318ceyl	1	1	85492	0.95	1
13	1894-04	vol013_tropicalagricult1318ceyl	1	0	84922	0.99	1
13	1894-05	vol013_tropicalagricult1318ceyl	1	0	88031	0.96	1
13	1894-06	vol013_tropicalagricult1318ceyl	1	6	94805	0.94	1
14	1894-07	vol014_tropicalagricult1418ceyl	1	0	82386	1.03	1
14	1894-08	vol014_tropicalagricult1418ceyl	1	0	91781	0.96	1
14	1894-09	vol014_tropicalagricult1418ceyl	1	0	80861	0.97	1
14	1894-10	vol014_tropicalagricult1418ceyl	1	0	93684	0.90	1
14	1894-11	vol014_tropicalagricult1418ceyl	1	0	91787	1.00	1
14	1894-12	vol014_tropicalagricult1418ceyl	1	0	92390	0.96	1
14	1895-01	vol014_tropicalagricult1418ceyl	1	0	81755	0.97	1
14	1895-02	vol014_tropicalagricult1418ceyl	1	0	94705	0.99	1
14	1895-03	vol014_tropicalagricult1418ceyl	1	0	95393	1.01	1
14	1895-04	vol014_tropicalagricult1418ceyl	1	0	92094	0.94	1
14	1895-05	vol014_tropicalagricult1418ceyl	1	0	86366	0.98	1
14	1895-06	vol014_tropicalagricult1418ceyl	1	0	103744	0.97	1
15	1895-07	vol015_tropicalagricult1518ceyl	1	0	91975	0.99	1
15	1895-08	vol015_tropicalagricult1518ceyl	1	0	92792	1.00	1
15	1895-09	vol015_tropicalagricult1518ceyl	1	0	92217	1.01	1
15	1895-10	vol015_tropicalagricult1518ceyl	1	0	89276	1.01	1
15	1895-11	vol015_tropicalagricult1518ceyl	1	0	95995	1.00	1
15	1895-12	vol015_tropicalagricult1518ceyl	1	0	83727	1.00	1
15	1896-01	vol015_tropicalagricult1518ceyl	1	0	95292	1.01	1
15	1896-02	vol015_tropicalagricult1518ceyl	1	0	93452	1.00	1
15	1896-03	vol015_tropicalagricult1518ceyl	1	0	94044	1.00	1
15	1896-04	vol015_tropicalagricult1518ceyl	1	0	95108	1.00	1
15	1896-05	vol015_tropicalagricult1518ceyl	1	0	92869	1.00	1
15	1896-06	vol015_tropicalagricult1518ceyl	1	1	109512	0.96	1
16	1896-07	vol016_tropicalagricult1618ceyl	1	0	85597	0.99	1
16	1896-08	vol016_tropicalagricult1618ceyl	1	0	93277	1.00	1
16	1896-09	vol016_tropicalagricult1618ceyl	1	0	94624	1.01	1
16	1896-10	vol016_tropicalagricult1618ceyl	1	0	92862	1.00	1
16	1896-11	vol016_tropicalagricult1618ceyl	1	0	93232	1.00	1
16	1896-12	vol016_tropicalagricult1618ceyl	1	0	92284	0.99	1
16	1897-01	vol016_tropicalagricult1618ceyl	1	1	85373	0.97	1
16	1897-02	vol016_tropicalagricult1618ceyl	1	0	89701	0.96	1
16	1897-03	vol016_tropicalagricult1618ceyl	1	0	90534	0.96	1
16	1897-04	vol016_tropicalagricult1618ceyl	1	0	84236	0.96	1
16	1897-05	vol016_tropicalagricult1618ceyl	1	1	97148	0.96	1
16	1897-06	vol016_tropicalagricult1618ceyl	1	1	87447	0.91	1
17	1897-07	vol017_tropicalagricult1718ceyl	1	0	90558	0.96	1
17	1897-08	vol017_tropicalagricult1718ceyl	1	2	90046	0.95	1
17	1897-09	vol017_tropicalagricult1718ceyl	1	1	90582	0.95	1
17	1897-10	vol017_tropicalagricult1718ceyl	1	0	93041	0.94	1
17	1897-11	vol017_tropicalagricult1718ceyl	1	0	87716	0.96	1
17	1897-12	vol017_tropicalagricult1718ceyl	1	0	89862	1.00	1
17	1898-01	vol017_tropicalagricult1718ceyl	1	0	79324	0.97	1
17	1898-02	vol017_tropicalagricult1718ceyl	1	0	87693	1.00	1
17	1898-03	vol017_tropicalagricult1718ceyl	1	1	88482	0.96	1
17	1898-04	vol017_tropicalagricult1718ceyl	1	0	86944	1.00	1
17	1898-05	vol017_tropicalagricult1718ceyl	1	0	77821	1.00	1
17	1898-06	vol017_tropicalagricult1718ceyl	1	0	116533	0.89	1
18	1898-07	vol018_tropicalagricult1818ceyl	1	0	86986	0.99	1
18	1898-08	vol018_tropicalagricult1818ceyl	1	0	88690	0.97	1
18	1898-09	vol018_tropicalagricult1818ceyl	1	0	99220	0.99	1
18	1898-10	vol018_tropicalagricult1818ceyl	1	0	89066	0.97	1
18	1898-11	vol018_tropicalagricult1818ceyl	1	0	86195	0.96	1
18	1898-12	vol018_tropicalagricult1818ceyl	1	0	88872	0.99	1
18	1899-01	vol018_tropicalagricult1818ceyl	1	0	88619	0.97	1
18	1899-02	vol018_tropicalagricult1818ceyl	1	0	87756	0.99	1
18	1899-03	vol018_tropicalagricult1818ceyl	1	0	91309	0.97	1
18	1899-04	vol018_tropicalagricult1818ceyl	1	0	87907	0.99	1
18	1899-05	vol018_tropicalagricult1818ceyl	1	0	88038	0.92	1
18	1899-06	vol018_tropicalagricult1818ceyl	1	4	130461	0.90	1
19	1899-07	vol019_tropicalagricult1918ceyl	1	0	90392	1.00	1
19	1899-08	vol019_tropicalagricult1918ceyl	1	0	89193	1.00	1
19	1899-09	vol019_tropicalagricult1918ceyl	1	0	87892	0.97	1
19	1899-10	vol019_tropicalagricult1918ceyl	1	0	85478	1.00	1
19	1899-11	vol019_tropicalagricult1918ceyl	1	0	89773	1.00	1
19	1899-12	vol019_tropicalagricult1918ceyl	1	0	90706	1.00	1
19	1900-01	vol019_tropicalagricult1918ceyl	1	0	77856	0.97	1
19	1900-02	vol019_tropicalagricult1918ceyl	1	0	88424	0.96	1
19	1900-03	vol019_tropicalagricult1918ceyl	1	0	76736	1.00	1
19	1900-04	vol019_tropicalagricult1918ceyl	1	0	93430	0.97	1
19	1900-05	vol019_tropicalagricult1918ceyl	1	0	87944	0.97	1
19	1900-06	vol019_tropicalagricult1918ceyl	1	0	165174	0.85	1
20	1900-07	vol020_tropicalagricult2019ceyl	1	0	85244	1.00	1
20	1900-08	vol020_tropicalagricult2019ceyl	1	0	86746	0.97	1
20	1900-09	vol020_tropicalagricult2019ceyl	1	0	89611	0.99	1
20	1900-10	vol020_tropicalagricult2019ceyl	1	1	138048	0.94	1
20	1900-11	vol020_tropicalagricult2019ceyl	1	0	89319	1.00	1
20	1900-12	vol020_tropicalagricult2019ceyl	1	0	86761	1.00	1
20	1901-01	vol020_tropicalagricult2019ceyl	1	0	75100	1.00	1
20	1901-02	vol020_tropicalagricult2019ceyl	1	0	85140	1.00	1
20	1901-03	vol020_tropicalagricult2019ceyl	1	0	81658	1.00	1
20	1901-04	vol020_tropicalagricult2019ceyl	1	0	73321	1.00	1
20	1901-05	vol020_tropicalagricult2019ceyl	1	0	85242	1.00	1
20	1901-06	vol020_tropicalagricult2019ceyl	1	0	83256	0.97	1
21	1901-07	vol021_tropicalagricult2119ceyl	1	0	82381	1.00	1
21	1901-08	vol021_tropicalagricult2119ceyl	1	0	82332	1.00	1
21	1901-09	vol021_tropicalagricult2119ceyl	1	0	82459	1.00	1
21	1901-10	vol021_tropicalagricult2119ceyl	1	0	86286	1.00	1
21	1901-11	vol021_tropicalagricult2119ceyl	1	0	82194	1.00	1
21	1901-12	vol021_tropicalagricult2119ceyl	1	0	86166	1.00	1
21	1902-01	vol021_tropicalagricult2119ceyl	1	0	74578	1.00	1
21	1902-02	vol021_tropicalagricult2119ceyl	1	0	85565	1.00	1
21	1902-03	vol021_tropicalagricult2119ceyl	1	0	83675	1.00	1
21	1902-04	vol021_tropicalagricult2119ceyl	1	0	74007	1.00	1
21	1902-05	vol021_tropicalagricult2119ceyl	1	0	86957	1.00	1
21	1902-06	vol021_tropicalagricult2119ceyl	1	0	89560	0.96	1
22	1902-07	vol022_tropicalagricult2219ceyl	1	0	85175	1.00	1
22	1902-08	vol022_tropicalagricult2219ceyl	1	0	85390	0.99	1
22	1902-09	vol022_tropicalagricult2219ceyl	1	0	85965	1.00	1
22	1902-10	vol022_tropicalagricult2219ceyl	1	0	85600	1.00	1
22	1902-11	vol022_tropicalagricult2219ceyl	1	0	82286	1.00	1
22	1902-12	vol022_tropicalagricult2219ceyl	1	0	77938	1.00	1
22	1903-01	vol022_tropicalagricult2219ceyl	1	0	78902	1.00	1
22	1903-02	vol022_tropicalagricult2219ceyl	1	0	85396	1.00	1
22	1903-03	vol022_tropicalagricult2219ceyl	1	0	77460	1.00	1
22	1903-04	vol022_tropicalagricult2219ceyl	1	0	86076	1.00	1
22	1903-05	vol022_tropicalagricult2219ceyl	1	0	86674	1.00	1
22	1903-06	vol022_tropicalagricult2219ceyl	1	0	87086	1.00	1
23	1903-07	vol023_tropicalagricult2319ceyl	1	0	87532	1.00	1
23	1903-08	vol023_tropicalagricult2319ceyl	1	0	75721	1.00	1
23	1903-09	vol023_tropicalagricult2319ceyl	1	0	82931	1.00	1
23	1903-10	vol023_tropicalagricult2319ceyl	1	0	83489	1.00	1
23	1903-11	vol023_tropicalagricult2319ceyl	1	0	81384	1.00	1
23	1903-12	vol023_tropicalagricult2319ceyl	1	0	83360	1.00	1
23	1904-01	vol023_tropicalagricult2319ceyl	1	0	73633	1.00	1
23	1904-02	vol023_tropicalagricult2319ceyl	1	0	82393	1.00	1
23	1904-03	vol023_tropicalagricult2319ceyl	1	0	83191	1.00	1
23	1904-04	vol023_tropicalagricult2319ceyl	1	0	87332	1.00	1
23	1904-05	vol023_tropicalagricult2319ceyl	1	0	89586	1.00	1
23	1904-06	vol023_tropicalagricult2319ceyl	1	0	84148	1.00	1
26	1906-02	vol026_tropicalagricul261906ceyl	1	0	63148	0.91	1
26	1906-03	vol026_tropicalagricul261906ceyl	1	0	62913	0.95	1
26	1906-04	vol026_tropicalagricul261906ceyl	1	0	20576	0.79	1
26	1906-05	vol026_tropicalagricul261906ceyl	1	2	123127	0.81	1
27	1906-07	vol027_tropicalagricul271906ceyl	1	0	71895	0.91	1
27	1906-08	vol027_tropicalagricul271906ceyl	1	0	53202	0.91	1
27	1906-09	vol027_tropicalagricul271906ceyl	1	0	45151	0.95	1
27	1906-10	vol027_tropicalagricul271906ceyl	1	0	48768	0.91	1
27	1906-11	vol027_tropicalagricul271906ceyl	1	0	51004	0.95	1
27	1906-12	vol027_tropicalagricul271906ceyl	1	0	50206	0.88	1
28	1907-01	vol028_tropicalagricul281907ceyl	1	0	29890	0.94	1
28	1907-02	vol028_tropicalagricul281907ceyl	1	0	47871	1.00	1
28	1907-03	vol028_tropicalagricul281907ceyl	1	0	40887	0.90	1
28	1907-04	vol028_tropicalagricul281907ceyl	1	0	40117	0.94	1
28	1907-05	vol028_tropicalagricul281907ceyl	1	0	47219	0.97	1
28	1907-06	vol028_tropicalagricul281907ceyl	1	2	49098	0.91	1
30	1908-01	vol030_tropicalagricul301908ceyl	1	0	71462	0.97	1
30	1908-02	vol030_tropicalagricul301908ceyl	1	0	75780	1.00	1
30	1908-03	vol030_tropicalagricul301908ceyl	1	0	79107	0.96	1
30	1908-04	vol030_tropicalagricul301908ceyl	1	0	95483	0.96	1
30	1908-05	vol030_tropicalagricul301908ceyl	1	0	87912	0.96	1
30	1908-06	vol030_tropicalagricul301908ceyl	1	0	93304	0.90	1
31	1908-07	vol031_tropicalagricul311908ceyl	1	0	89222	0.94	1
31	1908-08	vol031_tropicalagricul311908ceyl	1	0	175702	0.93	1
31	1908-09	vol031_tropicalagricul311908ceyl	1	0	57819	0.91	1
31	1908-10	vol031_tropicalagricul311908ceyl	1	0	55611	0.95	1
31	1908-11	vol031_tropicalagricul311908ceyl	1	0	59171	0.86	1
31	1908-12	vol031_tropicalagricul311908ceyl	1	0	85334	0.95	1
32	1909-01	vol032_tropicalagricul321909ceyl	1	0	86531	0.95	1
32	1909-02	vol032_tropicalagricul321909ceyl	1	0	88709	0.99	1
32	1909-03	vol032_tropicalagricul321909ceyl	1	0	93245	0.94	1
32	1909-04	vol032_tropicalagricul321909ceyl	1	1	110544	0.87	1
32	1909-05	vol032_tropicalagricul321909ceyl	1	0	81781	0.89	1
32	1909-06	vol032_tropicalagricul321909ceyl	1	0	58885	0.99	1
33	1909-07	vol033_tropicalagricul331909ceyl	1	0	81673	0.99	1
33	1909-08	vol033_tropicalagricul331909ceyl	1	0	84649	0.96	1
33	1909-09	vol033_tropicalagricul331909ceyl	1	0	85447	0.98	1
33	1909-10	vol033_tropicalagricul331909ceyl	1	0	84528	0.92	1
33	1909-11	vol033_tropicalagricul331909ceyl	1	0	83513	0.94	1
33	1909-12	vol033_tropicalagricul331909ceyl	1	0	84244	0.91	1
34	1910-01	vol034_tropicalagricul341910ceyl	1	0	80944	0.99	1
34	1910-02	vol034_tropicalagricul341910ceyl	1	1	84423	0.98	1
34	1910-03	vol034_tropicalagricul341910ceyl	1	0	87032	0.97	1
34	1910-04	vol034_tropicalagricul341910ceyl	1	0	87345	0.91	1
34	1910-05	vol034_tropicalagricul341910ceyl	1	0	83623	0.99	1
34	1910-06	vol034_tropicalagricul341910ceyl	1	0	87401	0.91	1
35	1910-07	vol035_tropicalagricul351910ceyl	1	0	87236	0.90	1
35	1910-08	vol035_tropicalagricul351910ceyl	1	0	87040	0.93	1
35	1910-09	vol035_tropicalagricul351910ceyl	1	0	84082	0.89	1
35	1910-10	vol035_tropicalagricul351910ceyl	1	0	84008	0.95	1
35	1910-11	vol035_tropicalagricul351910ceyl	1	0	82906	0.95	1
35	1910-12	vol035_tropicalagricul351910ceyl	1	0	86274	0.96	1
37	1911-07	vol037_tropicalagricul371911ceyl	1	0	83867	0.97	1
37	1911-08	vol037_tropicalagricul371911ceyl	1	0	81865	0.99	1
37	1911-09	vol037_tropicalagricul371911ceyl	1	0	83647	0.96	1
37	1911-10	vol037_tropicalagricul371911ceyl	1	0	82998	0.98	1
37	1911-11	vol037_tropicalagricul371911ceyl	1	1	88512	0.98	1
37	1911-12	vol037_tropicalagricul371911ceyl	1	0	84575	0.94	1
38	1912-01	vol038_tropicalagricul381912ceyl	1	0	84828	0.97	1
38	1912-02	vol038_tropicalagricul381912ceyl	1	0	85817	0.96	1
38	1912-03	vol038_tropicalagricul381912ceyl	1	0	83751	0.93	1
38	1912-04	vol038_tropicalagricul381912ceyl	1	0	72520	1.00	1
38	1912-05	vol038_tropicalagricul381912ceyl	1	0	71650	0.94	1
38	1912-06	vol038_tropicalagricul381912ceyl	1	0	69596	0.92	1
39	1912-07	vol039_tropicalagricul391912ceyl	1	0	68093	0.95	1
39	1912-08	vol039_tropicalagricul391912ceyl	1	0	66732	0.91	1
39	1912-09	vol039_tropicalagricul391912ceyl	1	0	47803	0.92	1
39	1912-10	vol039_tropicalagricul391912ceyl	1	0	52441	0.93	1
39	1912-11	vol039_tropicalagricul391912ceyl	1	0	49532	0.91	1
39	1912-12	vol039_tropicalagricul391912ceyl	1	0	49771	0.91	1
40	1913-01	vol040_lbg-630-5-tag-v-40	1	0	54345	0.88	1
40	1913-02	vol040_lbg-630-5-tag-v-40	1	0	53128	0.89	1
40	1913-03	vol040_lbg-630-5-tag-v-40	1	0	32864	0.89	1
40	1913-04	vol040_lbg-630-5-tag-v-40	1	0	33944	0.96	1
40	1913-05	vol040_lbg-630-5-tag-v-40	1	0	40496	0.95	1
40	1913-06	vol040_lbg-630-5-tag-v-40	1	0	42406	0.99	1
41	1913-07	vol041_lbg-vol-xli-tropicalagricult0000dewi-t3r5	1	0	42474	0.97	1
41	1913-08	vol041_lbg-vol-xli-tropicalagricult0000dewi-t3r5	1	0	48057	0.94	1
41	1913-09	vol041_lbg-vol-xli-tropicalagricult0000dewi-t3r5	1	0	43815	0.93	1
41	1913-10	vol041_lbg-vol-xli-tropicalagricult0000dewi-t3r5	1	0	44580	0.91	1
41	1913-11	vol041_lbg-vol-xli-tropicalagricult0000dewi-t3r5	1	0	44161	0.92	1
41	1913-12	vol041_lbg-vol-xli-tropicalagricult0000dewi-t3r5	1	0	44775	0.98	1
42	1914-01	vol042_lbg-630-5-tag-v-42	1	0	44784	0.96	1
42	1914-02	vol042_lbg-630-5-tag-v-42	1	0	47366	0.99	1
42	1914-03	vol042_lbg-630-5-tag-v-42	1	0	48135	0.98	1
42	1914-04	vol042_lbg-630-5-tag-v-42	1	0	50346	0.97	1
42	1914-05	vol042_lbg-630-5-tag-v-42	1	0	46098	0.98	1
42	1914-06	vol042_lbg-630-5-tag-v-42	1	0	49306	0.99	1
43	1914-07	vol043_lbg-tropicalagricultvol-xliii0000unse-c5y3	1	0	50986	0.95	1
43	1914-08	vol043_lbg-tropicalagricultvol-xliii0000unse-c5y3	1	0	49421	0.93	1
43	1914-09	vol043_lbg-tropicalagricultvol-xliii0000unse-c5y3	1	0	51012	0.96	1
43	1914-10	vol043_lbg-tropicalagricultvol-xliii0000unse-c5y3	1	0	39495	0.94	1
43	1914-11	vol043_lbg-tropicalagricultvol-xliii0000unse-c5y3	1	0	34684	0.97	1
43	1914-12	vol043_lbg-tropicalagricultvol-xliii0000unse-c5y3	1	0	34316	0.97	1
44	1915-01	vol044_lbg-tropicalagricultvol-xliv0000unse-e6v7	1	0	34097	0.95	1
44	1915-02	vol044_lbg-tropicalagricultvol-xliv0000unse-e6v7	1	0	38862	0.96	1
44	1915-03	vol044_lbg-tropicalagricultvol-xliv0000unse-e6v7	1	0	39596	0.93	1
44	1915-04	vol044_lbg-tropicalagricultvol-xliv0000unse-e6v7	1	0	40429	0.92	1
44	1915-05	vol044_lbg-tropicalagricultvol-xliv0000unse-e6v7	1	0	37746	0.93	1
44	1915-06	vol044_lbg-tropicalagricultvol-xliv0000unse-e6v7	1	0	39594	0.90	1
45	1915-07	vol045_lbg-630-5-tag-v-45	1	0	38913	0.93	1
45	1915-08	vol045_lbg-630-5-tag-v-45	1	0	40357	0.90	1
45	1915-09	vol045_lbg-630-5-tag-v-45	1	0	41667	0.93	1
45	1915-10	vol045_lbg-630-5-tag-v-45	1	0	40009	0.93	1
45	1915-11	vol045_lbg-630-5-tag-v-45	1	0	41730	0.95	1
45	1915-12	vol045_lbg-630-5-tag-v-45	1	0	42456	0.92	1
48	1917-01	vol048_iss01_tropical-agriculturist-1917-01-48-1	1	0	40399	0.95	1
48	1917-02	vol048_iss02_tropical-agriculturist-1917-02-48-2	1	0	39196	0.93	1
48	1917-03	vol048_iss03_tropical-agriculturist-1917-03-48-3	1	0	35686	0.95	1
48	1917-04	vol048_iss04_tropical-agriculturist-1917-04-48-4	1	0	38112	0.97	1
48	1917-05	vol048_iss05_tropical-agriculturist-1917-05-48-5	1	0	37755	0.95	1
48	1917-06	vol048_iss06_tropical-agriculturist-1917-06-48-6	1	0	39442	0.83	1
49	1917-07	vol049_iss01_tropical-agriculturist-1917-07-49-1	1	0	33246	0.89	1
49	1917-08	vol049_iss02_tropical-agriculturist-1917-08-49-2	1	0	38197	0.93	1
49	1917-09	vol049_iss03_tropical-agriculturist-1917-09-49-3	1	0	39223	0.95	1
49	1917-10	vol049_iss04_tropical-agriculturist-1917-10-49-4	1	0	37051	0.95	1
49	1917-11	vol049_iss05_tropical-agriculturist-1917-11-49-5	1	0	41486	0.99	1
49	1917-12	vol049_iss06_tropical-agriculturist-1917-12-49-6	1	0	42852	0.81	1
50	1918-01	vol050_dli-ernet-21168	1	0	37523	0.99	1
50	1918-02	vol050_dli-ernet-21168	1	0	36697	1.00	1
50	1918-03	vol050_dli-ernet-21168	1	0	35190	0.98	1
50	1918-04	vol050_dli-ernet-21168	1	0	39386	0.91	1
50	1918-05	vol050_dli-ernet-21168	1	0	39165	0.97	1
50	1918-06	vol050_dli-ernet-21168	1	0	35930	0.97	1
51	1918-07	vol051_iss01_tropical-agriculturist-1918-07-51-1	1	0	40271	0.96	1
51	1918-08	vol051_iss02_tropical-agriculturist-1918-08-51-2	1	0	32960	0.88	1
51	1918-09	vol051_iss03_tropical-agriculturist-1918-09-51-3	1	0	35398	0.95	1
51	1918-10	vol051_iss04_tropical-agriculturist-1918-10-51-4	1	0	44837	0.96	1
51	1918-11	vol051_iss05_tropical-agriculturist-1918-11-51-5	1	0	32699	0.93	1
51	1918-12	vol051_iss06_tropical-agriculturist-1918-12-51-6	1	1	34696	0.81	1
52	1919-01	vol052_iss01_tropical-agriculturist-1919-01-52-1	1	0	36634	0.92	1
52	1919-02	vol052_iss02_tropical-agriculturist-1919-02-52-2	1	0	30784	0.98	1
52	1919-03	vol052_iss03_tropical-agriculturist-1919-03-52-3	1	0	36222	0.98	1
52	1919-04	vol052_iss04_tropical-agriculturist-1919-04-52-4	1	0	31838	0.95	1
52	1919-05	vol052_iss05_tropical-agriculturist-1919-05-52-5	1	0	34164	0.98	1
52	1919-06	vol052_iss06_tropical-agriculturist-1919-06-52-6	1	0	35107	0.98	1
53	1919-07	vol053_iss01_tropical-agriculturist-1919-07-53-1	1	0	36133	0.95	1
53	1919-08	vol053_iss02_tropical-agriculturist-1919-08-53-2	1	0	48695	0.93	1
53	1919-09	vol053_iss03_tropical-agriculturist-1919-09-53-3	1	0	43628	0.91	1
53	1919-10	vol053_iss04_tropical-agriculturist-1919-10-53-4	1	0	37068	0.94	1
53	1919-11	vol053_iss05_tropical-agriculturist-1919-11-53-5	1	0	33918	0.95	1
53	1919-12	vol053_iss06_tropical-agriculturist-1919-12-53-6	1	0	35167	0.94	1
54	1920-02	vol054_lbg-630-5-tag-v-54	1	0	34329	0.98	1
54	1920-03	vol054_lbg-630-5-tag-v-54	1	0	33694	0.98	1
54	1920-04	vol054_lbg-630-5-tag-v-54	1	0	33866	0.98	1
54	1920-05	vol054_lbg-630-5-tag-v-54	1	0	34964	0.98	1
54	1920-06	vol054_lbg-630-5-tag-v-54	1	0	35400	0.95	1
55	1920-07	vol055_lbg-630-5-tag-v-55	1	0	34570	0.98	1
55	1920-08	vol055_lbg-630-5-tag-v-55	1	0	34032	0.97	1
55	1920-09	vol055_lbg-630-5-tag-v-55	1	0	35083	0.93	1
55	1920-10	vol055_lbg-630-5-tag-v-55	1	0	37028	1.00	1
55	1920-11	vol055_lbg-630-5-tag-v-55	1	0	44479	0.89	1
55	1920-12	vol055_lbg-630-5-tag-v-55	1	1	33232	0.98	1
56	1921-01	vol046_lbg-630-5-tag-v-46	1	0	34655	1.00	2
56	1921-01	vol056_iss01_tropical-agriculturist-1921-01-56-1	0	0	34687	0.98	2
56	1921-02	vol046_lbg-630-5-tag-v-46	1	0	38391	0.87	2
56	1921-02	vol056_iss02_tropical-agriculturist-1921-02-56-2	0	0	38048	0.86	2
56	1921-03	vol046_lbg-630-5-tag-v-46	1	0	34414	0.97	2
56	1921-03	vol056_iss03_tropical-agriculturist-1921-03-56-3	0	0	34105	0.97	2
56	1921-04	vol046_lbg-630-5-tag-v-46	1	0	39373	0.99	2
56	1921-04	vol056_iss04_tropical-agriculturist-1921-04-56-4	0	0	39464	0.97	2
56	1921-05	vol046_lbg-630-5-tag-v-46	1	0	34823	0.98	2
56	1921-05	vol056_iss05_tropical-agriculturist-1921-05-56-5	0	0	34771	0.98	2
56	1921-06	vol056_iss06_tropical-agriculturist-1921-06-56-6	1	0	38321	0.99	1
57	1921-07	vol047_lbg-630-5-tag-v-47	1	0	41793	0.88	2
57	1921-07	vol057_in-ernet-dli-2015-230764	0	0	41891	0.86	2
57	1921-08	vol047_lbg-630-5-tag-v-47	1	0	37117	1.00	2
57	1921-08	vol057_in-ernet-dli-2015-230764	0	0	36800	1.00	2
57	1921-09	vol057_in-ernet-dli-2015-230764	1	0	37890	0.96	2
57	1921-09	vol047_lbg-630-5-tag-v-47	0	0	39391	0.93	2
57	1921-10	vol057_in-ernet-dli-2015-230764	1	0	38460	0.92	2
57	1921-10	vol047_lbg-630-5-tag-v-47	0	0	38126	0.92	2
57	1921-11	vol057_in-ernet-dli-2015-230764	1	0	36410	0.97	2
57	1921-11	vol047_lbg-630-5-tag-v-47	0	0	36047	0.97	2
57	1921-12	vol047_lbg-630-5-tag-v-47	1	0	34292	0.91	2
57	1921-12	vol057_in-ernet-dli-2015-230764	0	1	35403	0.91	2
58	1922-01	vol058_dli-ernet-229219	1	0	34368	0.98	1
58	1922-02	vol058_dli-ernet-229219	1	0	37710	0.99	1
58	1922-03	vol058_dli-ernet-229219	1	0	23290	0.64	1
58	1922-04	vol058_dli-ernet-229219	1	0	37795	0.94	1
58	1922-06	vol058_dli-ernet-229219	1	0	36314	0.96	1
59	1922-07	vol059_tropicalagricult0059unse	1	0	39698	0.96	2
59	1922-07	vol058_dli-ernet-229219	0	0	39922	0.95	2
59	1922-08	vol059_tropicalagricult0059unse	1	0	35595	0.94	1
59	1922-09	vol059_tropicalagricult0059unse	1	0	35478	0.91	2
59	1922-09	vol058_dli-ernet-229219	0	0	35221	0.87	2
59	1922-10	vol059_tropicalagricult0059unse	1	0	38074	0.98	2
59	1922-10	vol058_dli-ernet-229219	0	0	37829	0.97	2
59	1922-11	vol059_tropicalagricult0059unse	1	0	39047	0.92	2
59	1922-11	vol058_dli-ernet-229219	0	0	38704	0.91	2
59	1922-12	vol059_tropicalagricult0059unse	1	0	35240	0.96	2
59	1922-12	vol058_dli-ernet-229219	0	1	34517	0.97	2
60	1923-01	vol060_lbg-tropicalagricultvol-lx-1923-0000unse-n0c4	1	0	35997	0.98	1
60	1923-02	vol060_lbg-tropicalagricultvol-lx-1923-0000unse-n0c4	1	0	40098	0.67	1
60	1923-03	vol060_lbg-tropicalagricultvol-lx-1923-0000unse-n0c4	1	0	36010	1.00	1
60	1923-04	vol060_lbg-tropicalagricultvol-lx-1923-0000unse-n0c4	1	0	34785	1.00	1
60	1923-05	vol060_lbg-tropicalagricultvol-lx-1923-0000unse-n0c4	1	0	37211	0.94	1
60	1923-06	vol060_lbg-tropicalagricultvol-lx-1923-0000unse-n0c4	1	0	35745	0.91	1
61	1923-07	vol061_tropicalagricult0061unse	1	0	36694	0.93	1
61	1923-08	vol061_tropicalagricult0061unse	1	0	37546	1.00	1
61	1923-09	vol061_tropicalagricult0061unse	1	0	37601	0.94	1
61	1923-10	vol061_tropicalagricult0061unse	1	0	36660	0.97	1
61	1923-11	vol061_tropicalagricult0061unse	1	0	35647	0.97	1
61	1923-12	vol061_tropicalagricult0061unse	1	0	35816	0.96	1
62	1924-01	vol062_lbg-630-5-tag-v-62	1	0	35069	0.97	1
62	1924-02	vol062_lbg-630-5-tag-v-62	1	0	36096	0.93	1
62	1924-04	vol062_lbg-630-5-tag-v-62	1	0	39085	0.80	1
62	1924-05	vol062_lbg-630-5-tag-v-62	1	0	37094	0.98	1
62	1924-06	vol062_lbg-630-5-tag-v-62	1	0	36310	0.95	1
63	1924-07	vol063_lbg-630-5-tag-v-63	1	0	35496	0.95	1
63	1924-09	vol063_lbg-630-5-tag-v-63	1	0	34939	0.98	1
63	1924-10	vol063_lbg-630-5-tag-v-63	1	0	34101	1.00	1
63	1924-11	vol063_lbg-630-5-tag-v-63	1	0	37045	1.00	1
63	1924-12	vol063_lbg-630-5-tag-v-63	1	0	35305	0.91	1
64	1925-01	vol064_lbg-630-5-tag-v-64	1	0	37403	0.90	1
64	1925-02	vol064_lbg-630-5-tag-v-64	1	0	33858	1.00	1
64	1925-04	vol064_lbg-630-5-tag-v-64	1	0	35767	0.98	1
64	1925-05	vol064_lbg-630-5-tag-v-64	1	0	34862	0.98	1
64	1925-06	vol064_lbg-630-5-tag-v-64	1	2	35010	0.98	1
65	1925-07	vol065_iss01_tropical-agriculturist-1925-07-65-1	1	0	35269	0.93	1
65	1925-08	vol065_iss02_tropical-agriculturist-1925-08-65-2	1	0	37309	0.95	1
65	1925-09	vol065_iss03_tropical-agriculturist-1925-09-65-3	1	0	36860	0.82	1
65	1925-10	vol065_iss04_tropical-agriculturist-1925-10-65-4	1	0	34324	0.93	1
65	1925-11	vol065_iss05_tropical-agriculturist-1925-11-65-5	1	0	35162	0.98	1
65	1925-12	vol065_iss06_tropical-agriculturist-1925-12-65-6	1	0	34559	0.96	1
66	1926-01	vol066_iss01_tropical-agriculturist-1926-01-66-1	1	0	34629	0.95	1
66	1926-02	vol066_iss02_tropical-agriculturist-1926-02-66-2	1	0	35478	0.83	1
66	1926-03	vol066_iss03_tropical-agriculturist-1926-03-66-3	1	0	35198	0.91	1
66	1926-06	vol066_iss06_tropical-agriculturist-1926-06-66-6	1	0	35152	0.95	1
67	1926-07	vol067_iss01_tropical-agriculturist-1926-07-67-1	1	0	33788	0.92	1
67	1926-08	vol067_iss02_tropical-agriculturist-1926-08-67-2	1	0	32593	0.93	1
67	1926-09	vol067_iss03_tropical-agriculturist-1926-09-67-3	1	0	34867	0.98	1
67	1926-10	vol067_iss04_tropical-agriculturist-1926-10-67-4	1	1	32254	0.98	1
67	1926-11	vol067_iss05_tropical-agriculturist-1926-11-67-5	1	1	31836	0.83	1
67	1926-12	vol067_iss06_tropical-agriculturist-1926-12-67-6	1	0	35295	0.91	1
68	1927-01	vol068_tropical-agriculturist-1927-01-68	1	0	29768	0.90	1
68	1927-02	vol068_tropical-agriculturist-1927-02-68	1	0	31155	0.90	1
68	1927-03	vol068_tropical-agriculturist-1927-03-68	1	0	30961	0.98	1
68	1927-04	vol068_tropical-agriculturist-1927-04-68	1	0	29760	0.93	1
68	1927-05	vol068_tropical-agriculturist-1927-05-68	1	0	39828	0.96	1
68	1927-06	vol068_tropical-agriculturist-1927-06-68	1	0	37610	0.97	1
69	1927-07	vol069_tropical-agriculturist-1927-07-69	1	0	29153	0.89	1
69	1927-08	vol069_tropical-agriculturist-1927-08-69	1	0	35135	0.91	1
69	1927-09	vol069_tropical-agriculturist-1927-09-69	1	0	32186	0.83	1
69	1927-10	vol069_tropical-agriculturist-1927-10-69	1	0	34631	0.87	1
69	1927-11	vol069_tropical-agriculturist-1927-11-69	1	0	32612	0.94	1
69	1927-12	vol069_tropical-agriculturist-1927-12-69	1	0	31024	0.94	1
70	1928-01	vol070_dli-ernet-229220	1	0	33527	0.93	1
70	1928-02	vol070_dli-ernet-229220	1	0	31930	0.93	1
70	1928-03	vol070_dli-ernet-229220	1	0	29998	0.95	1
70	1928-04	vol070_dli-ernet-229220	1	0	31954	0.90	1
70	1928-05	vol070_dli-ernet-229220	1	0	53389	0.95	1
70	1928-06	vol070_dli-ernet-229220	1	1	45742	0.96	1
71	1928-07	vol071_tropical-agriculturist-1928-07-71	1	1	30727	0.97	2
71	1928-07	vol070_dli-ernet-229220	0	0	746	0.67	2
71	1928-08	vol071_tropical-agriculturist-1928-08-71	1	0	34403	0.98	2
71	1928-08	vol070_dli-ernet-229220	0	0	35420	0.95	2
71	1928-09	vol071_tropical-agriculturist-1928-09-71	1	0	38584	0.91	2
71	1928-09	vol070_dli-ernet-229220	0	0	38017	0.91	2
71	1928-10	vol071_tropical-agriculturist-1928-10-71	1	0	31842	0.90	2
71	1928-10	vol070_dli-ernet-229220	0	0	32030	0.87	2
71	1928-11	vol070_dli-ernet-229220	1	0	36303	0.93	2
71	1928-11	vol071_tropical-agriculturist-1928-11-71	0	1	34854	0.95	2
71	1928-12	vol071_tropical-agriculturist-1928-12-71	1	1	35427	0.88	2
71	1928-12	vol070_dli-ernet-229220	0	2	36577	0.89	2
72	1929-05	vol072_dli-ernet-229221	1	0	68734	0.91	1
73	1929-07	vol072_dli-ernet-229221	1	0	34988	0.88	2
73	1929-07	vol073_tropical-agriculturist-1929-07-73	0	0	35444	0.83	2
73	1929-08	vol072_dli-ernet-229221	1	0	32540	0.91	2
73	1929-08	vol073_tropical-agriculturist-1929-08-73	0	0	32766	0.90	2
73	1929-09	vol073_tropical-agriculturist-1929-09-73	1	1	33534	0.94	2
73	1929-09	vol072_dli-ernet-229221	0	1	33613	0.91	2
73	1929-10	vol072_dli-ernet-229221	1	0	35244	0.80	2
73	1929-10	vol073_tropical-agriculturist-1929-10-73	0	3	34416	0.80	2
73	1929-11	vol073_tropical-agriculturist-1929-11-73	1	0	35870	0.93	2
73	1929-11	vol072_dli-ernet-229221	0	1	35749	0.93	2
73	1929-12	vol072_dli-ernet-229221	1	0	29206	0.82	2
73	1929-12	vol073_tropical-agriculturist-1929-12-73	0	3	31061	0.80	2
74	1930-01	vol074_dli-ernet-229223	1	0	35253	0.93	1
74	1930-02	vol074_dli-ernet-229223	1	0	36897	0.82	1
74	1930-03	vol074_dli-ernet-229223	1	0	34615	0.94	1
74	1930-04	vol074_dli-ernet-229223	1	0	34875	0.89	1
74	1930-05	vol074_dli-ernet-229223	1	0	32643	0.95	1
74	1930-06	vol074_dli-ernet-229223	1	0	39459	0.86	1
75	1930-07	vol074_dli-ernet-229223	1	1	33209	0.92	2
75	1930-07	vol075_tropical-agriculturist-1930-07-75	0	2	31722	0.92	2
75	1930-08	vol075_tropical-agriculturist-1930-08-75	1	0	32024	0.98	2
75	1930-08	vol074_dli-ernet-229223	0	0	33731	0.95	2
75	1930-09	vol074_dli-ernet-229223	1	0	31622	0.89	2
75	1930-09	vol075_tropical-agriculturist-1930-09-75	0	1	30439	0.91	2
75	1930-10	vol075_tropical-agriculturist-1930-10-75	1	0	31517	0.97	2
75	1930-10	vol074_dli-ernet-229223	0	0	32645	0.94	2
75	1930-11	vol075_tropical-agriculturist-1930-11-75	1	0	40159	0.98	2
75	1930-11	vol074_dli-ernet-229223	0	0	42065	0.97	2
75	1930-12	vol074_dli-ernet-229223	1	1	30895	0.96	2
75	1930-12	vol075_tropical-agriculturist-1930-12-75	0	1	29557	0.96	2
76	1931-01	vol076_dli-ernet-229225	1	0	34883	0.88	1
76	1931-02	vol076_dli-ernet-229225	1	0	33682	0.96	1
76	1931-03	vol076_dli-ernet-229225	1	0	38248	0.95	1
76	1931-04	vol076_dli-ernet-229225	1	0	34283	0.95	1
76	1931-05	vol076_dli-ernet-229225	1	0	35099	0.93	1
76	1931-06	vol076_dli-ernet-229225	1	0	33851	0.91	1
77	1931-07	vol076_dli-ernet-229225	1	0	35210	0.96	2
77	1931-07	vol077_tdl-34003-the-tropical-agriculturist-the-agricultural-journa	0	0	27847	0.96	2
77	1931-08	vol077_tdl-34003-the-tropical-agriculturist-the-agricultural-journa	1	0	29781	0.90	2
77	1931-08	vol076_dli-ernet-229225	0	0	32874	0.83	2
77	1931-09	vol077_tdl-34003-the-tropical-agriculturist-the-agricultural-journa	1	0	27833	0.89	2
77	1931-09	vol076_dli-ernet-229225	0	0	29602	0.84	2
77	1931-10	vol077_tdl-34003-the-tropical-agriculturist-the-agricultural-journa	1	0	32507	0.96	2
77	1931-10	vol076_dli-ernet-229225	0	0	31542	0.91	2
77	1931-11	vol077_tdl-34003-the-tropical-agriculturist-the-agricultural-journa	1	0	34856	0.95	2
77	1931-11	vol076_dli-ernet-229225	0	0	38499	0.92	2
77	1931-12	vol076_dli-ernet-229225	1	1	35938	0.94	2
77	1931-12	vol077_tdl-34003-the-tropical-agriculturist-the-agricultural-journa	0	0	30833	1.00	2
78	1932-01	vol078_tropical-agriculturist-1932-01-78	1	1	33555	0.97	1
78	1932-02	vol078_tropical-agriculturist-1932-02-78	1	0	30163	0.91	1
78	1932-03	vol078_tropical-agriculturist-1932-03-78	1	2	34550	0.85	1
78	1932-04	vol078_tropical-agriculturist-1932-04-78	1	1	33245	0.88	1
78	1932-05	vol078_tropical-agriculturist-1932-05-78	1	0	36053	0.86	1
78	1932-06	vol078_tropical-agriculturist-1932-06-78	1	0	32370	0.87	1
79	1932-07	vol079_iss01_tropical-agriculturist-1932-07-79-1	1	0	36459	0.91	1
79	1932-08	vol079_iss02_tropical-agriculturist-1932-08-79-2	1	0	32361	0.91	1
79	1932-09	vol079_iss03_tropical-agriculturist-1932-09-79-3	1	1	33375	0.86	1
79	1932-10	vol079_iss04_tropical-agriculturist-1932-10-79-4	1	1	32207	0.95	1
79	1932-11	vol079_iss05_tropical-agriculturist-1932-11-79-5	1	1	33141	0.96	1
79	1932-12	vol079_iss06_tropical-agriculturist-1932-12-79-6	1	1	28446	0.95	1
80	1933-01	vol080_dli-ernet-229226	1	0	31434	0.94	1
80	1933-02	vol080_dli-ernet-229226	1	0	33532	0.96	1
80	1933-03	vol080_dli-ernet-229226	1	0	31240	0.94	1
80	1933-04	vol080_dli-ernet-229226	1	0	29282	0.78	1
80	1933-05	vol080_dli-ernet-229226	1	0	30877	0.83	1
80	1933-06	vol080_dli-ernet-229226	1	0	30356	0.80	1
81	1933-07	vol080_dli-ernet-229226	1	0	31990	0.86	2
81	1933-07	vol081_iss01_tropical-agriculturist-1933-07-81-1	0	2	31916	0.87	2
81	1933-08	vol081_iss02_tropical-agriculturist-1933-08-81-2	1	0	28266	0.98	2
81	1933-08	vol080_dli-ernet-229226	0	0	28908	0.92	2
81	1933-09	vol080_dli-ernet-229226	1	0	33579	0.92	2
81	1933-09	vol081_iss03_tropical-agriculturist-1933-09-81-3	0	0	32753	0.91	2
81	1933-10	vol080_dli-ernet-229226	1	0	33936	0.93	2
81	1933-10	vol081_iss04_tropical-agriculturist-1933-10-81-4	0	0	32549	0.93	2
81	1933-11	vol080_dli-ernet-229226	1	0	32713	0.93	2
81	1933-11	vol081_iss05_tropical-agriculturist-1933-11-81-5	0	1	32772	0.96	2
81	1933-12	vol081_iss06_tropical-agriculturist-1933-12-81-6	1	0	28626	0.98	2
81	1933-12	vol080_dli-ernet-229226	0	1	28420	0.92	2
82	1934-01	vol082_dli-ernet-229227	1	0	36268	0.91	1
82	1934-02	vol082_dli-ernet-229227	1	0	33317	0.90	1
82	1934-03	vol082_dli-ernet-229227	1	0	31586	0.87	1
82	1934-04	vol082_dli-ernet-229227	1	0	29936	0.93	1
82	1934-05	vol082_dli-ernet-229227	1	0	31194	0.93	1
82	1934-06	vol082_dli-ernet-229227	1	0	34014	0.79	1
83	1934-07	vol083_tropical-agriculturist-1934-07	1	0	32317	0.96	2
83	1934-07	vol082_dli-ernet-229227	0	0	32696	0.93	2
83	1934-08	vol082_dli-ernet-229227	1	0	31616	0.86	2
83	1934-08	vol083_tropical-agriculturist-1934-08	0	1	30954	0.88	2
83	1934-09	vol082_dli-ernet-229227	1	0	26102	0.87	2
83	1934-09	vol083_tropical-agriculturist-1934-09	0	2	25576	0.87	2
83	1934-10	vol083_tropical-agriculturist-1934-10	1	0	28893	0.74	2
83	1934-10	vol082_dli-ernet-229227	0	0	29214	0.73	2
83	1934-11	vol083_tropical-agriculturist-1934-11	1	0	30232	0.77	2
83	1934-11	vol082_dli-ernet-229227	0	1	31225	0.73	2
83	1934-12	vol082_dli-ernet-229227	1	0	33966	0.91	2
83	1934-12	vol083_tropical-agriculturist-1934-12	0	0	34893	0.83	2
84	1935-01	vol084_tropical-agriculturist-1935-01-84	1	0	27604	0.81	1
84	1935-02	vol084_tropical-agriculturist-1935-02-84	1	1	28728	0.92	1
84	1935-03	vol084_tropical-agriculturist-1935-03-84	1	0	28576	0.98	1
84	1935-04	vol084_tropical-agriculturist-1935-04-84	1	1	27709	0.98	1
84	1935-05	vol084_tropical-agriculturist-1935-05-84	1	0	25920	0.98	1
84	1935-06	vol084_tropical-agriculturist-1935-06-84	1	0	28458	0.95	1
85	1935-07	vol085_tropical-agriculturist-1935-07-85	1	0	28057	0.95	1
85	1935-08	vol085_tropical-agriculturist-1935-08-85	1	2	28563	0.90	1
85	1935-09	vol085_tropical-agriculturist-1935-09-85	1	2	29217	0.89	1
85	1935-10	vol085_tropical-agriculturist-1935-10-85	1	0	30218	0.91	1
85	1935-11	vol085_tropical-agriculturist-1935-11-85	1	0	29850	0.99	1
85	1935-12	vol085_tropical-agriculturist-1935-12-85	1	0	30061	0.88	1
86	1936-01	vol086_dli-ernet-229228	1	0	33391	0.93	1
86	1936-02	vol086_dli-ernet-229228	1	0	28577	0.96	1
86	1936-03	vol086_dli-ernet-229228	1	0	29396	0.95	1
86	1936-04	vol086_dli-ernet-229228	1	0	28405	0.94	1
86	1936-05	vol086_dli-ernet-229228	1	0	28194	0.97	1
86	1936-06	vol086_dli-ernet-229228	1	0	24295	0.95	1
87	1936-07	vol086_dli-ernet-229228	1	0	28111	0.95	2
87	1936-07	vol087_tropical-agriculturist-1936-07-87	0	2	27873	0.94	2
87	1936-08	vol086_dli-ernet-229228	1	0	29258	0.97	2
87	1936-08	vol087_tropical-agriculturist-1936-08-87	0	1	29509	0.98	2
87	1936-09	vol087_tropical-agriculturist-1936-09-87	1	0	27083	0.85	2
87	1936-09	vol086_dli-ernet-229228	0	0	27268	0.84	2
87	1936-10	vol086_dli-ernet-229228	1	0	26901	0.92	2
87	1936-10	vol087_tropical-agriculturist-1936-10-87	0	1	26489	0.96	2
87	1936-11	vol086_dli-ernet-229228	1	0	27344	0.90	2
87	1936-11	vol087_tropical-agriculturist-1936-11-87	0	1	26959	0.93	2
87	1936-12	vol087_tropical-agriculturist-1936-12-87	1	0	23107	0.91	2
87	1936-12	vol086_dli-ernet-229228	0	1	23176	0.86	2
88	1937-01	vol088_dli-ernet-229229	1	0	28039	0.93	1
88	1937-02	vol088_dli-ernet-229229	1	2	26630	0.85	1
88	1937-03	vol088_dli-ernet-229229	1	0	25197	0.88	1
88	1937-04	vol088_dli-ernet-229229	1	0	23540	0.98	1
88	1937-05	vol088_dli-ernet-229229	1	1	26254	0.93	1
88	1937-06	vol088_dli-ernet-229229	1	0	28875	0.96	1
89	1937-07	vol088_dli-ernet-229229	1	0	24427	0.92	2
89	1937-07	vol089_tropical-agriculturist-1937-07-89	0	0	24216	0.91	2
89	1937-08	vol089_tropical-agriculturist-1937-08-89	1	0	27979	0.98	2
89	1937-08	vol088_dli-ernet-229229	0	0	27517	0.95	2
89	1937-09	vol089_tropical-agriculturist-1937-09-89	1	0	26547	0.93	2
89	1937-09	vol088_dli-ernet-229229	0	0	26827	0.92	2
89	1937-10	vol088_dli-ernet-229229	1	0	27121	0.91	2
89	1937-10	vol089_tropical-agriculturist-1937-10-89	0	1	26882	0.93	2
89	1937-11	vol088_dli-ernet-229229	1	0	25510	0.93	2
89	1937-11	vol089_tropical-agriculturist-1937-11-89	0	1	25342	0.99	2
89	1937-12	vol089_tropical-agriculturist-1937-12-89	1	1	27899	0.80	2
89	1937-12	vol088_dli-ernet-229229	0	2	28300	0.80	2
90	1938-01	vol090_iss01_tropical-agriculturist-1938-01-90-1	1	3	30827	0.93	1
90	1938-02	vol090_iss02_tropical-agriculturist-1938-02-90-2	1	2	25603	0.92	1
90	1938-03	vol090_iss03_tropical-agriculturist-1938-03-90-3	1	1	28820	0.94	1
90	1938-04	vol090_iss04_tropical-agriculturist-1938-04-90-4	1	2	33634	0.88	1
90	1938-05	vol090_iss05_tropical-agriculturist-1938-05-90-5	1	1	28799	0.81	1
90	1938-06	vol090_iss06_tropical-agriculturist-1938-06-90-6	1	5	33430	0.80	1
91	1938-07	vol091_tropical-agriculturist-1938-07-91	1	1	33593	0.80	1
91	1938-08	vol091_tropical-agriculturist-1938-08-91	1	6	28670	0.84	1
91	1938-09	vol091_tropical-agriculturist-1938-09-91	1	2	30246	0.89	1
91	1938-10	vol091_tropical-agriculturist-1938-10-91	1	4	29961	0.89	1
91	1938-11	vol091_tropical-agriculturist-1938-11-91	1	3	30578	0.75	1
91	1938-12	vol091_tropical-agriculturist-1938-12-91	1	1	31340	0.73	1
92	1939-01	vol092_tropical-agriculturist-1939-01-92	1	1	32781	0.84	1
92	1939-02	vol092_tropical-agriculturist-1939-02-92	1	1	28888	0.90	1
92	1939-03	vol092_tropical-agriculturist-1939-03-92	1	0	28893	0.98	1
92	1939-04	vol092_tropical-agriculturist-1939-04-92	1	0	27101	0.98	1
92	1939-05	vol092_tropical-agriculturist-1939-05-92	1	0	32128	0.80	1
92	1939-06	vol092_tropical-agriculturist-1939-06-92	1	2	31880	0.93	1
93	1939-07	vol093_iss01_tropical-agriculturist-1939-07-93-1	1	2	30907	0.93	1
93	1939-08	vol093_iss02_tropical-agriculturist-1939-08-93-2	1	1	31422	0.87	1
93	1939-09	vol093_iss03_tropical-agriculturist-1939-09-93-3	1	2	33266	0.81	1
93	1939-10	vol093_iss04_tropical-agriculturist-1939-10-93-4	1	2	27921	0.91	1
93	1939-11	vol093_iss05_tropical-agriculturist-1939-11-93-5	1	3	35777	0.75	1
93	1939-12	vol093_iss06_tropical-agriculturist-1939-12-93-6	1	0	29833	0.89	1
94	1940-01	vol094_iss01_tropical-agriculturist-1940-01-94-1	1	1	27265	0.82	1
94	1940-02	vol094_iss02_tropical-agriculturist-1940-02-94-2	1	3	32836	0.81	1
94	1940-03	vol094_iss03_tropical-agriculturist-1940-03-94-3	1	3	31142	0.79	1
94	1940-04	vol094_iss04_tropical-agriculturist-1940-04-94-4	1	0	33184	0.87	1
94	1940-05	vol094_iss05_tropical-agriculturist-1940-05-94-5	1	3	28492	0.90	1
94	1940-06	vol094_iss06_tropical-agriculturist-1940-06-94-6	1	2	33931	0.72	1
95	1940-07	vol095_iss01_tropical-agriculturist-1940-07-95-1	1	2	28088	0.97	1
95	1940-08	vol095_iss02_tropical-agriculturist-1940-08-95-2	1	1	27666	0.91	1
95	1940-09	vol095_iss03_tropical-agriculturist-1940-09-95-3	1	3	37391	0.91	1
95	1940-10	vol095_iss04_tropical-agriculturist-1940-10-95-4	1	2	32662	0.81	1
95	1940-11	vol095_iss05_tropical-agriculturist-1940-11-95-5	1	1	29133	0.98	1
95	1940-12	vol095_iss06_tropical-agriculturist-1940-12-95-6	1	1	28847	0.78	1
96	1941-01	vol096_dli-ernet-229230	1	0	32111	0.85	1
96	1941-02	vol096_dli-ernet-229230	1	0	30718	0.85	1
96	1941-03	vol096_dli-ernet-229230	1	1	28907	0.86	1
96	1941-04	vol096_dli-ernet-229230	1	0	31790	0.88	1
96	1941-05	vol096_dli-ernet-229230	1	0	34265	0.92	1
96	1941-06	vol096_dli-ernet-229230	1	0	26814	0.95	1
97	1941-07	vol097_iss01_tropical-agriculturist-1941-07-97-1	1	2	26873	0.93	1
97	1941-08	vol097_iss02_tropical-agriculturist-1941-08-97-2	1	1	24534	0.90	1
97	1941-09	vol097_iss03_tropical-agriculturist-1941-09-97-3	1	0	37332	0.80	1
97	1941-10	vol097_iss04_tropical-agriculturist-1941-10-97-4	1	0	33985	0.92	1
97	1941-11	vol097_iss05_tropical-agriculturist-1941-11-97-5	1	0	31262	0.95	1
97	1941-12	vol097_iss06_tropical-agriculturist-1941-12-97-6	1	0	22978	0.91	1
98	1942-01/03	vol098_iss01_tropical-agriculturist-january-march-1942-98-1	1	0	31627	0.84	1
98	1942-04/06	vol098_iss02_tropical-agriculturist-april-june-1942-98-2	1	4	35098	0.88	1
98	1942-07/09	vol098_iss03_tropical-agriculturist-july-september-1942-98-3	1	2	44101	0.75	1
98	1942-10/12	vol098_iss04_tropical-agriculturist-october-december-1942-98-4	1	1	37886	0.87	1
99	1943-01/03	vol099_iss01_tropical-agriculturist-january-march-1943-99-1	1	1	30833	0.95	1
99	1943-04/06	vol099_iss02_tropical-agriculturist-april-june-1943-99-2	1	1	33990	0.87	1
99	1943-07/09	vol099_iss03_tropical-agriculturist-july-september-1943-99-3	1	2	33765	0.87	1
99	1943-10/12	vol099_iss04_tropical-agriculturist-october-december-1943-99-4	1	3	44760	0.88	1
100	1944-01/03	vol100_iss01_tropical-agriculturist-january-march-1944-100-1	1	3	44807	0.91	1
100	1944-04/06	vol100_iss02_tropical-agriculturist-april-june-1944-100-2	1	1	40169	0.87	1
100	1944-07/09	vol100_iss03_tropical-agriculturist-july-september-1944-100-3	1	1	36301	0.87	1
100	1944-10/12	vol100_iss04_tropical-agriculturist-october-december-1944-100-4	1	2	52152	0.85	1
101	1945-01/03	vol101_iss01_tropical-agriculturist-january-march-1945-101-1	1	6	31565	0.83	1
101	1945-04/06	vol101_iss02_tropical-agriculturist-april-june-1945-101-2	1	1	33768	0.97	1
101	1945-07/09	vol101_iss03_tropical-agriculturist-july-september-1945-101-3	1	2	46616	0.98	1
101	1945-10/12	vol101_iss04_tropical-agriculturist-october-december-1945-101-4	1	8	46962	0.86	1
