dli.ernet.21168	13  
dli.ernet.229219	13  
dli.ernet.229220	13  
dli.ernet.229221	13  
dli.ernet.229223	13  
dli.ernet.229225	13  
dli.ernet.229226	13  
dli.ernet.229227	13  
dli.ernet.229228	13  
dli.ernet.229229	13  
dli.ernet.229230	13  
in.ernet.dli.2015.230764	12  
lbg.630.5.tag.v.40	20  
lbg.630.5.tag.v.42	20  
lbg.630.5.tag.v.45	21  
lbg.630.5.tag.v.46	20  
lbg.630.5.tag.v.47	20  
lbg.630.5.tag.v.54	20  
lbg.630.5.tag.v.55	20  
lbg.630.5.tag.v.62	20  
lbg.630.5.tag.v.63	20  
lbg.630.5.tag.v.64	21  
lbg.tropicalagricultvol-lx.1923.0000unse_n0c4	20  
lbg.tropicalagricultvol.xliii0000unse_c5y3	21  
lbg.tropicalagricultvol.xliv0000unse_e6v7	21  
lbg.vol.xli.tropicalagricult0000dewi_t3r5	20  
tdl.34003-the-tropical-agriculturist-the-agricultural-journal-of-ceylon	18  
tropical-agriculturist_1917-01_48_1	24  
tropical-agriculturist_1917-02_48_2	24  
tropical-agriculturist_1917-03_48_3	23  
tropical-agriculturist_1917-04_48_4	24  
tropical-agriculturist_1917-05_48_5	23  
tropical-agriculturist_1917-06_48_6	24  
tropical-agriculturist_1917-07_49_1	23  
tropical-agriculturist_1917-08_49_2	23  
tropical-agriculturist_1917-09_49_3	24  
tropical-agriculturist_1917-10_49_4	23  
tropical-agriculturist_1917-11_49_5	24  
tropical-agriculturist_1917-12_49_6	24  
tropical-agriculturist_1918-07_51_1	23  
tropical-agriculturist_1918-08_51_2	23  
tropical-agriculturist_1918-09_51_3	24  
tropical-agriculturist_1918-10_51_4	23  
tropical-agriculturist_1918-11_51_5	24  
tropical-agriculturist_1918-12_51_6	24  
tropical-agriculturist_1919-01_52_1	23  
tropical-agriculturist_1919-02_52_2	24  
tropical-agriculturist_1919-03_52_3	24  
tropical-agriculturist_1919-04_52_4	24  
tropical-agriculturist_1919-05_52_5	23  
tropical-agriculturist_1919-06_52_6	23  
tropical-agriculturist_1919-07_53_1	24  
tropical-agriculturist_1919-08_53_2	24  
tropical-agriculturist_1919-09_53_3	24  
tropical-agriculturist_1919-10_53_4	24  
tropical-agriculturist_1919-11_53_5	24  
tropical-agriculturist_1919-12_53_6	23  
tropical-agriculturist_1921-01_56_1	23  
tropical-agriculturist_1921-02_56_2	23  
tropical-agriculturist_1921-03_56_3	24  
tropical-agriculturist_1921-04_56_4	23  
tropical-agriculturist_1921-05_56_5	24  
tropical-agriculturist_1921-06_56_6	23  
tropical-agriculturist_1925-07_65_1	25  
tropical-agriculturist_1925-08_65_2	23  
tropical-agriculturist_1925-09_65_3	26  
tropical-agriculturist_1925-10_65_4	24  
tropical-agriculturist_1925-11_65_5	24  
tropical-agriculturist_1925-12_65_6	25  
tropical-agriculturist_1926-01_66_1	23  
tropical-agriculturist_1926-02_66_2	24  
tropical-agriculturist_1926-03_66_3	24  
tropical-agriculturist_1926-06_66_6	23  
tropical-agriculturist_1926-07_67_1	23  
tropical-agriculturist_1926-08_67_2	23  
tropical-agriculturist_1926-09_67_3	24  
tropical-agriculturist_1926-10_67_4	23  
tropical-agriculturist_1926-11_67_5	26  
tropical-agriculturist_1926-12_67_6	24  
tropical-agriculturist_1927-01_68	24  
tropical-agriculturist_1927-02_68	24  
tropical-agriculturist_1927-03_68	24  
tropical-agriculturist_1927-04_68	24  
tropical-agriculturist_1927-05_68	23  
tropical-agriculturist_1927-06_68	25  
tropical-agriculturist_1927-07_69	24  
tropical-agriculturist_1927-08_69	24  
tropical-agriculturist_1927-09_69	24  
tropical-agriculturist_1927-10_69	24  
tropical-agriculturist_1927-11_69	24  
tropical-agriculturist_1927-12_69	24  
tropical-agriculturist_1928-07_71	26  
tropical-agriculturist_1928-08_71	24  
tropical-agriculturist_1928-09_71	24  
tropical-agriculturist_1928-10_71	24  
tropical-agriculturist_1928-11_71	24  
tropical-agriculturist_1928-12_71	24  
tropical-agriculturist_1929-07_73	24  
tropical-agriculturist_1929-08_73	23  
tropical-agriculturist_1929-09_73	24  
tropical-agriculturist_1929-10_73	23  
tropical-agriculturist_1929-11_73	24  
tropical-agriculturist_1929-12_73	23  
tropical-agriculturist_1930-07_75	26  
tropical-agriculturist_1930-08_75	27  
tropical-agriculturist_1930-09_75	27  
tropical-agriculturist_1930-10_75	25  
tropical-agriculturist_1930-11_75	27  
tropical-agriculturist_1930-12_75	25  
tropical-agriculturist_1932-01_78	25  
tropical-agriculturist_1932-02_78	24  
tropical-agriculturist_1932-03_78	23  
tropical-agriculturist_1932-04_78	23  
tropical-agriculturist_1932-05_78	23  
tropical-agriculturist_1932-06_78	24  
tropical-agriculturist_1932-07_79_1	25  
tropical-agriculturist_1932-08_79_2	24  
tropical-agriculturist_1932-09_79_3	25  
tropical-agriculturist_1932-10_79_4	24  
tropical-agriculturist_1932-11_79_5	25  
tropical-agriculturist_1932-12_79_6	25  
tropical-agriculturist_1933-07_81_1	24  
tropical-agriculturist_1933-08_81_2	24  
tropical-agriculturist_1933-09_81_3	23  
tropical-agriculturist_1933-10_81_4	23  
tropical-agriculturist_1933-11_81_5	24  
tropical-agriculturist_1933-12_81_6	25  
tropical-agriculturist_1934-07	23  
tropical-agriculturist_1934-08	24  
tropical-agriculturist_1934-09	
tropical-agriculturist_1934-10	23  
tropical-agriculturist_1934-11	23  
tropical-agriculturist_1934-12	26  
tropical-agriculturist_1935-01_84	23  
tropical-agriculturist_1935-02_84	
tropical-agriculturist_1935-03_84	23  
tropical-agriculturist_1935-04_84	24  
tropical-agriculturist_1935-05_84	24  
tropical-agriculturist_1935-06_84	24  
tropical-agriculturist_1935-07_85	24  
tropical-agriculturist_1935-08_85	23  
tropical-agriculturist_1935-09_85	23  
tropical-agriculturist_1935-10_85	24  
tropical-agriculturist_1935-11_85	24  
tropical-agriculturist_1935-12_85	23  
tropical-agriculturist_1936-07_87	24  
tropical-agriculturist_1936-08_87	23  
tropical-agriculturist_1936-09_87	24  
tropical-agriculturist_1936-10_87	23  
tropical-agriculturist_1936-11_87	23  
tropical-agriculturist_1936-12_87	23  
tropical-agriculturist_1937-07_89	23  
tropical-agriculturist_1937-08_89	24  
tropical-agriculturist_1937-09_89	23  
tropical-agriculturist_1937-10_89	24  
tropical-agriculturist_1937-11_89	24  
tropical-agriculturist_1937-12_89	23  
tropical-agriculturist_1938-01_90_1	24  
tropical-agriculturist_1938-02_90_2	24  
tropical-agriculturist_1938-03_90_3	24  
tropical-agriculturist_1938-04_90_4	24  
tropical-agriculturist_1938-05_90_5	24  
tropical-agriculturist_1938-06_90_6	24  
tropical-agriculturist_1938-07_91	23  
tropical-agriculturist_1938-08_91	24  
tropical-agriculturist_1938-09_91	24  
tropical-agriculturist_1938-10_91	24  
tropical-agriculturist_1938-11_91	23  
tropical-agriculturist_1938-12_91	23  
tropical-agriculturist_1939-01_92	24  
tropical-agriculturist_1939-02_92	24  
tropical-agriculturist_1939-03_92	24  
tropical-agriculturist_1939-04_92	24  
tropical-agriculturist_1939-05_92	24  
tropical-agriculturist_1939-06_92	24  
tropical-agriculturist_1939-07_93_1	24  
tropical-agriculturist_1939-08_93_2	24  
tropical-agriculturist_1939-09_93_3	24  
tropical-agriculturist_1939-10_93_4	24  
tropical-agriculturist_1939-11_93_5	24  
tropical-agriculturist_1939-12_93_6	24  
tropical-agriculturist_1940-01_94_1	24  
tropical-agriculturist_1940-02_94_2	24  
tropical-agriculturist_1940-03_94_3	24  
tropical-agriculturist_1940-04_94_4	24  
tropical-agriculturist_1940-05_94_5	24  
tropical-agriculturist_1940-06_94_6	24  
tropical-agriculturist_1940-07_95_1	24  
tropical-agriculturist_1940-08_95_2	24  
tropical-agriculturist_1940-09_95_3	24  
tropical-agriculturist_1940-10_95_4	26  
tropical-agriculturist_1940-11_95_5	24  
tropical-agriculturist_1940-12_95_6	24  
tropical-agriculturist_1941-07_97_1	24  
tropical-agriculturist_1941-08_97_2	24  
tropical-agriculturist_1941-09_97_3	26  
tropical-agriculturist_1941-10_97_4	24  
tropical-agriculturist_1941-11_97_5	24  
tropical-agriculturist_1941-12_97_6	24  
tropical-agriculturist_april-june-1942_98_2	24  
tropical-agriculturist_april-june-1943_99_2	24  
tropical-agriculturist_april-june-1944_100_2	26  
tropical-agriculturist_april-june-1945_101_2	24  
tropical-agriculturist_april-may-1926_66_4-5	24  
tropical-agriculturist_january-march-1942_98_1	24  
tropical-agriculturist_january-march-1943_99_1	24  
tropical-agriculturist_january-march-1944_100_1	24  
tropical-agriculturist_january-march-1945_101_1	26  
tropical-agriculturist_july-september-1942_98_3	27  
tropical-agriculturist_july-september-1943_99_3	24  
tropical-agriculturist_july-september-1944_100_3	26  
tropical-agriculturist_july-september-1945_101_3	24  
tropical-agriculturist_october-december-1942_98_4	24  
tropical-agriculturist_october-december-1943_99_4	24  
tropical-agriculturist_october-december-1944_100_4	26  
tropical-agriculturist_october-december-1945_101_4	26  
tropicalagricul261906ceyl	25  
tropicalagricul271906ceyl	25  
tropicalagricul281907ceyl	25  
tropicalagricul301908ceyl	25  
tropicalagricul311908ceyl	26  
tropicalagricul321909ceyl	25  
tropicalagricul331909ceyl	25  
tropicalagricul341910ceyl	25  
tropicalagricul351910ceyl	25  
tropicalagricul371911ceyl	25  
tropicalagricul381912ceyl	25  
tropicalagricul391912ceyl	26  
tropicalagricult0059unse	26  
tropicalagricult0061unse	26  
tropicalagricult1018ceyl	26  
tropicalagricult1118ceyl	25  
tropicalagricult1188ceyl	26  
tropicalagricult1218ceyl	27  
tropicalagricult1318ceyl	25  
tropicalagricult1418ceyl	25  
tropicalagricult1518ceyl	28  
tropicalagricult1618ceyl	28  
tropicalagricult1718ceyl	27  
tropicalagricult1818ceyl	25  
tropicalagricult18821883colo	28  
tropicalagricult18831884colo	
tropicalagricult18841885colo	28  
tropicalagricult18851886colo	28  
tropicalagricult18861887colo	29  
tropicalagricult1918ceyl	25  
tropicalagricult2019ceyl	25  
tropicalagricult2119ceyl	25  
tropicalagricult2219ceyl	25  
tropicalagricult2319ceyl	25  
tropicalagricult7188ceyl	26  
tropicalagricult8188ceyl	25  
tropicalagricult9188ceyl	25  
