volume	issue	pages	main	supplement	sales	docs
1	1881-06	72	72	0	0	vol001_tropicalagricult1188ceyl:72
1	1881-07	92	92	0	0	vol001_tropicalagricult1188ceyl:92
1	1881-08	77	77	0	0	vol001_tropicalagricult1188ceyl:77
1	1881-09	79	79	0	0	vol001_tropicalagricult1188ceyl:79
1	1881-10	80	80	0	0	vol001_tropicalagricult1188ceyl:80
1	1881-11	80	80	0	0	vol001_tropicalagricult1188ceyl:80
1	1881-12	92	92	0	0	vol001_tropicalagricult1188ceyl:92
1	1882-01	84	84	0	0	vol001_tropicalagricult1188ceyl:84
1	1882-02	88	88	0	0	vol001_tropicalagricult1188ceyl:88
1	1882-03	80	80	0	0	vol001_tropicalagricult1188ceyl:80
1	1882-04	88	88	0	0	vol001_tropicalagricult1188ceyl:88
1	1882-05	88	88	0	0	vol001_tropicalagricult1188ceyl:88
1	1882-06	88	88	0	0	vol001_tropicalagricult1188ceyl:88
2	1882-07	87	87	0	0	vol002_tropicalagricult18821883colo:87
2	1882-08	95	95	0	0	vol002_tropicalagricult18821883colo:95
2	1882-09	88	88	0	0	vol002_tropicalagricult18821883colo:88
2	1882-10	91	91	0	0	vol002_tropicalagricult18821883colo:91
2	1882-11	87	87	0	0	vol002_tropicalagricult18821883colo:87
2	1882-12	79	79	0	0	vol002_tropicalagricult18821883colo:79
2	1883-01	79	79	0	0	vol002_tropicalagricult18821883colo:79
2	1883-02	80	80	0	0	vol002_tropicalagricult18821883colo:80
2	1883-03	79	79	0	0	vol002_tropicalagricult18821883colo:79
2	1883-04	79	79	0	0	vol002_tropicalagricult18821883colo:79
2	1883-05	83	83	0	0	vol002_tropicalagricult18821883colo:83
2	1883-06	72	72	0	0	vol002_tropicalagricult18821883colo:72
3	1883-07	80	80	0	0	vol003_tropicalagricult18831884colo:80
3	1883-08	75	75	0	0	vol003_tropicalagricult18831884colo:75
3	1883-09	64	64	0	0	vol003_tropicalagricult18831884colo:64
3	1883-10	81	81	0	0	vol003_tropicalagricult18831884colo:81
3	1883-11	79	79	0	0	vol003_tropicalagricult18831884colo:79
3	1883-12	76	76	0	0	vol003_tropicalagricult18831884colo:76
3	1884-01	71	71	0	0	vol003_tropicalagricult18831884colo:71
3	1884-02	80	80	0	0	vol003_tropicalagricult18831884colo:80
3	1884-03	81	81	0	0	vol003_tropicalagricult18831884colo:81
3	1884-04	77	77	0	0	vol003_tropicalagricult18831884colo:77
3	1884-05	88	88	0	0	vol003_tropicalagricult18831884colo:88
3	1884-06	79	79	0	0	vol003_tropicalagricult18831884colo:79
4	1884-07	78	78	0	0	vol004_tropicalagricult18841885colo:78
4	1884-08	88	88	0	0	vol004_tropicalagricult18841885colo:88
4	1884-09	88	88	0	0	vol004_tropicalagricult18841885colo:88
4	1884-10	88	88	0	0	vol004_tropicalagricult18841885colo:88
4	1884-11	80	80	0	0	vol004_tropicalagricult18841885colo:80
4	1884-12	80	80	0	0	vol004_tropicalagricult18841885colo:80
4	1885-01	79	79	0	0	vol004_tropicalagricult18841885colo:79
4	1885-02	72	72	0	0	vol004_tropicalagricult18841885colo:72
4	1885-03	73	73	0	0	vol004_tropicalagricult18841885colo:73
4	1885-04	70	70	0	0	vol004_tropicalagricult18841885colo:70
4	1885-05	72	72	0	0	vol004_tropicalagricult18841885colo:72
4	1885-06	79	79	0	0	vol004_tropicalagricult18841885colo:79
5	1885-07	72	72	0	0	vol005_tropicalagricult18851886colo:72
5	1885-08	79	79	0	0	vol005_tropicalagricult18851886colo:79
5	1885-09	79	79	0	0	vol005_tropicalagricult18851886colo:79
5	1885-10	72	72	0	0	vol005_tropicalagricult18851886colo:72
5	1885-11	71	71	0	0	vol005_tropicalagricult18851886colo:71
5	1885-12	71	71	0	0	vol005_tropicalagricult18851886colo:71
5	1886-01	72	72	0	0	vol005_tropicalagricult18851886colo:72
5	1886-02	70	70	0	0	vol005_tropicalagricult18851886colo:70
5	1886-03	72	72	0	0	vol005_tropicalagricult18851886colo:72
5	1886-04	71	71	0	0	vol005_tropicalagricult18851886colo:71
5	1886-05	72	72	0	0	vol005_tropicalagricult18851886colo:72
5	1886-06	72	72	0	0	vol005_tropicalagricult18851886colo:72
6	1886-07	71	71	0	0	vol006_tropicalagricult18861887colo:71
6	1886-08	72	72	0	0	vol006_tropicalagricult18861887colo:72
6	1886-09	72	72	0	0	vol006_tropicalagricult18861887colo:72
6	1886-10	72	72	0	0	vol006_tropicalagricult18861887colo:72
6	1886-11	73	73	0	0	vol006_tropicalagricult18861887colo:73
6	1886-12	71	71	0	0	vol006_tropicalagricult18861887colo:71
6	1887-01	72	72	0	0	vol006_tropicalagricult18861887colo:72
6	1887-02	64	64	0	0	vol006_tropicalagricult18861887colo:64
6	1887-03	71	71	0	0	vol006_tropicalagricult18861887colo:71
6	1887-04	73	73	0	0	vol006_tropicalagricult18861887colo:73
6	1887-05	70	70	0	0	vol006_tropicalagricult18861887colo:70
6	1887-06	71	71	0	0	vol006_tropicalagricult18861887colo:71
7	1887-07	71	71	0	0	vol007_tropicalagricult7188ceyl:71
7	1887-08	72	72	0	0	vol007_tropicalagricult7188ceyl:72
7	1887-09	71	71	0	0	vol007_tropicalagricult7188ceyl:71
7	1887-10	70	70	0	0	vol007_tropicalagricult7188ceyl:70
7	1887-11	71	71	0	0	vol007_tropicalagricult7188ceyl:71
7	1887-12	72	72	0	0	vol007_tropicalagricult7188ceyl:72
7	1888-01	71	71	0	0	vol007_tropicalagricult7188ceyl:71
7	1888-02	72	72	0	0	vol007_tropicalagricult7188ceyl:72
7	1888-03	73	73	0	0	vol007_tropicalagricult7188ceyl:73
7	1888-04	70	70	0	0	vol007_tropicalagricult7188ceyl:70
7	1888-05	73	73	0	0	vol007_tropicalagricult7188ceyl:73
7	1888-06	70	70	0	0	vol007_tropicalagricult7188ceyl:70
8	1888-07	72	72	0	0	vol008_tropicalagricult8188ceyl:72
8	1888-08	80	80	0	0	vol008_tropicalagricult8188ceyl:80
8	1888-09	70	70	0	0	vol008_tropicalagricult8188ceyl:70
8	1888-10	71	71	0	0	vol008_tropicalagricult8188ceyl:71
8	1888-11	71	71	0	0	vol008_tropicalagricult8188ceyl:71
8	1888-12	70	70	0	0	vol008_tropicalagricult8188ceyl:70
8	1889-01	70	70	0	0	vol008_tropicalagricult8188ceyl:70
8	1889-02	72	72	0	0	vol008_tropicalagricult8188ceyl:72
8	1889-03	72	71	0	1	vol008_tropicalagricult8188ceyl:72
8	1889-04	72	72	0	0	vol008_tropicalagricult8188ceyl:72
8	1889-05	74	74	0	0	vol008_tropicalagricult8188ceyl:74
8	1889-06	329	79	0	250	vol008_tropicalagricult8188ceyl:329
9	1889-07	72	72	0	0	vol009_tropicalagricult9188ceyl:72
9	1889-08	72	72	0	0	vol009_tropicalagricult9188ceyl:72
9	1889-09	78	74	4	0	vol009_tropicalagricult9188ceyl:78
9	1889-10	82	75	7	0	vol009_tropicalagricult9188ceyl:82
9	1889-11	72	65	7	0	vol009_tropicalagricult9188ceyl:72
9	1889-12	72	65	7	0	vol009_tropicalagricult9188ceyl:72
9	1890-01	72	72	0	0	vol009_tropicalagricult9188ceyl:72
9	1890-02	72	65	7	0	vol009_tropicalagricult9188ceyl:72
9	1890-03	72	66	6	0	vol009_tropicalagricult9188ceyl:72
9	1890-04	64	57	7	0	vol009_tropicalagricult9188ceyl:64
9	1890-05	72	67	5	0	vol009_tropicalagricult9188ceyl:72
9	1890-06	172	75	8	89	vol009_tropicalagricult9188ceyl:172
10	1890-07	72	64	7	1	vol010_tropicalagricult1018ceyl:72
10	1890-08	81	73	8	0	vol010_tropicalagricult1018ceyl:81
10	1890-09	80	73	7	0	vol010_tropicalagricult1018ceyl:80
10	1890-10	80	73	7	0	vol010_tropicalagricult1018ceyl:80
10	1890-11	80	73	7	0	vol010_tropicalagricult1018ceyl:80
10	1890-12	74	74	0	0	vol010_tropicalagricult1018ceyl:74
10	1891-01	76	66	10	0	vol010_tropicalagricult1018ceyl:76
10	1891-02	74	68	6	0	vol010_tropicalagricult1018ceyl:74
10	1891-03	72	66	6	0	vol010_tropicalagricult1018ceyl:72
10	1891-04	64	57	7	0	vol010_tropicalagricult1018ceyl:64
10	1891-05	72	65	7	0	vol010_tropicalagricult1018ceyl:72
10	1891-06	193	87	6	100	vol010_tropicalagricult1018ceyl:193
11	1891-07	88	83	5	0	vol011_tropicalagricult1118ceyl:88
11	1891-08	72	66	6	0	vol011_tropicalagricult1118ceyl:72
11	1891-09	64	58	6	0	vol011_tropicalagricult1118ceyl:64
11	1891-10	72	67	5	0	vol011_tropicalagricult1118ceyl:72
11	1891-11	80	73	7	0	vol011_tropicalagricult1118ceyl:80
11	1891-12	72	72	0	0	vol011_tropicalagricult1118ceyl:72
11	1892-01	72	65	7	0	vol011_tropicalagricult1118ceyl:72
11	1892-02	88	82	6	0	vol011_tropicalagricult1118ceyl:88
11	1892-03	87	82	5	0	vol011_tropicalagricult1118ceyl:87
11	1892-05	80	73	7	0	vol011_tropicalagricult1118ceyl:80
11	1892-06	411	87	6	318	vol011_tropicalagricult1118ceyl:411
12	1892-07	80	74	6	0	vol012_tropicalagricult1218ceyl:80
12	1892-08	72	72	0	0	vol012_tropicalagricult1218ceyl:72
12	1892-09	72	72	0	0	vol012_tropicalagricult1218ceyl:72
12	1892-10	72	72	0	0	vol012_tropicalagricult1218ceyl:72
12	1892-11	72	72	0	0	vol012_tropicalagricult1218ceyl:72
12	1892-12	72	72	0	0	vol012_tropicalagricult1218ceyl:72
12	1893-01	56	56	0	0	vol012_tropicalagricult1218ceyl:56
12	1893-02	56	56	0	0	vol012_tropicalagricult1218ceyl:56
12	1893-03	56	56	0	0	vol012_tropicalagricult1218ceyl:56
12	1893-04	60	60	0	0	vol012_tropicalagricult1218ceyl:60
12	1893-05	64	64	0	0	vol012_tropicalagricult1218ceyl:64
12	1893-06	585	70	80	435	vol012_tropicalagricult1218ceyl:585
13	1893-07	78	72	6	0	vol013_tropicalagricult1318ceyl:78
13	1893-08	71	64	7	0	vol013_tropicalagricult1318ceyl:71
13	1893-09	74	67	7	0	vol013_tropicalagricult1318ceyl:74
13	1893-10	73	66	7	0	vol013_tropicalagricult1318ceyl:73
13	1893-11	74	67	7	0	vol013_tropicalagricult1318ceyl:74
13	1893-12	79	67	12	0	vol013_tropicalagricult1318ceyl:79
13	1894-01	66	66	0	0	vol013_tropicalagricult1318ceyl:66
13	1894-02	78	73	5	0	vol013_tropicalagricult1318ceyl:78
13	1894-03	74	68	6	0	vol013_tropicalagricult1318ceyl:74
13	1894-04	71	65	6	0	vol013_tropicalagricult1318ceyl:71
13	1894-05	74	67	7	0	vol013_tropicalagricult1318ceyl:74
13	1894-06	239	74	7	158	vol013_tropicalagricult1318ceyl:239
14	1894-07	76	66	10	0	vol014_tropicalagricult1418ceyl:76
14	1894-08	76	66	10	0	vol014_tropicalagricult1418ceyl:76
14	1894-09	67	57	10	0	vol014_tropicalagricult1418ceyl:67
14	1894-10	97	71	10	16	vol014_tropicalagricult1418ceyl:97
14	1894-11	73	63	10	0	vol014_tropicalagricult1418ceyl:73
14	1894-12	76	66	10	0	vol014_tropicalagricult1418ceyl:76
14	1895-01	66	66	0	0	vol014_tropicalagricult1418ceyl:66
14	1895-02	74	64	10	0	vol014_tropicalagricult1418ceyl:74
14	1895-03	74	65	9	0	vol014_tropicalagricult1418ceyl:74
14	1895-04	70	60	10	0	vol014_tropicalagricult1418ceyl:70
14	1895-05	68	56	10	2	vol014_tropicalagricult1418ceyl:68
14	1895-06	250	77	10	163	vol014_tropicalagricult1418ceyl:250
15	1895-07	74	63	10	1	vol015_tropicalagricult1518ceyl:74
15	1895-08	74	64	10	0	vol015_tropicalagricult1518ceyl:74
15	1895-09	74	66	8	0	vol015_tropicalagricult1518ceyl:74
15	1895-10	74	64	9	1	vol015_tropicalagricult1518ceyl:74
15	1895-11	74	63	10	1	vol015_tropicalagricult1518ceyl:74
15	1895-12	64	64	0	0	vol015_tropicalagricult1518ceyl:64
15	1896-01	76	64	11	1	vol015_tropicalagricult1518ceyl:76
15	1896-02	74	63	10	1	vol015_tropicalagricult1518ceyl:74
15	1896-03	74	64	10	0	vol015_tropicalagricult1518ceyl:74
15	1896-04	74	64	10	0	vol015_tropicalagricult1518ceyl:74
15	1896-05	74	64	10	0	vol015_tropicalagricult1518ceyl:74
15	1896-06	282	68	10	204	vol015_tropicalagricult1518ceyl:282
16	1896-07	68	61	7	0	vol016_tropicalagricult1618ceyl:68
16	1896-08	72	64	8	0	vol016_tropicalagricult1618ceyl:72
16	1896-09	76	65	11	0	vol016_tropicalagricult1618ceyl:76
16	1896-10	74	64	10	0	vol016_tropicalagricult1618ceyl:74
16	1896-11	74	65	9	0	vol016_tropicalagricult1618ceyl:74
16	1896-12	74	74	0	0	vol016_tropicalagricult1618ceyl:74
16	1897-01	73	58	15	0	vol016_tropicalagricult1618ceyl:73
16	1897-02	76	66	10	0	vol016_tropicalagricult1618ceyl:76
16	1897-03	76	66	10	0	vol016_tropicalagricult1618ceyl:76
16	1897-04	74	64	10	0	vol016_tropicalagricult1618ceyl:74
16	1897-05	83	73	9	1	vol016_tropicalagricult1618ceyl:83
16	1897-06	288	65	13	210	vol016_tropicalagricult1618ceyl:288
17	1897-07	76	66	10	0	vol017_tropicalagricult1718ceyl:76
17	1897-08	76	67	9	0	vol017_tropicalagricult1718ceyl:76
17	1897-09	77	67	10	0	vol017_tropicalagricult1718ceyl:77
17	1897-10	78	67	11	0	vol017_tropicalagricult1718ceyl:78
17	1897-11	76	67	9	0	vol017_tropicalagricult1718ceyl:76
17	1897-12	76	65	11	0	vol017_tropicalagricult1718ceyl:76
17	1898-01	66	66	0	0	vol017_tropicalagricult1718ceyl:66
17	1898-02	76	65	11	0	vol017_tropicalagricult1718ceyl:76
17	1898-03	75	66	9	0	vol017_tropicalagricult1718ceyl:75
17	1898-04	74	64	9	1	vol017_tropicalagricult1718ceyl:74
17	1898-05	64	56	8	0	vol017_tropicalagricult1718ceyl:64
17	1898-06	318	70	19	229	vol017_tropicalagricult1718ceyl:318
18	1898-07	72	64	8	0	vol018_tropicalagricult1818ceyl:72
18	1898-08	76	66	10	0	vol018_tropicalagricult1818ceyl:76
18	1898-09	82	71	11	0	vol018_tropicalagricult1818ceyl:82
18	1898-10	76	66	10	0	vol018_tropicalagricult1818ceyl:76
18	1898-11	76	66	10	0	vol018_tropicalagricult1818ceyl:76
18	1898-12	72	72	0	0	vol018_tropicalagricult1818ceyl:72
18	1899-01	76	66	10	0	vol018_tropicalagricult1818ceyl:76
18	1899-02	74	64	10	0	vol018_tropicalagricult1818ceyl:74
18	1899-03	76	66	10	0	vol018_tropicalagricult1818ceyl:76
18	1899-04	74	64	10	0	vol018_tropicalagricult1818ceyl:74
18	1899-05	79	71	8	0	vol018_tropicalagricult1818ceyl:79
18	1899-06	345	82	29	234	vol018_tropicalagricult1818ceyl:345
19	1899-07	73	63	10	0	vol019_tropicalagricult1918ceyl:73
19	1899-08	73	63	10	0	vol019_tropicalagricult1918ceyl:73
19	1899-09	76	66	10	0	vol019_tropicalagricult1918ceyl:76
19	1899-10	74	64	9	1	vol019_tropicalagricult1918ceyl:74
19	1899-11	74	64	10	0	vol019_tropicalagricult1918ceyl:74
19	1899-12	74	64	10	0	vol019_tropicalagricult1918ceyl:74
19	1900-01	66	66	0	0	vol019_tropicalagricult1918ceyl:66
19	1900-02	76	66	10	0	vol019_tropicalagricult1918ceyl:76
19	1900-03	66	56	10	0	vol019_tropicalagricult1918ceyl:66
19	1900-04	76	66	10	0	vol019_tropicalagricult1918ceyl:76
19	1900-05	76	66	10	0	vol019_tropicalagricult1918ceyl:76
19	1900-06	377	88	32	257	vol019_tropicalagricult1918ceyl:377
20	1900-07	74	65	9	0	vol020_tropicalagricult2019ceyl:74
20	1900-08	76	67	9	0	vol020_tropicalagricult2019ceyl:76
20	1900-09	74	66	8	0	vol020_tropicalagricult2019ceyl:74
20	1900-10	417	95	34	288	vol020_tropicalagricult2019ceyl:417
20	1900-11	73	65	8	0	vol020_tropicalagricult2019ceyl:73
20	1900-12	73	64	9	0	vol020_tropicalagricult2019ceyl:73
20	1901-01	63	63	0	0	vol020_tropicalagricult2019ceyl:63
20	1901-02	73	63	10	0	vol020_tropicalagricult2019ceyl:73
20	1901-03	71	63	8	0	vol020_tropicalagricult2019ceyl:71
20	1901-04	63	54	8	1	vol020_tropicalagricult2019ceyl:63
20	1901-05	70	62	8	0	vol020_tropicalagricult2019ceyl:70
20	1901-06	73	65	8	0	vol020_tropicalagricult2019ceyl:73
21	1901-07	71	63	8	0	vol021_tropicalagricult2119ceyl:71
21	1901-08	71	62	9	0	vol021_tropicalagricult2119ceyl:71
21	1901-09	71	63	8	0	vol021_tropicalagricult2119ceyl:71
21	1901-10	75	65	10	0	vol021_tropicalagricult2119ceyl:75
21	1901-11	71	61	10	0	vol021_tropicalagricult2119ceyl:71
21	1901-12	73	63	10	0	vol021_tropicalagricult2119ceyl:73
21	1902-01	63	63	0	0	vol021_tropicalagricult2119ceyl:63
21	1902-02	73	63	10	0	vol021_tropicalagricult2119ceyl:73
21	1902-03	71	64	7	0	vol021_tropicalagricult2119ceyl:71
21	1902-04	64	55	9	0	vol021_tropicalagricult2119ceyl:64
21	1902-05	71	64	7	0	vol021_tropicalagricult2119ceyl:71
21	1902-06	77	65	12	0	vol021_tropicalagricult2119ceyl:77
22	1902-07	73	63	10	0	vol022_tropicalagricult2219ceyl:73
22	1902-08	73	63	8	2	vol022_tropicalagricult2219ceyl:73
22	1902-09	73	64	9	0	vol022_tropicalagricult2219ceyl:73
22	1902-10	73	63	10	0	vol022_tropicalagricult2219ceyl:73
22	1902-11	73	63	10	0	vol022_tropicalagricult2219ceyl:73
22	1902-12	67	59	8	0	vol022_tropicalagricult2219ceyl:67
22	1903-01	70	70	0	0	vol022_tropicalagricult2219ceyl:70
22	1903-02	73	63	10	0	vol022_tropicalagricult2219ceyl:73
22	1903-03	65	55	10	0	vol022_tropicalagricult2219ceyl:65
22	1903-04	73	63	10	0	vol022_tropicalagricult2219ceyl:73
22	1903-05	71	62	8	1	vol022_tropicalagricult2219ceyl:71
22	1903-06	76	66	9	1	vol022_tropicalagricult2219ceyl:76
23	1903-07	76	67	9	0	vol023_tropicalagricult2319ceyl:76
23	1903-08	67	60	7	0	vol023_tropicalagricult2319ceyl:67
23	1903-09	75	66	9	0	vol023_tropicalagricult2319ceyl:75
23	1903-10	73	63	10	0	vol023_tropicalagricult2319ceyl:73
23	1903-11	71	62	9	0	vol023_tropicalagricult2319ceyl:71
23	1903-12	71	63	8	0	vol023_tropicalagricult2319ceyl:71
23	1904-01	63	56	7	0	vol023_tropicalagricult2319ceyl:63
23	1904-02	71	64	7	0	vol023_tropicalagricult2319ceyl:71
23	1904-03	71	64	7	0	vol023_tropicalagricult2319ceyl:71
23	1904-04	73	63	10	0	vol023_tropicalagricult2319ceyl:73
23	1904-05	73	63	10	0	vol023_tropicalagricult2319ceyl:73
23	1904-06	73	63	10	0	vol023_tropicalagricult2319ceyl:73
26	1906-01/06	13	13	0	0	vol026_tropicalagricul261906ceyl:13
26	1906-02	108	108	0	0	vol026_tropicalagricul261906ceyl:108
26	1906-03	104	104	0	0	vol026_tropicalagricul261906ceyl:104
26	1906-04	42	42	0	0	vol026_tropicalagricul261906ceyl:42
26	1906-05	253	182	3	68	vol026_tropicalagricul261906ceyl:253
27	1906-07	125	125	0	0	vol027_tropicalagricul271906ceyl:125
27	1906-07/12	12	12	0	0	vol027_tropicalagricul271906ceyl:12
27	1906-08	92	92	0	0	vol027_tropicalagricul271906ceyl:92
27	1906-09	80	80	0	0	vol027_tropicalagricul271906ceyl:80
27	1906-10	86	86	0	0	vol027_tropicalagricul271906ceyl:86
27	1906-11	88	88	0	0	vol027_tropicalagricul271906ceyl:88
27	1906-12	91	91	0	0	vol027_tropicalagricul271906ceyl:91
28	1907-01	54	54	0	0	vol028_tropicalagricul281907ceyl:54
28	1907-01/06	11	11	0	0	vol028_tropicalagricul281907ceyl:11
28	1907-02	76	76	0	0	vol028_tropicalagricul281907ceyl:76
28	1907-03	72	72	0	0	vol028_tropicalagricul281907ceyl:72
28	1907-04	68	68	0	0	vol028_tropicalagricul281907ceyl:68
28	1907-05	80	80	0	0	vol028_tropicalagricul281907ceyl:80
28	1907-06	86	86	0	0	vol028_tropicalagricul281907ceyl:86
30	1908-01	102	74	28	0	vol030_tropicalagricul301908ceyl:102
30	1908-01/06	7	7	0	0	vol030_tropicalagricul301908ceyl:7
30	1908-02	96	72	24	0	vol030_tropicalagricul301908ceyl:96
30	1908-03	104	76	28	0	vol030_tropicalagricul301908ceyl:104
30	1908-04	120	78	42	0	vol030_tropicalagricul301908ceyl:120
30	1908-05	108	76	32	0	vol030_tropicalagricul301908ceyl:108
30	1908-06	115	82	33	0	vol030_tropicalagricul301908ceyl:115
31	1908-07	110	77	33	0	vol031_tropicalagricul311908ceyl:110
31	1908-07/12	6	6	0	0	vol031_tropicalagricul311908ceyl:6
31	1908-08	196	82	114	0	vol031_tropicalagricul311908ceyl:196
31	1908-09	78	78	0	0	vol031_tropicalagricul311908ceyl:78
31	1908-10	75	75	0	0	vol031_tropicalagricul311908ceyl:75
31	1908-11	83	83	0	0	vol031_tropicalagricul311908ceyl:83
31	1908-12	108	84	24	0	vol031_tropicalagricul311908ceyl:108
32	1909-01	108	84	24	0	vol032_tropicalagricul321909ceyl:108
32	1909-01/06	10	10	0	0	vol032_tropicalagricul321909ceyl:10
32	1909-02	104	80	24	0	vol032_tropicalagricul321909ceyl:104
32	1909-03	110	78	31	1	vol032_tropicalagricul321909ceyl:110
32	1909-04	134	88	46	0	vol032_tropicalagricul321909ceyl:134
32	1909-05	104	80	24	0	vol032_tropicalagricul321909ceyl:104
32	1909-06	74	72	2	0	vol032_tropicalagricul321909ceyl:74
33	1909-07	96	72	24	0	vol033_tropicalagricul331909ceyl:96
33	1909-07/12	8	8	0	0	vol033_tropicalagricul331909ceyl:8
33	1909-08	100	76	24	0	vol033_tropicalagricul331909ceyl:100
33	1909-09	98	74	24	0	vol033_tropicalagricul331909ceyl:98
33	1909-10	102	78	24	0	vol033_tropicalagricul331909ceyl:102
33	1909-11	102	78	24	0	vol033_tropicalagricul331909ceyl:102
33	1909-12	105	79	26	0	vol033_tropicalagricul331909ceyl:105
34	1910-01	96	72	24	0	vol034_tropicalagricul341910ceyl:96
34	1910-01/06	8	8	0	0	vol034_tropicalagricul341910ceyl:8
34	1910-02	97	73	24	0	vol034_tropicalagricul341910ceyl:97
34	1910-03	98	74	24	0	vol034_tropicalagricul341910ceyl:98
34	1910-04	98	75	23	0	vol034_tropicalagricul341910ceyl:98
34	1910-05	96	72	23	1	vol034_tropicalagricul341910ceyl:96
34	1910-06	107	82	25	0	vol034_tropicalagricul341910ceyl:107
35	1910-07	105	81	24	0	vol035_tropicalagricul351910ceyl:105
35	1910-07/12	3	3	0	0	vol035_tropicalagricul351910ceyl:3
35	1910-08	102	78	24	0	vol035_tropicalagricul351910ceyl:102
35	1910-09	106	83	23	0	vol035_tropicalagricul351910ceyl:106
35	1910-10	100	75	25	0	vol035_tropicalagricul351910ceyl:100
35	1910-11	100	76	24	0	vol035_tropicalagricul351910ceyl:100
35	1910-12	99	75	24	0	vol035_tropicalagricul351910ceyl:99
37	1911-07	98	74	24	0	vol037_tropicalagricul371911ceyl:98
37	1911-07/12	12	12	0	0	vol037_tropicalagricul371911ceyl:12
37	1911-08	98	73	25	0	vol037_tropicalagricul371911ceyl:98
37	1911-09	100	75	25	0	vol037_tropicalagricul371911ceyl:100
37	1911-10	98	74	24	0	vol037_tropicalagricul371911ceyl:98
37	1911-11	107	82	25	0	vol037_tropicalagricul371911ceyl:107
37	1911-12	101	77	24	0	vol037_tropicalagricul371911ceyl:101
38	1912-01	98	74	24	0	vol038_tropicalagricul381912ceyl:98
38	1912-01/06	9	9	0	0	vol038_tropicalagricul381912ceyl:9
38	1912-02	100	76	24	0	vol038_tropicalagricul381912ceyl:100
38	1912-03	102	78	24	0	vol038_tropicalagricul381912ceyl:102
38	1912-04	96	72	24	0	vol038_tropicalagricul381912ceyl:96
38	1912-05	103	78	25	0	vol038_tropicalagricul381912ceyl:103
38	1912-06	104	80	24	0	vol038_tropicalagricul381912ceyl:104
39	1912-07	100	74	26	0	vol039_tropicalagricul391912ceyl:100
39	1912-07/12	9	9	0	0	vol039_tropicalagricul391912ceyl:9
39	1912-08	102	78	24	0	vol039_tropicalagricul391912ceyl:102
39	1912-09	76	52	24	0	vol039_tropicalagricul391912ceyl:76
39	1912-10	84	60	24	0	vol039_tropicalagricul391912ceyl:84
39	1912-11	88	63	25	0	vol039_tropicalagricul391912ceyl:88
39	1912-12	89	63	26	0	vol039_tropicalagricul391912ceyl:89
40	1913-01	86	61	25	0	vol040_lbg-630-5-tag-v-40:86
40	1913-01/06	4	4	0	0	vol040_lbg-630-5-tag-v-40:4
40	1913-02	84	63	21	0	vol040_lbg-630-5-tag-v-40:84
40	1913-03	62	62	0	0	vol040_lbg-630-5-tag-v-40:62
40	1913-04	74	74	0	0	vol040_lbg-630-5-tag-v-40:74
40	1913-05	82	82	0	0	vol040_lbg-630-5-tag-v-40:82
40	1913-06	88	88	0	0	vol040_lbg-630-5-tag-v-40:88
41	1913-07	90	90	0	0	vol041_lbg-vol-xli-tropicalagricult0000dewi-t3r5:90
41	1913-07/12	5	5	0	0	vol041_lbg-vol-xli-tropicalagricult0000dewi-t3r5:5
41	1913-08	96	96	0	0	vol041_lbg-vol-xli-tropicalagricult0000dewi-t3r5:96
41	1913-09	92	92	0	0	vol041_lbg-vol-xli-tropicalagricult0000dewi-t3r5:92
41	1913-10	96	96	0	0	vol041_lbg-vol-xli-tropicalagricult0000dewi-t3r5:96
41	1913-11	90	90	0	0	vol041_lbg-vol-xli-tropicalagricult0000dewi-t3r5:90
41	1913-12	91	91	0	0	vol041_lbg-vol-xli-tropicalagricult0000dewi-t3r5:91
42	1914-01	91	91	0	0	vol042_lbg-630-5-tag-v-42:91
42	1914-01/06	4	4	0	0	vol042_lbg-630-5-tag-v-42:4
42	1914-02	88	88	0	0	vol042_lbg-630-5-tag-v-42:88
42	1914-03	90	90	0	0	vol042_lbg-630-5-tag-v-42:90
42	1914-04	92	92	0	0	vol042_lbg-630-5-tag-v-42:92
42	1914-05	90	90	0	0	vol042_lbg-630-5-tag-v-42:90
42	1914-06	90	90	0	0	vol042_lbg-630-5-tag-v-42:90
43	1914-07	94	94	0	0	vol043_lbg-tropicalagricultvol-xliii0000unse-c5y3:94
43	1914-07/12	2	2	0	0	vol043_lbg-tropicalagricultvol-xliii0000unse-c5y3:2
43	1914-08	94	94	0	0	vol043_lbg-tropicalagricultvol-xliii0000unse-c5y3:94
43	1914-09	92	92	0	0	vol043_lbg-tropicalagricultvol-xliii0000unse-c5y3:92
43	1914-10	78	78	0	0	vol043_lbg-tropicalagricultvol-xliii0000unse-c5y3:78
43	1914-11	66	66	0	0	vol043_lbg-tropicalagricultvol-xliii0000unse-c5y3:66
43	1914-12	65	65	0	0	vol043_lbg-tropicalagricultvol-xliii0000unse-c5y3:65
44	1915-01	66	66	0	0	vol044_lbg-tropicalagricultvol-xliv0000unse-e6v7:66
44	1915-01/06	1	1	0	0	vol044_lbg-tropicalagricultvol-xliv0000unse-e6v7:1
44	1915-02	74	74	0	0	vol044_lbg-tropicalagricultvol-xliv0000unse-e6v7:74
44	1915-03	76	76	0	0	vol044_lbg-tropicalagricultvol-xliv0000unse-e6v7:76
44	1915-04	78	78	0	0	vol044_lbg-tropicalagricultvol-xliv0000unse-e6v7:78
44	1915-05	76	76	0	0	vol044_lbg-tropicalagricultvol-xliv0000unse-e6v7:76
44	1915-06	78	78	0	0	vol044_lbg-tropicalagricultvol-xliv0000unse-e6v7:78
45	1915-07	76	76	0	0	vol045_lbg-630-5-tag-v-45:76
45	1915-07/12	4	4	0	0	vol045_lbg-630-5-tag-v-45:4
45	1915-08	78	78	0	0	vol045_lbg-630-5-tag-v-45:78
45	1915-09	82	82	0	0	vol045_lbg-630-5-tag-v-45:82
45	1915-10	76	76	0	0	vol045_lbg-630-5-tag-v-45:76
45	1915-11	76	76	0	0	vol045_lbg-630-5-tag-v-45:76
45	1915-12	78	78	0	0	vol045_lbg-630-5-tag-v-45:78
48	1917-01	74	74	0	0	vol048_iss01_tropical-agriculturist-1917-01-48-1:74
48	1917-02	76	76	0	0	vol048_iss02_tropical-agriculturist-1917-02-48-2:76
48	1917-03	66	66	0	0	vol048_iss03_tropical-agriculturist-1917-03-48-3:66
48	1917-04	66	66	0	0	vol048_iss04_tropical-agriculturist-1917-04-48-4:66
48	1917-05	66	66	0	0	vol048_iss05_tropical-agriculturist-1917-05-48-5:66
48	1917-06	76	76	0	0	vol048_iss06_tropical-agriculturist-1917-06-48-6:76
49	1917-07	62	62	0	0	vol049_iss01_tropical-agriculturist-1917-07-49-1:62
49	1917-08	68	68	0	0	vol049_iss02_tropical-agriculturist-1917-08-49-2:68
49	1917-09	66	66	0	0	vol049_iss03_tropical-agriculturist-1917-09-49-3:66
49	1917-10	66	66	0	0	vol049_iss04_tropical-agriculturist-1917-10-49-4:66
49	1917-11	72	72	0	0	vol049_iss05_tropical-agriculturist-1917-11-49-5:72
49	1917-12	78	78	0	0	vol049_iss06_tropical-agriculturist-1917-12-49-6:78
50	1918-01	68	68	0	0	vol050_dli-ernet-21168:68
50	1918-01/06	2	2	0	0	vol050_dli-ernet-21168:2
50	1918-02	64	64	0	0	vol050_dli-ernet-21168:64
50	1918-03	66	66	0	0	vol050_dli-ernet-21168:66
50	1918-04	70	70	0	0	vol050_dli-ernet-21168:70
50	1918-05	66	66	0	0	vol050_dli-ernet-21168:66
50	1918-06	66	66	0	0	vol050_dli-ernet-21168:66
51	1918-07	74	74	0	0	vol051_iss01_tropical-agriculturist-1918-07-51-1:74
51	1918-08	61	61	0	0	vol051_iss02_tropical-agriculturist-1918-08-51-2:61
51	1918-09	66	66	0	0	vol051_iss03_tropical-agriculturist-1918-09-51-3:66
51	1918-10	82	82	0	0	vol051_iss04_tropical-agriculturist-1918-10-51-4:82
51	1918-11	59	59	0	0	vol051_iss05_tropical-agriculturist-1918-11-51-5:59
51	1918-12	69	69	0	0	vol051_iss06_tropical-agriculturist-1918-12-51-6:69
52	1919-01	66	66	0	0	vol052_iss01_tropical-agriculturist-1919-01-52-1:66
52	1919-02	56	56	0	0	vol052_iss02_tropical-agriculturist-1919-02-52-2:56
52	1919-03	64	64	0	0	vol052_iss03_tropical-agriculturist-1919-03-52-3:64
52	1919-04	58	58	0	0	vol052_iss04_tropical-agriculturist-1919-04-52-4:58
52	1919-05	64	64	0	0	vol052_iss05_tropical-agriculturist-1919-05-52-5:64
52	1919-06	64	64	0	0	vol052_iss06_tropical-agriculturist-1919-06-52-6:64
53	1919-07	66	66	0	0	vol053_iss01_tropical-agriculturist-1919-07-53-1:66
53	1919-08	94	94	0	0	vol053_iss02_tropical-agriculturist-1919-08-53-2:94
53	1919-09	82	82	0	0	vol053_iss03_tropical-agriculturist-1919-09-53-3:82
53	1919-10	72	72	0	0	vol053_iss04_tropical-agriculturist-1919-10-53-4:72
53	1919-11	66	66	0	0	vol053_iss05_tropical-agriculturist-1919-11-53-5:66
53	1919-12	67	67	0	0	vol053_iss06_tropical-agriculturist-1919-12-53-6:67
54	1920-01/06	1	1	0	0	vol054_lbg-630-5-tag-v-54:1
54	1920-02	64	64	0	0	vol054_lbg-630-5-tag-v-54:64
54	1920-03	64	64	0	0	vol054_lbg-630-5-tag-v-54:64
54	1920-04	64	64	0	0	vol054_lbg-630-5-tag-v-54:64
54	1920-05	64	64	0	0	vol054_lbg-630-5-tag-v-54:64
54	1920-06	66	66	0	0	vol054_lbg-630-5-tag-v-54:66
55	1920-07	64	64	0	0	vol055_lbg-630-5-tag-v-55:64
55	1920-07/12	2	2	0	0	vol055_lbg-630-5-tag-v-55:2
55	1920-08	66	66	0	0	vol055_lbg-630-5-tag-v-55:66
55	1920-09	68	68	0	0	vol055_lbg-630-5-tag-v-55:68
55	1920-10	72	72	0	0	vol055_lbg-630-5-tag-v-55:72
55	1920-11	90	90	0	0	vol055_lbg-630-5-tag-v-55:90
55	1920-12	64	64	0	0	vol055_lbg-630-5-tag-v-55:64
56	1921-01	128	128	0	0	vol046_lbg-630-5-tag-v-46:64;vol056_iss01_tropical-agriculturist-1921-01-56-1:64
56	1921-01/06	2	2	0	0	vol046_lbg-630-5-tag-v-46:2
56	1921-02	156	156	0	0	vol046_lbg-630-5-tag-v-46:78;vol056_iss02_tropical-agriculturist-1921-02-56-2:78
56	1921-03	132	132	0	0	vol046_lbg-630-5-tag-v-46:66;vol056_iss03_tropical-agriculturist-1921-03-56-3:66
56	1921-04	140	140	0	0	vol046_lbg-630-5-tag-v-46:70;vol056_iss04_tropical-agriculturist-1921-04-56-4:70
56	1921-05	129	129	0	0	vol046_lbg-630-5-tag-v-46:65;vol056_iss05_tropical-agriculturist-1921-05-56-5:64
56	1921-06	72	72	0	0	vol056_iss06_tropical-agriculturist-1921-06-56-6:72
57	1921-07	160	160	0	0	vol047_lbg-630-5-tag-v-47:80;vol057_in-ernet-dli-2015-230764:80
57	1921-07/12	7	7	0	0	vol047_lbg-630-5-tag-v-47:4;vol057_in-ernet-dli-2015-230764:3
57	1921-08	136	136	0	0	vol047_lbg-630-5-tag-v-47:68;vol057_in-ernet-dli-2015-230764:68
57	1921-09	146	146	0	0	vol047_lbg-630-5-tag-v-47:74;vol057_in-ernet-dli-2015-230764:72
57	1921-10	144	144	0	0	vol047_lbg-630-5-tag-v-47:72;vol057_in-ernet-dli-2015-230764:72
57	1921-11	132	132	0	0	vol047_lbg-630-5-tag-v-47:66;vol057_in-ernet-dli-2015-230764:66
57	1921-12	138	138	0	0	vol057_in-ernet-dli-2015-230764:70;vol047_lbg-630-5-tag-v-47:68
58	1922-01	64	64	0	0	vol058_dli-ernet-229219:64
58	1922-01/06	2	2	0	0	vol058_dli-ernet-229219:2
58	1922-02	68	68	0	0	vol058_dli-ernet-229219:68
58	1922-03	84	84	0	0	vol058_dli-ernet-229219:84
58	1922-04	72	72	0	0	vol058_dli-ernet-229219:72
58	1922-06	72	72	0	0	vol058_dli-ernet-229219:72
59	1922-07	148	148	0	0	vol058_dli-ernet-229219:74;vol059_tropicalagricult0059unse:74
59	1922-07/12	5	5	0	0	vol059_tropicalagricult0059unse:5
59	1922-08	68	68	0	0	vol059_tropicalagricult0059unse:68
59	1922-09	144	144	0	0	vol058_dli-ernet-229219:72;vol059_tropicalagricult0059unse:72
59	1922-10	134	134	0	0	vol058_dli-ernet-229219:68;vol059_tropicalagricult0059unse:66
59	1922-11	148	148	0	0	vol058_dli-ernet-229219:74;vol059_tropicalagricult0059unse:74
59	1922-12	131	131	0	0	vol059_tropicalagricult0059unse:67;vol058_dli-ernet-229219:64
60	1923-01	64	64	0	0	vol060_lbg-tropicalagricultvol-lx-1923-0000unse-n0c4:64
60	1923-01/06	2	2	0	0	vol060_lbg-tropicalagricultvol-lx-1923-0000unse-n0c4:2
60	1923-02	98	98	0	0	vol060_lbg-tropicalagricultvol-lx-1923-0000unse-n0c4:98
60	1923-03	64	64	0	0	vol060_lbg-tropicalagricultvol-lx-1923-0000unse-n0c4:64
60	1923-04	64	64	0	0	vol060_lbg-tropicalagricultvol-lx-1923-0000unse-n0c4:64
60	1923-05	68	68	0	0	vol060_lbg-tropicalagricultvol-lx-1923-0000unse-n0c4:68
60	1923-06	70	70	0	0	vol060_lbg-tropicalagricultvol-lx-1923-0000unse-n0c4:70
61	1923-07	68	68	0	0	vol061_tropicalagricult0061unse:68
61	1923-07/12	4	4	0	0	vol061_tropicalagricult0061unse:4
61	1923-08	64	64	0	0	vol061_tropicalagricult0061unse:64
61	1923-09	68	68	0	0	vol061_tropicalagricult0061unse:68
61	1923-10	66	66	0	0	vol061_tropicalagricult0061unse:66
61	1923-11	66	66	0	0	vol061_tropicalagricult0061unse:66
61	1923-12	67	67	0	0	vol061_tropicalagricult0061unse:67
62	1924-01	66	66	0	0	vol062_lbg-630-5-tag-v-62:66
62	1924-01/06	2	2	0	0	vol062_lbg-630-5-tag-v-62:2
62	1924-02	68	68	0	0	vol062_lbg-630-5-tag-v-62:68
62	1924-04	76	76	0	0	vol062_lbg-630-5-tag-v-62:76
62	1924-05	64	64	0	0	vol062_lbg-630-5-tag-v-62:64
62	1924-06	66	66	0	0	vol062_lbg-630-5-tag-v-62:66
63	1924-07	66	66	0	0	vol063_lbg-630-5-tag-v-63:66
63	1924-07/12	2	2	0	0	vol063_lbg-630-5-tag-v-63:2
63	1924-09	64	64	0	0	vol063_lbg-630-5-tag-v-63:64
63	1924-10	64	64	0	0	vol063_lbg-630-5-tag-v-63:64
63	1924-11	64	64	0	0	vol063_lbg-630-5-tag-v-63:64
63	1924-12	70	70	0	0	vol063_lbg-630-5-tag-v-63:70
64	1925-01	70	70	0	0	vol064_lbg-630-5-tag-v-64:70
64	1925-01/06	1	1	0	0	vol064_lbg-630-5-tag-v-64:1
64	1925-02	64	64	0	0	vol064_lbg-630-5-tag-v-64:64
64	1925-04	64	64	0	0	vol064_lbg-630-5-tag-v-64:64
64	1925-05	66	66	0	0	vol064_lbg-630-5-tag-v-64:66
64	1925-06	66	66	0	0	vol064_lbg-630-5-tag-v-64:66
65	1925-07	70	70	0	0	vol065_iss01_tropical-agriculturist-1925-07-65-1:70
65	1925-08	66	66	0	0	vol065_iss02_tropical-agriculturist-1925-08-65-2:66
65	1925-09	74	74	0	0	vol065_iss03_tropical-agriculturist-1925-09-65-3:74
65	1925-10	68	68	0	0	vol065_iss04_tropical-agriculturist-1925-10-65-4:68
65	1925-11	64	64	0	0	vol065_iss05_tropical-agriculturist-1925-11-65-5:64
65	1925-12	68	68	0	0	vol065_iss06_tropical-agriculturist-1925-12-65-6:68
66	1926-01	66	66	0	0	vol066_iss01_tropical-agriculturist-1926-01-66-1:66
66	1926-02	76	76	0	0	vol066_iss02_tropical-agriculturist-1926-02-66-2:76
66	1926-03	66	66	0	0	vol066_iss03_tropical-agriculturist-1926-03-66-3:66
66	1926-04/05	128	128	0	0	vol066_tropical-agriculturist-april-may-1926-66-4-5:128
66	1926-06	66	66	0	0	vol066_iss06_tropical-agriculturist-1926-06-66-6:66
67	1926-07	66	66	0	0	vol067_iss01_tropical-agriculturist-1926-07-67-1:66
67	1926-08	68	68	0	0	vol067_iss02_tropical-agriculturist-1926-08-67-2:68
67	1926-09	64	64	0	0	vol067_iss03_tropical-agriculturist-1926-09-67-3:64
67	1926-10	63	63	0	0	vol067_iss04_tropical-agriculturist-1926-10-67-4:63
67	1926-11	73	73	0	0	vol067_iss05_tropical-agriculturist-1926-11-67-5:73
67	1926-12	69	69	0	0	vol067_iss06_tropical-agriculturist-1926-12-67-6:69
68	1927-01	69	69	0	0	vol068_tropical-agriculturist-1927-01-68:69
68	1927-02	70	70	0	0	vol068_tropical-agriculturist-1927-02-68:70
68	1927-03	64	64	0	0	vol068_tropical-agriculturist-1927-03-68:64
68	1927-04	68	68	0	0	vol068_tropical-agriculturist-1927-04-68:68
68	1927-05	92	92	0	0	vol068_tropical-agriculturist-1927-05-68:92
68	1927-06	64	64	0	0	vol068_tropical-agriculturist-1927-06-68:64
69	1927-07	70	70	0	0	vol069_tropical-agriculturist-1927-07-69:70
69	1927-08	68	68	0	0	vol069_tropical-agriculturist-1927-08-69:68
69	1927-09	76	76	0	0	vol069_tropical-agriculturist-1927-09-69:76
69	1927-10	70	70	0	0	vol069_tropical-agriculturist-1927-10-69:70
69	1927-11	66	66	0	0	vol069_tropical-agriculturist-1927-11-69:66
69	1927-12	66	66	0	0	vol069_tropical-agriculturist-1927-12-69:66
70	1928-01	68	68	0	0	vol070_dli-ernet-229220:68
70	1928-01/06	2	2	0	0	vol070_dli-ernet-229220:2
70	1928-02	68	68	0	0	vol070_dli-ernet-229220:68
70	1928-03	66	66	0	0	vol070_dli-ernet-229220:66
70	1928-04	70	70	0	0	vol070_dli-ernet-229220:70
70	1928-05	109	109	0	0	vol070_dli-ernet-229220:109
70	1928-06	92	92	0	0	vol070_dli-ernet-229220:92
71	1928-07	68	68	0	0	vol071_tropical-agriculturist-1928-07-71:65;vol070_dli-ernet-229220:3
71	1928-08	132	132	0	0	vol070_dli-ernet-229220:66;vol071_tropical-agriculturist-1928-08-71:66
71	1928-09	148	148	0	0	vol070_dli-ernet-229220:74;vol071_tropical-agriculturist-1928-09-71:74
71	1928-10	140	140	0	0	vol070_dli-ernet-229220:70;vol071_tropical-agriculturist-1928-10-71:70
71	1928-11	134	134	0	0	vol070_dli-ernet-229220:68;vol071_tropical-agriculturist-1928-11-71:66
71	1928-12	146	146	0	0	vol070_dli-ernet-229220:73;vol071_tropical-agriculturist-1928-12-71:73
72	1929-01/06	268	268	0	0	vol072_dli-ernet-229221:268
72	1929-05	141	141	0	0	vol072_dli-ernet-229221:141
73	1929-07	148	148	0	0	vol073_tropical-agriculturist-1929-07-73:76;vol072_dli-ernet-229221:72
73	1929-08	140	140	0	0	vol072_dli-ernet-229221:70;vol073_tropical-agriculturist-1929-08-73:70
73	1929-09	136	136	0	0	vol072_dli-ernet-229221:69;vol073_tropical-agriculturist-1929-09-73:67
73	1929-10	159	159	0	0	vol072_dli-ernet-229221:80;vol073_tropical-agriculturist-1929-10-73:79
73	1929-11	137	137	0	0	vol072_dli-ernet-229221:69;vol073_tropical-agriculturist-1929-11-73:68
73	1929-12	162	162	0	0	vol073_tropical-agriculturist-1929-12-73:83;vol072_dli-ernet-229221:79
74	1930-01	67	67	0	0	vol074_dli-ernet-229223:67
74	1930-01/06	2	2	0	0	vol074_dli-ernet-229223:2
74	1930-02	77	77	0	0	vol074_dli-ernet-229223:77
74	1930-03	66	66	0	0	vol074_dli-ernet-229223:66
74	1930-04	75	75	0	0	vol074_dli-ernet-229223:75
74	1930-05	62	62	0	0	vol074_dli-ernet-229223:62
74	1930-06	78	78	0	0	vol074_dli-ernet-229223:78
75	1930-07	126	126	0	0	vol074_dli-ernet-229223:64;vol075_tropical-agriculturist-1930-07-75:62
75	1930-08	130	130	0	0	vol074_dli-ernet-229223:66;vol075_tropical-agriculturist-1930-08-75:64
75	1930-09	142	142	0	0	vol074_dli-ernet-229223:73;vol075_tropical-agriculturist-1930-09-75:69
75	1930-10	132	132	0	0	vol074_dli-ernet-229223:67;vol075_tropical-agriculturist-1930-10-75:65
75	1930-11	175	175	0	0	vol074_dli-ernet-229223:89;vol075_tropical-agriculturist-1930-11-75:86
75	1930-12	134	134	0	0	vol074_dli-ernet-229223:67;vol075_tropical-agriculturist-1930-12-75:67
76	1931-01	69	69	0	0	vol076_dli-ernet-229225:69
76	1931-01/06	2	2	0	0	vol076_dli-ernet-229225:2
76	1931-02	69	69	0	0	vol076_dli-ernet-229225:69
76	1931-03	65	65	0	0	vol076_dli-ernet-229225:65
76	1931-04	66	66	0	0	vol076_dli-ernet-229225:66
76	1931-05	69	69	0	0	vol076_dli-ernet-229225:69
76	1931-06	70	70	0	0	vol076_dli-ernet-229225:70
77	1931-07	125	125	0	0	vol076_dli-ernet-229225:70;vol077_tdl-34003-the-tropical-agriculturist-the-agricultural-journa:55
77	1931-07/12	9	9	0	0	vol077_tdl-34003-the-tropical-agriculturist-the-agricultural-journa:9
77	1931-08	153	153	0	0	vol076_dli-ernet-229225:81;vol077_tdl-34003-the-tropical-agriculturist-the-agricultural-journa:72
77	1931-09	132	132	0	0	vol076_dli-ernet-229225:67;vol077_tdl-34003-the-tropical-agriculturist-the-agricultural-journa:65
77	1931-10	132	132	0	0	vol077_tdl-34003-the-tropical-agriculturist-the-agricultural-journa:67;vol076_dli-ernet-229225:65
77	1931-11	137	137	0	0	vol076_dli-ernet-229225:72;vol077_tdl-34003-the-tropical-agriculturist-the-agricultural-journa:65
77	1931-12	121	121	0	0	vol076_dli-ernet-229225:65;vol077_tdl-34003-the-tropical-agriculturist-the-agricultural-journa:56
78	1932-01	65	65	0	0	vol078_tropical-agriculturist-1932-01-78:65
78	1932-02	66	66	0	0	vol078_tropical-agriculturist-1932-02-78:66
78	1932-03	68	68	0	0	vol078_tropical-agriculturist-1932-03-78:68
78	1932-04	73	73	0	0	vol078_tropical-agriculturist-1932-04-78:73
78	1932-05	80	80	0	0	vol078_tropical-agriculturist-1932-05-78:80
78	1932-06	70	70	0	0	vol078_tropical-agriculturist-1932-06-78:70
79	1932-07	78	78	0	0	vol079_iss01_tropical-agriculturist-1932-07-79-1:78
79	1932-08	66	66	0	0	vol079_iss02_tropical-agriculturist-1932-08-79-2:66
79	1932-09	73	73	0	0	vol079_iss03_tropical-agriculturist-1932-09-79-3:73
79	1932-10	63	63	0	0	vol079_iss04_tropical-agriculturist-1932-10-79-4:63
79	1932-11	67	67	0	0	vol079_iss05_tropical-agriculturist-1932-11-79-5:67
79	1932-12	60	60	0	0	vol079_iss06_tropical-agriculturist-1932-12-79-6:60
80	1933-01	72	72	0	0	vol080_dli-ernet-229226:72
80	1933-01/06	3	3	0	0	vol080_dli-ernet-229226:3
80	1933-02	68	68	0	0	vol080_dli-ernet-229226:68
80	1933-03	62	62	0	0	vol080_dli-ernet-229226:62
80	1933-04	74	74	0	0	vol080_dli-ernet-229226:74
80	1933-05	78	78	0	0	vol080_dli-ernet-229226:78
80	1933-06	76	76	0	0	vol080_dli-ernet-229226:76
81	1933-07	157	157	0	0	vol081_iss01_tropical-agriculturist-1933-07-81-1:79;vol080_dli-ernet-229226:78
81	1933-08	128	128	0	0	vol080_dli-ernet-229226:66;vol081_iss02_tropical-agriculturist-1933-08-81-2:62
81	1933-09	151	151	0	0	vol081_iss03_tropical-agriculturist-1933-09-81-3:76;vol080_dli-ernet-229226:75
81	1933-10	140	140	0	0	vol080_dli-ernet-229226:70;vol081_iss04_tropical-agriculturist-1933-10-81-4:70
81	1933-11	136	136	0	0	vol080_dli-ernet-229226:69;vol081_iss05_tropical-agriculturist-1933-11-81-5:67
81	1933-12	126	126	0	0	vol080_dli-ernet-229226:64;vol081_iss06_tropical-agriculturist-1933-12-81-6:62
82	1934-01	78	78	0	0	vol082_dli-ernet-229227:78
82	1934-01/06	2	2	0	0	vol082_dli-ernet-229227:2
82	1934-02	70	70	0	0	vol082_dli-ernet-229227:70
82	1934-03	70	70	0	0	vol082_dli-ernet-229227:70
82	1934-04	68	68	0	0	vol082_dli-ernet-229227:68
82	1934-05	67	67	0	0	vol082_dli-ernet-229227:67
82	1934-06	82	82	0	0	vol082_dli-ernet-229227:82
83	1934-07	142	142	0	0	vol082_dli-ernet-229227:72;vol083_tropical-agriculturist-1934-07:70
83	1934-08	156	156	0	0	vol082_dli-ernet-229227:79;vol083_tropical-agriculturist-1934-08:77
83	1934-09	125	125	0	0	vol082_dli-ernet-229227:63;vol083_tropical-agriculturist-1934-09:62
83	1934-10	166	166	0	0	vol082_dli-ernet-229227:84;vol083_tropical-agriculturist-1934-10:82
83	1934-11	177	177	0	0	vol082_dli-ernet-229227:91;vol083_tropical-agriculturist-1934-11:86
83	1934-12	163	163	0	0	vol083_tropical-agriculturist-1934-12:84;vol082_dli-ernet-229227:79
84	1935-01	72	72	0	0	vol084_tropical-agriculturist-1935-01-84:72
84	1935-02	63	63	0	0	vol084_tropical-agriculturist-1935-02-84:63
84	1935-03	64	64	0	0	vol084_tropical-agriculturist-1935-03-84:64
84	1935-04	65	65	0	0	vol084_tropical-agriculturist-1935-04-84:65
84	1935-05	60	60	0	0	vol084_tropical-agriculturist-1935-05-84:60
84	1935-06	66	66	0	0	vol084_tropical-agriculturist-1935-06-84:66
85	1935-07	66	66	0	0	vol085_tropical-agriculturist-1935-07-85:66
85	1935-08	72	72	0	0	vol085_tropical-agriculturist-1935-08-85:72
85	1935-09	66	66	0	0	vol085_tropical-agriculturist-1935-09-85:66
85	1935-10	70	70	0	0	vol085_tropical-agriculturist-1935-10-85:70
85	1935-11	68	68	0	0	vol085_tropical-agriculturist-1935-11-85:68
85	1935-12	77	77	0	0	vol085_tropical-agriculturist-1935-12-85:77
86	1936-01	75	75	0	0	vol086_dli-ernet-229228:75
86	1936-01/06	1	1	0	0	vol086_dli-ernet-229228:1
86	1936-02	68	68	0	0	vol086_dli-ernet-229228:68
86	1936-03	65	65	0	0	vol086_dli-ernet-229228:65
86	1936-04	67	67	0	0	vol086_dli-ernet-229228:67
86	1936-05	65	65	0	0	vol086_dli-ernet-229228:65
86	1936-06	57	57	0	0	vol086_dli-ernet-229228:57
87	1936-07	132	132	0	0	vol086_dli-ernet-229228:66;vol087_tropical-agriculturist-1936-07-87:66
87	1936-08	131	131	0	0	vol086_dli-ernet-229228:66;vol087_tropical-agriculturist-1936-08-87:65
87	1936-09	149	149	0	0	vol086_dli-ernet-229228:75;vol087_tropical-agriculturist-1936-09-87:74
87	1936-10	148	148	0	0	vol086_dli-ernet-229228:76;vol087_tropical-agriculturist-1936-10-87:72
87	1936-11	140	140	0	0	vol086_dli-ernet-229228:71;vol087_tropical-agriculturist-1936-11-87:69
87	1936-12	147	147	0	0	vol087_tropical-agriculturist-1936-12-87:74;vol086_dli-ernet-229228:73
88	1937-01	72	72	0	0	vol088_dli-ernet-229229:72
88	1937-01/06	2	2	0	0	vol088_dli-ernet-229229:2
88	1937-02	75	75	0	0	vol088_dli-ernet-229229:75
88	1937-03	68	68	0	0	vol088_dli-ernet-229229:68
88	1937-04	64	64	0	0	vol088_dli-ernet-229229:64
88	1937-05	67	67	0	0	vol088_dli-ernet-229229:67
88	1937-06	68	68	0	0	vol088_dli-ernet-229229:68
89	1937-07	127	127	0	0	vol089_tropical-agriculturist-1937-07-89:64;vol088_dli-ernet-229229:63
89	1937-08	128	128	0	0	vol088_dli-ernet-229229:64;vol089_tropical-agriculturist-1937-08-89:64
89	1937-09	141	141	0	0	vol088_dli-ernet-229229:71;vol089_tropical-agriculturist-1937-09-89:70
89	1937-10	135	135	0	0	vol088_dli-ernet-229229:68;vol089_tropical-agriculturist-1937-10-89:67
89	1937-11	141	141	0	0	vol088_dli-ernet-229229:72;vol089_tropical-agriculturist-1937-11-89:69
89	1937-12	184	184	0	0	vol089_tropical-agriculturist-1937-12-89:94;vol088_dli-ernet-229229:90
90	1938-01	71	71	0	0	vol090_iss01_tropical-agriculturist-1938-01-90-1:71
90	1938-02	60	60	0	0	vol090_iss02_tropical-agriculturist-1938-02-90-2:60
90	1938-03	67	67	0	0	vol090_iss03_tropical-agriculturist-1938-03-90-3:67
90	1938-04	78	78	0	0	vol090_iss04_tropical-agriculturist-1938-04-90-4:78
90	1938-05	75	75	0	0	vol090_iss05_tropical-agriculturist-1938-05-90-5:75
90	1938-06	85	85	0	0	vol090_iss06_tropical-agriculturist-1938-06-90-6:85
91	1938-07	83	83	0	0	vol091_tropical-agriculturist-1938-07-91:83
91	1938-08	68	68	0	0	vol091_tropical-agriculturist-1938-08-91:68
91	1938-09	72	72	0	0	vol091_tropical-agriculturist-1938-09-91:72
91	1938-10	66	66	0	0	vol091_tropical-agriculturist-1938-10-91:66
91	1938-11	83	83	0	0	vol091_tropical-agriculturist-1938-11-91:83
91	1938-12	88	88	0	0	vol091_tropical-agriculturist-1938-12-91:88
92	1939-01	81	81	0	0	vol092_tropical-agriculturist-1939-01-92:81
92	1939-02	73	73	0	0	vol092_tropical-agriculturist-1939-02-92:73
92	1939-03	64	64	0	0	vol092_tropical-agriculturist-1939-03-92:64
92	1939-04	58	58	0	0	vol092_tropical-agriculturist-1939-04-92:58
92	1939-05	81	81	0	0	vol092_tropical-agriculturist-1939-05-92:81
92	1939-06	71	71	0	0	vol092_tropical-agriculturist-1939-06-92:71
93	1939-07	68	68	0	0	vol093_iss01_tropical-agriculturist-1939-07-93-1:68
93	1939-08	71	71	0	0	vol093_iss02_tropical-agriculturist-1939-08-93-2:71
93	1939-09	78	78	0	0	vol093_iss03_tropical-agriculturist-1939-09-93-3:78
93	1939-10	66	66	0	0	vol093_iss04_tropical-agriculturist-1939-10-93-4:66
93	1939-11	89	89	0	0	vol093_iss05_tropical-agriculturist-1939-11-93-5:89
93	1939-12	70	70	0	0	vol093_iss06_tropical-agriculturist-1939-12-93-6:70
94	1940-01	69	69	0	0	vol094_iss01_tropical-agriculturist-1940-01-94-1:69
94	1940-02	83	83	0	0	vol094_iss02_tropical-agriculturist-1940-02-94-2:83
94	1940-03	81	81	0	0	vol094_iss03_tropical-agriculturist-1940-03-94-3:81
94	1940-04	80	80	0	0	vol094_iss04_tropical-agriculturist-1940-04-94-4:80
94	1940-05	67	67	0	0	vol094_iss05_tropical-agriculturist-1940-05-94-5:67
94	1940-06	92	92	0	0	vol094_iss06_tropical-agriculturist-1940-06-94-6:92
95	1940-07	68	68	0	0	vol095_iss01_tropical-agriculturist-1940-07-95-1:68
95	1940-08	65	65	0	0	vol095_iss02_tropical-agriculturist-1940-08-95-2:65
95	1940-09	79	79	0	0	vol095_iss03_tropical-agriculturist-1940-09-95-3:79
95	1940-10	75	75	0	0	vol095_iss04_tropical-agriculturist-1940-10-95-4:75
95	1940-11	59	59	0	0	vol095_iss05_tropical-agriculturist-1940-11-95-5:59
95	1940-12	69	69	0	0	vol095_iss06_tropical-agriculturist-1940-12-95-6:69
96	1941-01	74	74	0	0	vol096_dli-ernet-229230:74
96	1941-01/06	14	14	0	0	vol096_dli-ernet-229230:14
96	1941-02	71	71	0	0	vol096_dli-ernet-229230:71
96	1941-03	66	66	0	0	vol096_dli-ernet-229230:66
96	1941-04	77	77	0	0	vol096_dli-ernet-229230:77
96	1941-05	79	79	0	0	vol096_dli-ernet-229230:79
96	1941-06	63	63	0	0	vol096_dli-ernet-229230:63
97	1941-07	60	60	0	0	vol097_iss01_tropical-agriculturist-1941-07-97-1:60
97	1941-07/12	394	394	0	0	vol096_dli-ernet-229230:394
97	1941-08	59	59	0	0	vol097_iss02_tropical-agriculturist-1941-08-97-2:59
97	1941-09	86	86	0	0	vol097_iss03_tropical-agriculturist-1941-09-97-3:86
97	1941-10	76	76	0	0	vol097_iss04_tropical-agriculturist-1941-10-97-4:76
97	1941-11	66	66	0	0	vol097_iss05_tropical-agriculturist-1941-11-97-5:66
97	1941-12	56	56	0	0	vol097_iss06_tropical-agriculturist-1941-12-97-6:56
98	1942-01/03	80	80	0	0	vol098_iss01_tropical-agriculturist-january-march-1942-98-1:80
98	1942-04/06	82	82	0	0	vol098_iss02_tropical-agriculturist-april-june-1942-98-2:82
98	1942-07/09	103	103	0	0	vol098_iss03_tropical-agriculturist-july-september-1942-98-3:103
98	1942-10/12	88	88	0	0	vol098_iss04_tropical-agriculturist-october-december-1942-98-4:88
99	1943-01/03	67	67	0	0	vol099_iss01_tropical-agriculturist-january-march-1943-99-1:67
99	1943-04/06	75	75	0	0	vol099_iss02_tropical-agriculturist-april-june-1943-99-2:75
99	1943-07/09	78	78	0	0	vol099_iss03_tropical-agriculturist-july-september-1943-99-3:78
99	1943-10/12	78	78	0	0	vol099_iss04_tropical-agriculturist-october-december-1943-99-4:78
100	1944-01/03	78	78	0	0	vol100_iss01_tropical-agriculturist-january-march-1944-100-1:78
100	1944-04/06	79	79	0	0	vol100_iss02_tropical-agriculturist-april-june-1944-100-2:79
100	1944-07/09	71	71	0	0	vol100_iss03_tropical-agriculturist-july-september-1944-100-3:71
100	1944-10/12	101	101	0	0	vol100_iss04_tropical-agriculturist-october-december-1944-100-4:101
101	1945-01/03	66	66	0	0	vol101_iss01_tropical-agriculturist-january-march-1945-101-1:66
101	1945-04/06	61	61	0	0	vol101_iss02_tropical-agriculturist-april-june-1945-101-2:61
101	1945-07/09	84	84	0	0	vol101_iss03_tropical-agriculturist-july-september-1945-101-3:84
101	1945-10/12	88	88	0	0	vol101_iss04_tropical-agriculturist-october-december-1945-101-4:88
