pid	display	mentions	years	roles	estates	decision	planter_ids	slugs	url
P000010	H. K. Rutherford	327	1883-1939	Director | author | Chairman | planter	Mariawatte | Mariawatte estate | Abbotsford	link	11120624	h-k-rutherford	https://www.historyofceylontea.com/tea-planters/planters-registry/h-k-rutherford--11120624.html
P000015	A. Philip	278	1881-1904	Secretary | Secretary to the Planters' Association of Ceylon | Secretary, Planters' Association of Ceylon | Secretary, Thirty Committee	Mariawatte | Dunedin | Rookwood	link	11128689	philip-a	https://www.historyofceylontea.com/tea-planters/planters-registry/philip-a--11128689.html
P000016	William Mackenzie	271	1881-1910	Ceylon Commissioner | planter | author of letter | author of the letter	Mariawatte | Rangala | Nahalma	review	11114475 ; 11119501	w-mackenzie ; mackenzie-col-w	
P000025	T. N. Christie	204	1881-1914	Director | author of letter | author | shareholder	St. Andrew's | St. Andrew's Estate | Yarrow	review	11118496 ; 11118641 ; 11122867	christie-t-n ; t-n-christie ; christie-t-n	
P000037	W. D. Gibbon	174	1881-1941	Director | Kandy | Director, Estate Inspector | correspondent	Dea Ella | Hayes Group | Gampaha	link	11113705	w-d-gibbon	https://www.historyofceylontea.com/tea-planters/planters-registry/w-d-gibbon--11113705.html
P000043	G. A. Talbot	157	1881-1925	Director | director | shareholder | Manager in Ceylon	Norwood | Waverley | Hope	review	11112826 ; 11119439 ; 11122630 ; 11123509	talbot-g-a ; talbot-g-a ; g-a-talbot ; g-a-talbot	
P000044	A. M. Ferguson	153	1881-1941	author | Commissioner for Ceylon | author of the article | author of letter	Abbotsford | Rookwood | Kintyre	review	11111944 ; 11126330 ; 11127221 ; 11131688	ferguson-a-m ; ferguson-a-m ; mrs-a-m-ferguson ; ferguson-mrs-a-m	
P000045	C. S. Armstrong	153	1881-1911	author | tea planter, Rookwood | tea planter | Director	Rookwood | Abbotsford | Mariawatte	review	11115434 ; 11115435	armstrong-c-spearman ; c-s-armstrong	
P000046	J. L. Shand	152	1883-1912	Director | author | shareholder | author of the paper	Rookwood | Dunedin | Glenlyon	review	11114585 ; 11120649	shand-j-l ; shand-j-l	
P000053	C. E. A. Dias	144	1899-1941	Member | member | member of the Committee | Member of the Board	Dartonfield Estate | Dartonfield | Nivitigalakele	link	11124780	c-e-a-dias	https://www.historyofceylontea.com/tea-planters/planters-registry/c-e-a-dias--11124780.html
P000056	H. Drummond Deane	133	1881-1910	author of letter | shareholder | author of the letter | correspondent	Kintyre | Stagbrook | Stagbrook Estate	link	11123165	deane-h-d	https://www.historyofceylontea.com/tea-planters/planters-registry/deane-h-d--11123165.html
P000073	J. Holloway	113	1881-1928	author of letter | correspondent | author | author of the letter	Maria | Maria estate | Maria Estate	review	11114564 ; 11128316 ; 11132468 ; 11132561 ; 11132720	holloway-j ; jos-holloway ; holloway-joseph ; holloway-jas ; jas-holloway	
P000075	William Jardine	110	1882-1909	planter | coconut planter | author of the letter | author	Udapolla | Delgolla estate | Toynbee	link	11118572	jardine-w	https://www.historyofceylontea.com/tea-planters/planters-registry/jardine-w--11118572.html
P000084	George Wall	104	1881-1922	lecturer | botanist | editor | author of the paper	Hakgala Garden | Henaratgoda Garden | Peradeniya Gardens	review	11126018 ; 11128374 ; 11132725	wall-g ; g-wall ; wall-g	
P000085	J. H. Barber	104	1883-1920	author | correspondent | member | purchaser	Blackstone | Blackstone estate | Blackstone Estate	review	11112089 ; 11128839 ; 11129164	barber-j-h ; barber-j-h ; j-h-barber	
P000093	Joseph Fraser	98	1881-1923	Director | Chairman | Visiting Agent | Member	Damboolagalla estate | Damboolagalla | Holbrook	review	11111595 ; 11115163 ; 11118707	fraser-j ; fraser-j ; fraser-joseph	
P000096	R. E. Pineo	97	1883-1899	planter | author | author of the letter | Secretary	Abbotsford | Kalupahani | Leangawella	link	11114620	pineo-r-e	https://www.historyofceylontea.com/tea-planters/planters-registry/pineo-r-e--11114620.html
P000114	B. M. Selwyn	89	1926-1940	Member | member | Member of the Board | Board member	Nivitigalakele | Dartonfield | Dartonfield Estate	review	11117843 ; 11123329	selwyn-b-m ; selwyn-b-m	
P000120	E. V. Carey	87	1892-1917	Chairman | planter | Chairman, United Planters' Association | land applicant	New Amherst | Weld's Hill | Batu Caves	link	11115702	carey-e-v	https://www.historyofceylontea.com/tea-planters/planters-registry/carey-e-v--11115702.html
P000124	J. N. Campbell	86	1886-1910	Director | Chairman | director | Member	Craighill estate | Moray Tea Estate | Mocha Estate	link	11112312	j-n-campbell	https://www.historyofceylontea.com/tea-planters/planters-registry/j-n-campbell--11112312.html
P000130	William Smith	85	1881-1928	planter | of Mattakelly | cinchona cultivator | of Mattakelle	Craigie Lea | Abbotsford | Logie	review	11112516 ; 11114326	smith-w ; smith-william	
P000132	A. Melville White	83	1884-1906	Chairman | author of letter | Chairman, Planters' Association of Ceylon | Chairman of the Planters' Association	Ruanwella estate | Elkaduwa | Kirkoswald estate	review	11119045 ; 11122601 ; 11129158	a-m-white ; a-m-white ; white-a-melville	
P000137	James Westland	83	1882-1912	author of letter | proposer of labour scheme | shareholder | individual	Franklands Estate | Hope Estate | Henaratgoda Gardens	review	11115283 ; 11119135 ; 11119138 ; 11119153	westland-j ; westland-james ; westland-j ; westland-j	
P000170	Giles F. Walker	72	1882-1911	Director | Chairman, Planters' Association of Ceylon | Chairman Planters' Association of Ceylon | of Dikoya	Delrey | Del Rey | Gonagalla	link	11115141	walker-g-f	https://www.historyofceylontea.com/tea-planters/planters-registry/walker-g-f--11115141.html
P000171	R. B. Tytler	72	1881-1914	planter | Chairman of the Planters' Association | author | father of Ceylon planters	Pallekelly | Peradeniya | Helbodde	review	11111612 ; 11122535 ; 11132926	tytler-r-b ; tytler-r-b ; robert-boyd-tytler	
P000173	A. E. Wright	71	1883-1902	shareholder | Maskeliya | tea planter | correspondent	Brunswick Estate | New Brunswick | Brunswick	review	11112895 ; 11114715 ; 11122923	wright-a-e ; a-e-wright ; wright-mrs-a-e	
P000189	A. G. K. Borron	67	1881-1903	shareholder | author of the letter | correspondent | planter	Crystal Hill estate | Crystal Hill | Rookwood	review	11112443 ; 11118702 ; 11124242	borron-a-g-k ; borron-a-g-k ; a-g-k-borron	
P000193	Alexander Ross	66	1881-1901	signatory | author of the paper | attendee | Director	Venture | Venture estate | New Caledonia	review	11114922 ; 11118571 ; 11120975	a-ross ; ross-a ; a-ross	
P000194	F. G. A. Lane	66	1883-1901	shareholder | Member | Director | Chairman of the Planters' Association	Blair Athol | Friedland | Avisawella Estate	link	11114600	lane-f-g-a	https://www.historyofceylontea.com/tea-planters/planters-registry/lane-f-g-a--11114600.html
P000199	H. J. Vollar	65	1881-1911	shareholder | planter | Member | cacao grower	Pallekelly Estate | Pallekelly | Blackstone estate	review	11111299 ; 11111810 ; 11123593	vollar-h-j ; vollar-h-j ; h-j-vollar	
P000257	John Fraser	55	1888-1927	correspondent | member | author | author of the letter	Abbotsford | Great Western | Abbotsford estate	review	11111433 ; 11111595 ; 11115163	fraser-john ; fraser-j ; fraser-j	
P000279	Norman W. Grieve	51	1889-1912	Director | director | shareholder | shareholder by proxy	St. Leonards | Condegalla | Dromoland	review	11119731 ; 11132167 ; 11132291	n-w-grieve ; grieve-n-w ; n-w-grieve	
P000283	Arthur Sinclair	50	1884-1901	author | signatory | author of 'In Tropical Lands' | planter and practical agriculturist	Kandenuwera | Wariapolla | Sylvakande	link	11114569	sinclair-a	https://www.historyofceylontea.com/tea-planters/planters-registry/sinclair-a--11114569.html
P000290	W. Forsythe	50	1884-1929	Director | correspondent | director | agent	Pambagama | Sunnycroft | Sunnycroft estate	review	11111596 ; 11120748	forsythe-w ; forsythe-w	
P000296	L. H. Kelly	49	1887-1911	Chairman, Ceylon Planters' Association | Director | Chairman, Planters' Association of Ceylon | Chairman of the Tea Fund Committee	Blackstone | Castlereagh estate | Castlereagh	link	11114248	kelly-l-h	https://www.historyofceylontea.com/tea-planters/planters-registry/kelly-l-h--11114248.html
P000302	H. W. Roy Bertrand	48	1921-1942	author | F.L.S., Govinna Estate | Member, Board of Agriculture | author of report	Govinna Estate | St. Coomb's Estate | Margaret Estate	link	11123440	bertrand-h-w-r	https://www.historyofceylontea.com/tea-planters/planters-registry/bertrand-h-w-r--11123440.html
P000306	T. C. Anderson	48	1881-1903	correspondent | owner of Annfield Estate | of Dikoya | agent for distribution	Gartmore | Glen Morgan | Annfield	link	11111434	anderson-t-c	https://www.historyofceylontea.com/tea-planters/planters-registry/anderson-t-c--11111434.html
P000310	E. J. Young	47	1885-1909	Director | purchaser | Commissioner, planter | director	Spring Valley | The Borders | Dambulagalla	link	11114608	e-j-young	https://www.historyofceylontea.com/tea-planters/planters-registry/e-j-young--11114608.html
P000311	G. F. Halliley	47	1882-1884	correspondent | author of the letter | author of letter | author	Galaha estate | Clarendon | Maria	review	11112214 ; 11117445	g-f-halliley ; halliley-g-f	
P000321	Charles Young	46	1881-1911	Director | author of the letter | Director, Estate Inspector | Visiting Agent	Polatagama Estate | Polatagama | Walpola	review	11127946 ; 11127994 ; 11128598	young-c ; young-c ; c-young	
P000326	James Blackett	46	1881-1902	planter | cotton grower | owner of Jack Tree Hill estate | cotton planter	Pen-y-lan | Seaforth | Kelvin	review	11111784 ; 11112225 ; 11112983	blackett-j ; blackett-james ; blackett-james	
P000332	T. S. Dobree	46	1881-1899	Director | planter | experienced Ceylon planter | correspondent, Udugama	Barra | Sebooga Estate | Kirkoswald	link	11131940	dobree-t-s	https://www.historyofceylontea.com/tea-planters/planters-registry/dobree-t-s--11131940.html
P000333	C. A. Hay	45	1881-1896	author | author of letter | correspondent | Windsor Forest Estate	Blackwater | Windsor Forest | Koladenia Estate	review	11112495 ; 11112774	hay-c-a ; hay-c-a	
P000350	R. Morison	44	1886-1907	Director | Visiting Agent | member | Chairman of the Kalutara Planters' Association	Culloden | Heatherley | Arapolakande	review	11116164 ; 11117075	morison-r ; morison-r	
P000353	Hugh Fraser	43	1884-1910	shareholder | Managing Director | exhibitor | Managing Director and Secretary	Muendeniya | Wariapolla | Bandarapola	review	11118365 ; 11118682	hugh-fraser ; h-fraser	
P000355	James Ryan	43	1892-1911	Director | attendee | author | planter	Glenomera | Dunraven | Landerdale East	review	11112906 ; 11115319	ryan-james ; j-ryan	
P000356	W. Megginson	43	1884-1904	Director | planter | shareholder | of Carolina	Carolina | Park Estate | Concordia Estate	link	11111324	megginson-w	https://www.historyofceylontea.com/tea-planters/planters-registry/megginson-w--11111324.html
P000359	A. J. Kellow	42	1882-1920	correspondent | planter, Albion estate | author of letter | author	Hakgala Garden | Albion Estate | Henaratgoda Garden	review	11126462 ; 11126464 ; 11127989 ; 11131830	kellow-a-j ; a-j-kellow ; kellow-a-j ; a-j-kellow	
P000374	C. H. De Soysa	41	1882-1920	estate owner | planter | sender of grapes | Sinhalese capitalist	Dunedin | Ammunamulle estate | Kirkoswald	review	11111228 ; 11111229 ; 11119723 ; 11123176 ; 11123302 ; 11124036	c-h-de-soysa ; de-soysa-mrs-c-h ; c-h-de-soysa ; c-h-de-soysa ; c-h-de-soysa ; de-soysa-c-h	
P000384	D. Fairweather	40	1884-1925	Director | shareholder | author of letter | director	Sembawatte | Yataderia Estate | Matale Estate	review	11114687 ; 11117409 ; 11119379 ; 11133220	fairweather-d ; fairweather-d ; fairweather-david ; fairweather-daniel	
P000394	C. H. Bagot	39	1882-1906	member | Ceylon planter | resident Manager at St. Leonards | receive the consignment of beetles	Campion | Avisawella Estate | Friedland	review	11121974 ; 11128187 ; 11128492	bagot-c-h ; bagot-c-h ; bagot-c-h	
P000402	J. Mitchell	39	1881-1934	Organising Secretary, Rubber Research Scheme (Ceylon) | Rubber Research Scheme | Organising Secretary of the Scheme | Organizing Secretary, Ceylon Rubber Research Scheme	Culloden Estate | Djasinga Estate | Serpong Estate	review	11112162 ; 11128197	mitchell-j ; mitchell-john	
P000408	A. E. Scovell	38	1884-1902	author of letter | tea broker | of Strathellie | provisional Director	Strathellie | Carolina | Mariawatte	review	11112732 ; 11113685 ; 11121244	scovell-a-e ; scovell-a-e ; a-e-scovell	
P000418	W. D. Bosanquet	38	1882-1903	author | planter | author of the letter | conducted valuable experiments	Xoxford | Yoxford | Yoxford estate	review	11119815 ; 11126800	bosanquet-w-d ; bosanquet-w-d	
P000419	W. Turing Mackenzie	38	1881-1904	author | author of the letter | writer | proposer of London tea agency	Daisydale | Strathellie | Loolecondera	review	11118527 ; 11118764	mackenzie-w-t ; mackenzie-w-t	
P000432	Robert Thomson	37	1881-1910	author | late Superintendent | formerly Superintendent of the Chinchona Plantations, Jamaica, but now resident  | late island Botanist	Castleton Gardens | Hope | Pahsadoes	link	11114950	thomson-r	https://www.historyofceylontea.com/tea-planters/planters-registry/thomson-r--11114950.html
P000445	E. S. Anderson	35	1885-1901	Director | shareholder | director | Shareholder	Blackstone | Gallebodde | Lauderdale	link	11127641	e-s-anderson	https://www.historyofceylontea.com/tea-planters/planters-registry/e-s-anderson--11127641.html
P000451	John Buchanan	35	1883-1902	of Zomba | pioneer planter | shareholder | of Zomba, Eastern Africa	Braemore estate | Wanarajah Company Estates | Blackstone estate	link	11112787	buchanan-j	https://www.historyofceylontea.com/tea-planters/planters-registry/buchanan-j--11112787.html
P000454	W. J. Forsyth	35	1883-1898	author | planter | shareholder | formerly of Dimbula and Maturata	Los Mercedes | Rathkelle estate | El Porvenir	link	11128048	forsyth-w-j	https://www.historyofceylontea.com/tea-planters/planters-registry/forsyth-w-j--11128048.html
P000467	W. Cameron	34	1882-1941	author | raised the first cinchona seed in Ceylon | tea planter from Assam | inventor of the Cinchona Drier	Ythanside | Mariawatte | Damboolagalla	review	11112213 ; 11121832	cameron-w ; w-cameron	
P000474	C. E. Strachan	33	1884-1903	Chairman | Director | vendor | witness to tea growth	Ragalla estate | Kelburne | Gallaha	review	11112368 ; 11115992 ; 11117520 ; 11120401 ; 11121942 ; 11123548 ; 11128248	strachan-c-e ; strachan-c-e ; c-e-strachan ; mr-c-e-strachan ; chas-e-strachan ; c-e-strachan ; charles-e-strachan	
P000493	William Forbes Laurie	33	1882-1902	shareholder | Director | director | planter	Delgolla Estate | Isabel Estate | Bearwell	link	11112647	laurie-w-f	https://www.historyofceylontea.com/tea-planters/planters-registry/laurie-w-f--11112647.html
P000498	Edward Cowan	32	1906-1936	Visitor | author | present | Superintendent	Silk Farm | Tata Silk Farm | Colombo Gardens	review	11115898 ; 11131701	cowan-e ; cowan-edward	
P000506	J. C. Dunbar	32	1890-1906	Director | Chairman | client | manager of Mount Vernon Estate	St. Clair estate | Mount Vernon Estate | Channing Estate	link	11114738	dunbar-j-c	https://www.historyofceylontea.com/tea-planters/planters-registry/dunbar-j-c--11114738.html
P000515	Thomas Mackie	32	1883-1903	Director | seller of Holbrook | shareholder | planter	Great Western | Scalpa | Palmerston	review	11113699 ; 11118818 ; 11118952	mackie-t ; t-mackie ; mackie-t	
P000520	A. C. Kingsford	31	1891-1924	Chairman | recipient of the letter | Chairman of the P. A. | Chairman, Planters' Association of Ceylon	Rookwood | Indurane | Madulftenne	review	11115642 ; 11121103	kingsford-a-c ; kingsford-a-c	
P000522	Donald Mackay	31	1885-1908	Director | author | seller | correspondent, Perak	Mariawatte | Dunedin | Sembawatte	review	11120658 ; 11124013 ; 11128737	d-mackay ; d-mackay ; mackay-d	
P000525	G. H. Golledge	31	1906-1920	correspondent | member | absent member | planter	Hawthorn | Deviturai Estate | Gikiyanakanda	link	11124445	golledge-g-h	https://www.historyofceylontea.com/tea-planters/planters-registry/golledge-g-h--11124445.html
P000530	James Irvine	31	1882-1909	author | author of the letter | correspondent, Badulla | correspondent	Gowrakelle | Keenakelle | Passara	link	11113665	irvine-j	https://www.historyofceylontea.com/tea-planters/planters-registry/irvine-j--11113665.html
P000532	L. A. Wright	31	1892-1929	Member | Estate Superintendent | member | member of the Committee	Alexandra Estate | Brunswick Estate | Bloomfield	link	11123156	wright-l-a	https://www.historyofceylontea.com/tea-planters/planters-registry/wright-l-a--11123156.html
P000534	T. A. Cockburn	31	1886-1901	planter, Rathkelle estate | representative | exhibition conductor | appointed with S. Bierach in conducting the enterprise	Rathkelle estate | El Porvenir | Bola de Oro	link	11113004	cockburn-t-a	https://www.historyofceylontea.com/tea-planters/planters-registry/cockburn-t-a--11113004.html
P000536	W. B. Kingsbury	31	1893-1902	Director | director | shareholder | Chairman	Verellapatna | Doomoo | Uvakellie estate	review	11112718 ; 11116070	kingsbury-w-b ; kingsbury-w-b	
P000537	Charles Gibbon	30	1887-1925	Visitor | planter in Panwila | estate owner | estate manager/proprietor	Wiharagama estate | Kandanuwara estate | Pallekelly estate	link	11132513	gibbon-c	https://www.historyofceylontea.com/tea-planters/planters-registry/gibbon-c--11132513.html
P000543	George Beck	30	1884-1903	planter | Hony. Secy. | Hon. Secy. | correspondent	Henfold | St. Regulus | Pamanochan	review	11114955 ; 11121397 ; 11131749	g-beck ; beck-george ; beck-mrs-george	
P000545	J. R. Martin	30	1885-1908	author of contribution on cacao cultivation | author of report, Yatthewatte, Matale | reporter to Planters' Association | superintendent of Yattawatte	Yatewatte | Gonambil estate | Ukwele	review	11118799 ; 11129644	martin-j-r ; martin-j-r	
P000561	C. Tottenham	29	1882-1902	manager, Digalla | proprietor of Monerikande | residence in London | seller of Wattagalla Estate	Hope Estate | Franklands Estate | Avisawella Estate	link	11112691	c-tottenham	https://www.historyofceylontea.com/tea-planters/planters-registry/c-tottenham--11112691.html
P000563	G. S. Duff	29	1882-1902	proprietor | Manager of the Oriental Bank | purchaser | seller of Holyrood West	Helbodde | Spring Valley | Rothschild	review	11112375 ; 11117559	duff-g-s ; duff-g-s	
P000576	P. R. Shand	29	1881-1943	visitor | exhibitor | Honorary Secretary of the Nawalapitiya Branch | tea exhibitor	Blackstone Estate | Strathellie | Dunedin Estate	review	11111809 ; 11112257	shand-p-r ; shand-p-r	
P000589	Edmund Woodhouse	28	1884-1899	author | correspondent | potential buyer of tea boxes | author of the article	Hope Estate | Holmwood Estate | Sandringham	review	11112951 ; 11128924	woodhouse-e ; woodhouse-e	
P000602	R. C. Scott	28	1881-1945	Chairman, Planters' Association of Ceylon | Director | Member | visitor	St. Coombs Estate | Kowlahena | Mattakelle	link	11122469	scott-r-c	https://www.historyofceylontea.com/tea-planters/planters-registry/scott-r-c--11122469.html
P000604	R. S. Fraser	28	1884-1913	importer of silkworm eggs | planter, Kandenuwera and Wariapolla | estate owner | delivered favourable verdict	Wariapolla | Blackstone estate | Awisawella estate	review	11119075 ; 11128913 ; 11129795	fraser-r-s ; r-s-fraser ; fraser-r-s	
P000613	A. M. Ferguson Jr.	27	1882-1892	planter, Abbotsford | present at meeting | sent leaves to Mr. Marshall Ward | correspondent	Abbotsford | Upper Abbotsford | Abbotsford Estate	review	11111944 ; 11126330 ; 11127221 ; 11131688	ferguson-a-m ; ferguson-a-m ; mrs-a-m-ferguson ; ferguson-mrs-a-m	
P000621	F. L. Clements	27	1886-1909	Director | presiding | respondent to questions | committee member	Brownlow | Glassaugh | Hayes Group	link	11114690	clements-f-l	https://www.historyofceylontea.com/tea-planters/planters-registry/clements-f-l--11114690.html
P000635	R. W. Harrison	27	1902-1912	Director | planter | planter, Klang | manager of the estate	Culloden | Culloden Estate | Vogan Estate	review	11124222 ; 11129169	harrison-r-w ; harrison-r-w	
P000636	T. H. Hill	27	1891-1903	formerly of Matale | Ceylon planter, Pioneer Planter | representative of Weld's Hill estate | author of letter and tables	Weld's Hill | Batu Caves | Beverlac	link	11118710	hill-t-h	https://www.historyofceylontea.com/tea-planters/planters-registry/hill-t-h--11118710.html
P000654	James D. Watson	26	1882-1903	author | author of the letter | author of letter | of The Duke Model Estate, Tavoy	Model Duke Estate | Ardallie Estate | The Duke Model Estate	link	11132011	watson-j-d	https://www.historyofceylontea.com/tea-planters/planters-registry/watson-j-d--11132011.html
P000669	G. A. Cruwell	25	1881-1901	planter | author | hunter | Ceylon planter	New Galway | Abbotsford | Agnieta	link	11114889	cruwell-g-a	https://www.historyofceylontea.com/tea-planters/planters-registry/cruwell-g-a--11114889.html
P000672	H. C. Byrde	25	1891-1909	Planter, Ceylon | Estate proprietor | Planter and merchant in Ceylon; Deputy Lieutenant and J.P. for Co. Monmouth | Commandant of Kandy; 16th Regiment	Sinnapittia | Mariawatte | Black Forest Estate	review	11123965 ; 11124104 ; 11128271	byrde-h-c ; col-h-c-byrde ; byrde-h-c	
P000673	H. Storey	25	1897-1933	member | visitor | planter | Manager	Warakamure Estate | Warakamure | Morankande	link	11128854	storey-h	https://www.historyofceylontea.com/tea-planters/planters-registry/storey-h--11128854.html
P000691	Charles Northway	24	1897-1940	exhibitor | planter, Deviturai | rubber planter, Devuturai | rubber planter	Eagles Land | Deviturai estate | Orion estate	link	11117948	northway-charles	https://www.historyofceylontea.com/tea-planters/planters-registry/northway-charles--11117948.html
P000707	Percy N. Braine	24	1883-1915	author of letter | author of the letter | collector of silk-producing moths | friend, supplier of mulberry plants	Hakgala Garden | Anurádhapura Garden | Peradeniya Gardens	link	11114024	braine-p-n	https://www.historyofceylontea.com/tea-planters/planters-registry/braine-p-n--11114024.html
P000711	W. S. Bennett	24	1885-1903	Director | purchaser | Chairman | owner of Riverside estate	Riverside | Karagastalawa | Forest Land	review	11114253 ; 11126028	bennett-w-s ; w-s-bennett	
P000714	William Sabonadiere	24	1881-1902	author | planter | author of letter | old planter	Arntully | Delta | Milli-cent	review	11112706 ; 11128909	sabonadiere-w ; w-sabonadiere	
P000715	A. G. Baynham	23	1927-1934	Member of the Board | Board member | reviewer | representative, Planters' Association of Ceylon	St. Coombs Estate | St. Coombs | St. Coombs Factory	link	11130200	baynham-a-g	https://www.historyofceylontea.com/tea-planters/planters-registry/baynham-a-g--11130200.html
P000737	L. Davidson	23	1890-1910	member | member present | Director | Superintendent of the Gikyanakande Tea Estate, Ceylon (Resident Director in Ceyl	Gikinyanakanda | Gikyanakande Tea Estate | Blackwater Tea Estate	review	11123653 ; 11123980	davidson-l ; davidson-l	
P000750	William Taylor	23	1881-1920	Manager | shareholder | M.D., of the A. B. C. F. M. Mission, Osaka, Japan | commission agent, York-street, Glasgow	Barnagalla | Raxawa | Craighead	link	11114274	taylor-w	https://www.historyofceylontea.com/tea-planters/planters-registry/taylor-w--11114274.html
P000767	J. A. Rogers	22	1924-1944	Superintendent | Superintendent, St. Coombs | visitor | labour manager	St. Coombs Estate | St. Coomb's Estate | St. Coombs	link	11118311	rogers-j-a	https://www.historyofceylontea.com/tea-planters/planters-registry/rogers-j-a--11118311.html
P000777	Peter Moir	22	1882-1903	planter | Director | director | planter, Managing Director of the Rajawella Estates Company	Eskdale Estate | Liddesdale Estate | St. Leonards	review	11118544 ; 11118546	moir-p ; moir-p	
P000778	R. B. Downall	22	1881-1904	planter | writer | former owner of Haputale estates | planter in Uva	Spring Valley | Kirkoswald | The Borders	review	11112705 ; 11115927	r-b-downall ; r-b-downall	
P000798	F. J. Holloway	21	1901-1934	author of letter | author of report on Para rubber | planter | acting member	Kepitigalla Estate | Keppitigalla | Delwita Estate	link	11116983	holloway-f-j	https://www.historyofceylontea.com/tea-planters/planters-registry/holloway-f-j--11116983.html
P000800	G. A. Dick	21	1881-1906	estate proprietor | plantation owner | Manager of Kirklees and Gampaha | Chairman, Uda, pussellawa Association	Drayton | Palmerston | Whitney	review	11115229 ; 11132205 ; 11132354	dick-g-a ; dick-g-a ; g-a-dick	
P000801	G. K. Newton	21	1892-1945	Member of the Board | Chairman, Planters' Association of Ceylon | visitor | Member	St. Coombs Estate | St. Coombs | Waltrim Estate	link	11130857	newton-g-k	https://www.historyofceylontea.com/tea-planters/planters-registry/newton-g-k--11130857.html
P000803	George Bird	21	1885-1911	planter | first of Ceylon Coffee planters | opened lands at Gampola | Planter, Sinnapitia	Gangarooa | Brockenhurst Plantation | Queen's House	link	11132924	george-bird	https://www.historyofceylontea.com/tea-planters/planters-registry/george-bird--11132924.html
P000821	P. D. Millie	21	1881-1901	correspondent | correspondent, Edinburgh | old Ceylon planter | author of letter	Kaipooqalla | Medakumbura | Bogahawatte	link	11129005	millie-p-d	https://www.historyofceylontea.com/tea-planters/planters-registry/millie-p-d--11129005.html
P000833	Andrew Nicol	20	1882-1911	planter | pioneer of Rangala | pioneer of coffee and coconut planting, founder of mercantile house in Colombo | Tropical Agriculturist Portrait Gallery, No. VI	Battegalla | Duckwari | Stubton estate	review	11112760 ; 11113511 ; 11128713 ; 11129050	nicol-a ; nicol-andrew ; nicol-a ; a-nicol	
P000846	J. Alexander	20	1882-1897	shareholder | exhibitor | correspondent | gentleman of the planting community	New Forest | Gallebodde | Blackstone	review	11129142 ; 11132236	alexander-james ; alexander-j	
P000848	J. R. Fairweather	20	1889-1909	shareholder | Provisional Director | shareholder, Superintendent of Estates | Director	Yataderia Estate | Ratwatte Estate | Northbrook Estate	link	11121697	fairweather-j-r	https://www.historyofceylontea.com/tea-planters/planters-registry/fairweather-j-r--11121697.html
P000852	R. C. Wright	20	1882-1912	purchaser | Director, Deaculla, Maputale | Chairman | Ceylon planter, formerly of Deaculla estate	Exmouth | Hillside | Ury	review	11111804 ; 11122445	r-c-wright ; ross-wright-c	
P000853	R. Davidson	20	1887-1910	Director | attorney, shareholder | shareholder | shareholder representative	Glencairn estate | Macduff estate | Uralindatenne	review	11114954 ; 11115700 ; 11125077	davidson-r ; robt-davidson ; davidson-robert	
P000860	W. J. Smith	20	1896-1906	Director | director | elected to the vacancy on the Board | proposed Director	Polatagama estate | Walpola estate | Rondura estate	review	11121212 ; 11128462	smith-w-j ; smith-w-j	
P000864	William Rollo	20	1885-1904	Director | visitor to Ceylon | visiting agent, Ceylon Company, Limited | Visiting Agent of the Ceylon Company	St. Leonards | Liddesdale | Eskdale	review	11114325 ; 11123753	w-rollo ; rollo-william	
P000872	Alexander Brown	19	1882-1896	took an active part in this operation | Secretary of the Planters' Association | author of Planters' Manual | late, identified with Ceylon Planters' Association	Monerarakande estate | Kahagalla estate | Lindula	review	11113359 ; 11114286	brown-a ; brown-a	
P000891	Harcourt Skrine	19	1890-1901	witness, Osborne estate | defendant in previous case | owner of Osborne Estate, Dikoya | potential witness	Osborne estate | Looconconda estate | Loolecondura	link	11114696	skrine-h	https://www.historyofceylontea.com/tea-planters/planters-registry/skrine-h--11114696.html
P000894	J. Huntley Thring	19	1887-1899	Managing Director | Director | director | subscriber, Alford Castle, Carey, Somersett	Pathragalla | Peacock Hill | Keenakelle	link	11118138	thring-j-h	https://www.historyofceylontea.com/tea-planters/planters-registry/thring-j-h--11118138.html
P000935	H. A. Gilliat	18	1882-1884	author of the letter | author | manager, Peradeniya Estate | planter and speaker	Peradeniya estate | Gonambil Estate | Goonambil estate	link	11114472	gilliat-h-a	https://www.historyofceylontea.com/tea-planters/planters-registry/gilliat-h-a--11114472.html
P000946	John Martin	18	1885-1909	planter | member of Sub-Committee | planter, Mount Vernon | exile	Mount Vernon | Logie | Craigie Lea	review	11111232 ; 11112929 ; 11112931	martin-john ; martin-j ; j-martin	
P000947	Keith Rollo	18	1885-1917	Director | director | planter | Shareholder	Norwood | Strathdon | Darawella	review	11112051 ; 11118425	k-rollo ; rollo-keith	
P000959	R. P. Macfarlane	18	1886-1899	Director | planter, Cannavarella estate | director | recipient of lithograph forms	Nahavilla | Cannavarella estate | Oetumbe	link	11112762	macfarlane-r-p	https://www.historyofceylontea.com/tea-planters/planters-registry/macfarlane-r-p--11112762.html
P000972	Tom Gray	18	1881-1902	author | inventor of sifting method | individual who ordered to grow a sucker on coffee stumps | ex-Ceylon resident	Bunyan | Ovoca | Eländale	link	11123146	gray-mrs-t	https://www.historyofceylontea.com/tea-planters/planters-registry/gray-mrs-t--11123146.html
P000989	C. B. Smith	17	1882-1904	Director | shareholder | owner of Badulla property | tea estate owner, managing director in England	Asgeria | Dandukelawa | Doombagastalawa	review	11111504 ; 11112479	c-b-smith ; c-b-smith	
P000992	Channing Esdaile	17	1886-1911	planter | proprietor of Verellapattina | author | visitor	Shawlands | Letchamiatte | Hanipha	link	11111297	esdaile-c	https://www.historyofceylontea.com/tea-planters/planters-registry/esdaile-c--11111297.html
P000999	F. H. Layard	17	1908-1938	member | Member | Board member | Vice-President	Nivitigalakele | Dartonfield | Culloden	link	11122702	layard-f-h	https://www.historyofceylontea.com/tea-planters/planters-registry/layard-f-h--11122702.html
P001035	M. H. Thomas	17	1881-1911	purchaser | capitalist | tea planter | observer of snake incident	Exmouth | Hillside | Dunedin tea estate	link	11115310	thomas-m-h	https://www.historyofceylontea.com/tea-planters/planters-registry/thomas-m-h--11115310.html
P001045	Thomas Wood	17	1890-1903	planter | manager | representing Uva | Manager of Spring Valley Estate	Spring Valley | Haputale | Kottagodde	review	11112484 ; 11133102	wood-thomas ; wood-t	
P001047	W. Bowden Smith	17	1892-1901	London Agent | Partner in Sabonadière & Co. | Owner of Ramboda | Planter, Visiting Agent and Merchant, M.L.C., J.P.	Delta | Choisy | Sarnia	link	11113214	w-b-smith	https://www.historyofceylontea.com/tea-planters/planters-registry/w-b-smith--11113214.html
P001058	A. T. Rettie	16	1888-1909	Manager of Spring Valley | friend of the author | planter | Manager	Spring Valley | Kirkoswald | The Borders	link	11112766	rettie-a-t	https://www.historyofceylontea.com/tea-planters/planters-registry/rettie-a-t--11112766.html
P001080	Giles Walker	16	1882-1903	observer at Bogawantalawa | provider of statistics | observer of stars and temperature | authority on coffee cultivation	Xoxford	link	11119371	walker-g	https://www.historyofceylontea.com/tea-planters/planters-registry/walker-g--11119371.html
P001082	H. O. Hoseason	16	1887-1908	Director | management of estate | committee member | Member of the Thirty Committee	Wiharagama estate | Kandanuwara estate | Pallekelly estate	link	11111541	hoseason-h-o	https://www.historyofceylontea.com/tea-planters/planters-registry/hoseason-h-o--11111541.html
P001101	Norman Stewart	16	1889-1903	Director | Member of the Board | member of the Board | planter	Spring Valley | Abbotsford | Oolanakande estate	link	11117037	stewart-norman	https://www.historyofceylontea.com/tea-planters/planters-registry/stewart-norman--11117037.html
P001118	A. C. White	15	1889-1901	partner in Colombo firm | purchaser | proprietor | seller	Spring Valley | Battegalla | Mount Vernon	link	11112363	white-a-c	https://www.historyofceylontea.com/tea-planters/planters-registry/white-a-c--11112363.html
P001120	A. J. Stephens	15	1881-1901	expert on coffee leaf disease | formerly of Ceylon | Assisted Dr. McGregor in experiments | planter, Alpha Estate	Alpha Estate | Cooroondoowatta | Great Amalgam	link	11115793	stephens-a-j	https://www.historyofceylontea.com/tea-planters/planters-registry/stephens-a-j--11115793.html
P001138	D. M. Salmond	15	1897-1908	Superintendent | Superintendent of Mariawatte | planter, Maria-watte tea estate, Gampola, Ceylon | Manager of Mariawatte	Hope Estate | Franklands Estate | Avisawella Estate	review	11114321 ; 11118145 ; 11125326	salmond-d-m ; salmond-d-m ; salmond-d-m	
P001141	E. H. Edwards	15	1882-1906	old Ceylon planter | author | formerly of Rangala and Madulisma, but now of the Seychelles | author, former Ceylon coffee planter	Government Garden | Rangala | Madulisma	link	11129062	edwards-e-h	https://www.historyofceylontea.com/tea-planters/planters-registry/edwards-e-h--11129062.html
P001147	F. R. Sabonadiere	15	1883-1903	veteran Ceylon planter and merchant | Manager in Ceylon | potential source of information | pioneer of the colony	Delta | Spring Valley | Glenloch	link	11111127	f-r-sabonadiere	https://www.historyofceylontea.com/tea-planters/planters-registry/f-r-sabonadiere--11111127.html
P001150	G. M. Crabbe	15	1895-1906	planter in Ceylon, bound for Nyassaland | interviewee, coffee planter | superintendent of Nyassaland Coffee Co.'s property in Milanji | resigned position owing to ill-health	Landerdale estate | Combe Hay | Buchanans' property	review	11130040 ; 11131062	crabbe-g-m ; crabbe-g-m	
P001165	J. Fraser	15	1888-1913	correspondent | member | suffering from drinking strong tea | Resident in Ceylon	Abbotsford | Glen Brittle estate | Peradeniya Gardens	review	11111433 ; 11111595 ; 11115163 ; 11118707 ; 11120850 ; 11122533	fraser-john ; fraser-j ; fraser-j ; fraser-joseph ; fraser-jos ; fraser-jas	
P001173	John Gordon	15	1885-1906	Estate Inspector | Director | late, of Ceylon | Superintendent	Ampittikande | Arnhall | Fruit Hill	review	11112153 ; 11132208 ; 11132357	gordon-john ; gordon-j ; gordon-j	
P001234	D. E. Hamilton	14	1882-1943	Chairman, Planters' Association of Ceylon | former Acting Chairman of the Planters' Association of Ceylon | Former Chairman, Planters' Association of Ceylon | Former member of the Board	St. Coombs Estate | Peradeniya Gardens | Kowlahena Estate	link	11117157	hamilton-d-e	https://www.historyofceylontea.com/tea-planters/planters-registry/hamilton-d-e--11117157.html
P001268	John Walker	14	1885-1902	visitor to Ceylon | of Homebush, former proprietor | founder of Bon Accord Iron Works | designer, founder of Messrs. John Walker & Co.	Rookwood | Goorokoya | Lozie	review	11111927 ; 11112725 ; 11112730	walker-john ; walker-j ; walker-j	
P001281	P. R. May	14	1933-1943	Visiting Agent | Board member | Manager, Dalkeith Group | Member	Nivitigalakele | Dartonfield | Dartonfield Estate	link	11121944	may-p-r	https://www.historyofceylontea.com/tea-planters/planters-registry/may-p-r--11121944.html
P001352	J. G. Macfarlane	13	1884-1897	exhibitor | Member | collector of specimens | prize winner	Blackstone | Cannaverella | St. Andrew's estate	review	11122686 ; 11132779	macfarlane-j-g ; j-g-macfarlane	
P001357	J. M. MacMartin	13	1892-1904	director | Director | individual | director, Ardross Estate, Ceylon (vendor)	Ederapolla | Ardross | St Helens	link	11121005	macmartin-j-m	https://www.historyofceylontea.com/tea-planters/planters-registry/macmartin-j-m--11121005.html
P001359	J. P. Anderson	13	1886-1909	Director, Estate Inspector | Visiting Agent | author | subscriber, Dolosbage	Scalpa Estate | Nahalma Tea Estate | Ruanawella Estate	link	11116400	j-p-anderson	https://www.historyofceylontea.com/tea-planters/planters-registry/j-p-anderson--11116400.html
P001368	James Wright	13	1882-1928	of Kandaloja | visitor | predecessor of John Martin | Veteran planter, Dimbula district	Union | Niagara | Abbotsford estate	review	11112941 ; 11119235 ; 11121454 ; 11123927	j-wright ; j-wright ; wright-mrs-j ; wright-james	
P001371	John Drummond	13	1881-1901	correspondent | sender of cacao pod | writer | subscriber, Dolosbage	Barnagalla | Stanmore Hill | Havilland	review	11111932 ; 11112088	drummond-john ; drummond-j	
P001372	John Wilson	13	1887-1918	Director | present at conference | planter | signatory of memorandum	Nilambe | Sarnia | Peradeniya Gardens	review	11117995 ; 11126752	wilson-j ; sir-j-wilson	
P001381	R. B. Arthur	13	1881-1903	planter, Kirkoswald | correspondent | of Dikoya, suggested the work | tea planter, Aberdeen	Kirkoswald | Kirkoswald Estate | Letchamiatte	link	11114546	arthur-r-b	https://www.historyofceylontea.com/tea-planters/planters-registry/arthur-r-b--11114546.html
P001395	T. Fairhurst	13	1885-1903	land applicant | proprietor of Ferham and St. Andrews estates | Ceylon tea proprietor, owner of Ferham and St. Andrew's estates | Speaker on Oolongs	Ferham estate | Ferham | St. Andrews	review	11113577 ; 11119277	fairhurst-t ; t-fairhurst	
P001401	W. H. Cowley	13	1888-1904	author of letter | Ceylon planter, German East Africa | planter in German East Africa | ex-Ceylon planter	Strathellie | Opalgalla | Derema	review	11115778 ; 11127167	cowley-w-h ; cowley-w-h	
P001413	A. Brown	12	1892-1903	author of sketch of knife used at Gubat | defendant | friend of the author | former owner of Angamone	Glenfruen Estate | Bearwell estate | Henfold	review	11113359 ; 11114286	brown-a ; brown-a	
P001436	E. D. Harrison	12	1896-1942	Director | valuer | Estate Inspector | late holder of estate	Rayigam Estate | Uda-pola estate | Seremban Estate	link	11123943	harrison-e-d	https://www.historyofceylontea.com/tea-planters/planters-registry/harrison-e-d--11123943.html
P001437	E. H. Skrine	12	1882-1901	author of letter | correspondent | member of the Committee | defendant, Osborne estate, Dikoya	Claverton | Castlerea | Osborne estate	link	11114697	skrine-e-h	https://www.historyofceylontea.com/tea-planters/planters-registry/skrine-e-h--11114697.html
P001447	G. F. Deane	12	1890-1910	Manager | witness, Dmbetenne | Manager of Loole Condura | Manager of Loolecondra estate	Looleconda | Mariawatte | Osborne estate	review	11120474 ; 11120594	deane-g-f ; deane-g-f	
P001468	J. A. Campbell	12	1881-1913	selected trees for analysis | member of the planting community | planter | sent samples of bark from Ceylon	Waltrim | Mattakelly Estate | Mahanilu	link	11117448	j-a-campbell	https://www.historyofceylontea.com/tea-planters/planters-registry/j-a-campbell--11117448.html
P001477	J. R. W. Pigott	12	1889-1908	Asst. Administrator, Imperial British East Africa Co. | formerly of Dikoya and Matala | Acting Administrator | ex-Ceylon planter, representative of the Company	Glen Falloch | Aluwihare | Abbotsford estate	link	11128346	pigott-j-r-w	https://www.historyofceylontea.com/tea-planters/planters-registry/pigott-j-r-w--11128346.html
P001479	James Hill	12	1886-1906	Director | signatory | shareholder | Provisional Director	Rosita | Matala Estate | Matale Estate	review	11114629 ; 11117438 ; 11119806	hill-j ; james-hill ; hill-james	
P001529	W. G. Sandison	12	1883-1895	author | planter, Rakwana, Maskeliya, and Kuruvitte | donor of seeds or plants | planter, Sana estate	Sana | Sana Estate | Hayes estate	link	11121618	sandison-w-g	https://www.historyofceylontea.com/tea-planters/planters-registry/sandison-w-g--11121618.html
P001533	W. N. Tisdall	12	1898-1912	Manager of the estate | V.A. to Blackwater | present at the meeting | member of the Committee	Seafield | Vallambrosa | Deviturai Estate	review	11119259 ; 11124274	tisdall-w-n ; tisdall-w-n	
P001557	C. E. Welldon	11	1883-1929	donor of seeds or plants | Honry. Secretary | Dimbula planter | Ceylon planter	Peradeniya Garden | Hakgala Garden | Henaratgoda Garden	link	11119676	welldon-c-e	https://www.historyofceylontea.com/tea-planters/planters-registry/welldon-c-e--11119676.html
P001562	C. O. Naftel	11	1888-1904	Pussellawa planter, Visiting Agent to Messrs. Cumberbatch & Co., late Inspector  | late Inspector of Plantations in Ceylon | author of report | gentleman in Mexico	Bona Vista | Emelia | St. Arment	link	11129046	naftel-c-o	https://www.historyofceylontea.com/tea-planters/planters-registry/naftel-c-o--11129046.html
P001566	Charles Byrde	11	1883-1897	of Ambalangoda | accompanying Mr. Bettison | veteran, purchaser of coconut estates | purchaser of the estates	Bellevue | Elston | Mipitiakande estate	link	11120672	c-byrde	https://www.historyofceylontea.com/tea-planters/planters-registry/c-byrde--11120672.html
P001585	G. D. Miller	11	1887-1899	correspondent | owner of Rajakaduluwa estate | planter, Rajakadaluwa | pioneer, European planter	Rajakaduluwa estate | Toynbee plantation | Sittamadam	link	11115185	miller-g-d	https://www.historyofceylontea.com/tea-planters/planters-registry/miller-g-d--11115185.html
P001624	James Polson	11	1897-1904	Director | Director, Estate Inspector | Shareholder represented by Proxy | director	Agra Ouvah | Fankerton | Bloomfield	review	11125866 ; 11125867 ; 11132142 ; 11132267	polson-j ; polson-j ; polson-j ; polson-james	
P001629	John Gavin	11	1888-1902	old Ceylon planter | Tropical Agriculturist Portrait Gallery, No. VIII | Planter and Merchant, head of Keir, Dundas & Co. | planter, Kandy	Rajawella | Galoya estate | Uplands	link	11118592	j-gavin	https://www.historyofceylontea.com/tea-planters/planters-registry/j-gavin--11118592.html
P001633	John Stephens	11	1882-1902	resident of the Diggings, near Gampola | of Gampola | planter, Dolosbage | resident in Dolosbage	Meddekumbara Estate | Gonavy | Kondasalle	review	11112099 ; 11112411	stephens-john ; stephens-j	
P001674	W. B. Jackson	11	1883-1909	estate manager | speaker on cinchona shaving | Sub-Committee member | of Agrapatana	Hauteville | Abbotsford | Namuoya estate	review	11113724 ; 11117516	jackson-w-b ; jackson-w-b	
P001681	W. M. Hall	11	1888-1915	Manager | member | manager of the Galaha Factory | P.W.D.	Galaha Factory | Loolcondura estate | Rajakaduluwa estate	review	11111314 ; 11117885	hall-w-m ; hall-w-m	
P001695	A. J. Campbell	10	1881-1910	Naturalist | in charge of carriages and vehicles | winner, Surreys | Superintendent of Experimental Plantations	Gapis Estate	link	11114215	campbell-a-j	https://www.historyofceylontea.com/tea-planters/planters-registry/campbell-a-j--11114215.html
P001724	Donald Stewart	10	1882-1921	owner of Hanchi Betta estate | "King of Coorg" | late Mr., planter | superintendent of Madulkelly, subsequently King of Coorg	Pallikerry | Hunchi Betta | Hanchi Betta	link	11114350	stewart-d	https://www.historyofceylontea.com/tea-planters/planters-registry/stewart-d--11114350.html
P001728	E. C. Byers	10	1885-1899	owner of Letchamiatte | proprietor | estate owner | pioneer of coffee planting in Badulla	New Forest | Kottagodde | Spring Valley	link	11111462	byers-e-c	https://www.historyofceylontea.com/tea-planters/planters-registry/byers-e-c--11111462.html
P001735	E. H. Cameron	10	1881-1898	exhibitor, Ceylon | cinchona bark | correspondent, Agra Patana | planter	Loocondera Estate | Windsor Forest Estate | Blackstone Estate	review	11112155 ; 11115347 ; 11118106 ; 11118107	cameron-e-h ; cameron-mrs-e-h ; cameron-e-h ; cameron-mrs-e-h	
P001739	E. Scott	10	1893-1908	Director | Nominated Member, North-Western Province | cacao planter, Morankanda | purchaser	Orion | Forres and Warburton | Vellekande	review	11112003 ; 11123659	scott-e ; scott-edmund	
P001783	J. F. Baker	10	1881-1899	Director | coffee, silver, Polwatte Mills, Yakkabendakelle Estate | proprietor of the land | Agent and Secretary	Rookwood | Lonmay | Olliphant	link	11119821	j-f-baker	https://www.historyofceylontea.com/tea-planters/planters-registry/j-f-baker--11119821.html
P001789	J. Roydon Hughes	10	1881-1907	author of letter | respondent to questions | authenticated the yield figures | signatory, Dimbula estate, Kotagala	Ambegamuwa | Galbodde | Mariawatte Estate	review	11112316 ; 11130871	hughes-j-r ; hughes-j-r	
P001800	John Tilly	10	1882-1917	author | Chairman | Jur. | resident of Talawakele	Ardween estate | Hakgala Botanical Gardens | Dimbula Felix	review	11112426 ; 11114914 ; 11118183 ; 11128097 ; 11128606	tilly-j ; j-tilly ; tilly-miss-j ; tilly-j ; tilly-john	
P001831	S. L. Harries	10	1889-1903	shareholder | Director | Visiting Agent | director	Northbrook Estate | Matalawa Estate | Yataderia Estate	review	11119502 ; 11122365	harries-s-l ; s-l-harries	
P001878	Alexander Stevenson	9	1885-1904	Director | owner of Dimbula properties | Managing Director | shareholder	Agra Ouvah | Frankerton | Pansalattenne	link	11113565	stevenson-a	https://www.historyofceylontea.com/tea-planters/planters-registry/stevenson-a--11113565.html
P001881	Andrew Polson	9	1888-1903	Tea Planter and Importer, Glasgow | Ceylon planter, Director of the Indian Tea Bazaars Co. Ltd. | Chairman | Agent for the Acme Tea Chest Syndicate, Ltd.	Monerakande estate | Mousakelle estate | Moragahagalla estate	link	11113696	polson-a	https://www.historyofceylontea.com/tea-planters/planters-registry/polson-a--11113696.html
P001889	C. E. Weldon	9	1885-1908	experienced tea planter | member | first subscriber and Director | Managing Director	Alton Estate | Beaconsfield Estate | Blairavon Estate	link	11119683	weldon-c-e	https://www.historyofceylontea.com/tea-planters/planters-registry/weldon-c-e--11119683.html
P001891	C. J. Bayley	9	1895-1907	managing committee member | committee member | Member of deputation | present at meeting	Pedro estate | Nonpareil estate | Abbotsford	link	11126632	bayley-c-j	https://www.historyofceylontea.com/tea-planters/planters-registry/bayley-c-j--11126632.html
P001905	D. Clement de Silva	9	1898-1921	Chief Clerk of New Peradeniya Estate | Examiner | took Estate Accounts | Accounts Clerk of New Peradeniya Estate	New Peradeniya Estate | Irene Estate | Irene Hostel	link	11123134	de-silva-d-c	https://www.historyofceylontea.com/tea-planters/planters-registry/de-silva-d-c--11123134.html
P001917	Duncan W. H. Skrine	9	1882-1903	attendee | author of letter | correspondent | seller of Warleigh estate	Warleigh | Elkaduwa | Aliwetenatenne	review	11111188 ; 11125878	d-w-h-skrine ; skrine-d-w-h	
P001921	E. Hamilton	9	1898-1909	Director | party to agreement | retiring Director | attendee	Craighead Estate | Cholankander Estate | Pandamaram	link	11115559	hamilton-ernest	https://www.historyofceylontea.com/tea-planters/planters-registry/hamilton-ernest--11115559.html
P001942	G. C. R. Norman	9	1895-1904	Superintendent | estate Superintendent | Superintendent on the estate | superintendent on the estate	Oolapane estate	link	11114621	norman-g-c-r	https://www.historyofceylontea.com/tea-planters/planters-registry/norman-g-c-r--11114621.html
P001980	J. Armitage Ogden	9	1895-1906	Director | Estate Superintendent | shareholder | testimonia provider	Kirklees Estate | Poyston Estate | Kalline Estate	review	11132194 ; 11132230	ogden-j-armitage ; ogden-j-a	
P001995	James Bett	9	1888-1901	correspondent | owner of Ederapolla | director, Ederapolla Estate, Ceylon (vendor) | Director, Ederapolla estate, Ceylon (Vendor)	Ardross | Channing Estate | Sandringham	link	11123567	bett-j	https://www.historyofceylontea.com/tea-planters/planters-registry/bett-j--11123567.html
P001997	James Sangster Martin	9	1888-1900	planter | Estate manager | Resident Manager | Relative of Mr. Nicol	Battegalla | Hoolankande | Brae	link	11127531	j-s-martin	https://www.historyofceylontea.com/tea-planters/planters-registry/j-s-martin--11127531.html
P001999	John Aymer	9	1889-1904	Chairman | Honorary Secretary, Dolosbage and Yakkessa Association | Hony. Secretary Dolosbage and Yakdessa Association | Director	Detenagalla Estate | Benveula Estate | Henfold	review	11113383 ; 11113512	aymer-j ; john-aymer	
P002002	John Tyndall	9	1885-1900	resident of Glenloch | former owner of Glenloch estate | veteran | author of letter	Riverside estate | Nithsdale estate | Glenloch estate	link	11114060	tyndall-j	https://www.historyofceylontea.com/tea-planters/planters-registry/tyndall-j--11114060.html
P002003	Jonathan Duncan	9	1895-1897	planter | Committee | of Upper Mudi Estate, Blantyre | lay member and horticulturist, Church of Scotland Mission	Blantyre Mission | Zomba Mission | Blantyre garden	link	11115719	duncan-j	https://www.historyofceylontea.com/tea-planters/planters-registry/duncan-j--11115719.html
P002010	L. B. H. Dickenson	9	1893-1898	cacao planter, Matale | employer of Mr. Carruthers | proprietor of Wariapola | of Wariapola	Orion | Kandenuwara | Wariapolla	link	11128884	dickenson-l-b-h	https://www.historyofceylontea.com/tea-planters/planters-registry/dickenson-l-b-h--11128884.html
P002062	Sholto Skrine	9	1883-1903	speaker | speaker reading Mr. Shand's remarks | tea planter, Dikoya | speaker on the Kerosene oil duty	Rookwood | Gallebodde | Dunedin	link	11114479	skrine-s	https://www.historyofceylontea.com/tea-planters/planters-registry/skrine-s--11114479.html
P002098	A. E. Byrde	8	1898-1917	caretaker of Agra Tea Estate Co. property | fish curer | Chief Irrigation Inspector | author	Maskeliya Estate | Passekudah Estate | High Forest Estate	link	11111478	byrde-a-e	https://www.historyofceylontea.com/tea-planters/planters-registry/byrde-a-e--11111478.html
P002135	C. M. B. Wilkins	8	1897-1911	Applicant | Acting Superintendent of Mariawatte | operator at Hunupitiya Mills | Attendee	Mariawatte | Sinnapitiya | Bukande	review	11111731 ; 11119849	c-m-b-wilkins ; c-m-b-wilkins	
P002144	Charles S. Hadden	8	1885-1902	planter | Pioneer planter and proprietor | proprietor | uncle of Bannerman's wife	Weygalla | Kotiyagalla | Halgalla	review	11114944 ; 11115640	c-s-hadden ; hadden-c-s	
P002162	E. J. Martin	8	1885-1902	exhibitor | planter, Avisawella | reporter, formerly of the Kelani Valley | planter	Monica | Gallebodde | Blackstone	link	11121063	martin-e-j	https://www.historyofceylontea.com/tea-planters/planters-registry/martin-e-j--11121063.html
P002176	F. J. Hadden	8	1898-1898	member of Committee | Pioneer planter and proprietor | Pioneer planter | planter	Weygalla | Kotiyagalla | St. Leonards' Estate	review	11114946 ; 11121137	hadden-f-j ; frank-j-hadden	
P002184	F. W. Byrde	8	1885-1906	planter | companion on walk | purchaser | purchaser of the estates	Bellevue | Talawa Estate | Penrith Estate	review	11112276 ; 11120681	byrde-f-w ; f-w-byrde	
P002196	G. M. Ballardie	8	1884-1902	temporary manager in Ceylon | witness to tea growth | member, Kandy | friend of the author	Abbotsford estate | Blackstone estate | Carolina estate	review	11111288 ; 11127863	ballardie-g-m ; ballardie-g-m	
P002221	H. M. Philby	8	1886-1902	committee member | planter of Cocoawatte estate | planter, Cocoawatte | resident of Cocoawatte	Cocoawatte | Hopton | Parsloes	review	11116163 ; 11116991	philby-h-m ; h-m-philby	
P002231	J. B. Cotton	8	1899-1904	Estate Superintendent, Dammeria | Chairman | Committee member, Auditor | of Dammeria	Battawatte | Dammeria | Gampaha	review	11112922 ; 11127046 ; 11129270 ; 11129322 ; 11129356 ; 11132788	cotton-j-b ; cotton-j-b ; cotton-j-b ; cotton-j-b ; cotton-j-b ; j-b-cotton	
P002252	John Ashington Thompson	8	1893-1928	Tea Planter, Calcutta | tea planter | Inventor of the Patent Tea Pluckers | inventor and patentor of the patent pluckers	Salgunga Tea Estate | Dikoya Estate | Dikoya estate	link	11120306	thompson-capt-j-a	https://www.historyofceylontea.com/tea-planters/planters-registry/thompson-capt-j-a--11120306.html
P002254	John Cox	8	1883-1891	Chairman, Travancore Planters' Association | writer from Nagercoil | tea planter | retiring Chairman	Seafield estate | Comnudi estate | Ponmudi	review	11118763 ; 11118939	cox-j ; j-cox	
P002314	R. K. Clark	8	1896-1906	Estate Inspector | Estate Superintendent | Director | master mariner, Calcutta	Agra Ouvah | Fankerton | Frankerton	review	11112179 ; 11122748	clark-r-k ; clark-r-k	
P002342	Stewart Jolly	8	1888-1898	planter | former resident | author (as Aliquis) | author	Hoolankande | Brae | Damboolagalla	link	11118563	s-jolly	https://www.historyofceylontea.com/tea-planters/planters-registry/s-jolly--11118563.html
P002351	T. R. Walker	8	1892-1906	planter-contractor | correspondent | friend of the writer, involved in tea leaf trade | informant	Dartry estate | Gedrawatte | Panselawatte	link	11113678	walker-t-r	https://www.historyofceylontea.com/tea-planters/planters-registry/walker-t-r--11113678.html
P002467	Donald Cameron	7	1885-1903	owner | Chairman | Director | member of the Planting Community	Pambagama | Yatiantota Co's Land | Brasenose	review	11114905 ; 11114908	d-cameron ; cameron-donald	
P002468	Donald Reid	7	1883-1902	planter | planter who tried to check disease progress | discoverer of the fungus | manager of Hereford plantation	Galloola | Doomoo | Galoola	review	11113761 ; 11115171 ; 11117339	reid-donald ; reid-d ; reid-mrs-d	
P002479	E. M. Hay	7	1882-1903	Ceylon | planter, Goorokoya | old and experienced teamaker | of Goorook-oya	Blackstone | Rookwood | Goorokoya	review	11112843 ; 11114085	hay-e-m ; e-m-hay	
P002534	H. G. Mackenzie	7	1881-1901	Ceylon planter | author, old planter | Manager | neighbour, now in London	Kandaloya estate | Oak-lodge | Kent Estate	review	11111951 ; 11112235	mackenzie-h-g ; mackenzie-h-g	
P002573	J. J. Robinson	7	1898-1917	Chairman | Committee member | committee member | owner of hunting trophies, on leave	Dunedin Factory | The Park Group | Melrose	review	11113673 ; 11129467 ; 11129603 ; 11129624 ; 11129679	robinson-j-j ; robinson-j-j ; j-j-robinson ; robinson-j-j ; robinson-j-j	
P002578	J. Shipton	7	1882-1896	Chairman of the Planters' Association | visited the estate | critic of the results | supplier of roasted coffee	Gangapitiya estate | Pallekelle | Ambacotta	link	11111963	shipton-j	https://www.historyofceylontea.com/tea-planters/planters-registry/shipton-j--11111963.html
P002584	Jack Tyndall	7	1891-1898	advisor | neighbour and friend | owner of rifles | writer	Dewalakande | Mariawatte | Talliar property	link	11114060	tyndall-j	https://www.historyofceylontea.com/tea-planters/planters-registry/tyndall-j--11114060.html
P002586	James Bisset	7	1892-1900	shareholder | Manager | manager of Lunugalla | Manager of the Estates	Ratwatte estate | Mugama estate | Matale estate	link	11115777	bisset-j	https://www.historyofceylontea.com/tea-planters/planters-registry/bisset-j--11115777.html
P002588	James McLaren	7	1883-1895	planter, Nuwara Eliya | planter, Niwara Eliya | owner of Tommagong Estate | speaker, Hopetoun	Oliphant | Tommangom | The Hope	link	11132215	mclaren-mr-j	https://www.historyofceylontea.com/tea-planters/planters-registry/mclaren-mr-j--11132215.html
P002593	John Cheape	7	1886-1903	proprietor | estate owner | owner of estates near Kandy | military officer, India	Nillambe nutmeg estate | Hantane Estate | Odewelle Estate	review	11111792 ; 11112218	sir-j-cheape ; sir-j-cheape	
P002652	R. M. Eckert	7	1899-1910	applicant for lease, Sunnycroft Estate | conducted experiment | Member | German Commissioner of Forests	Sunnycroft Estate | Silk Farm | Tata Silk Farm	link	11121417	eckert-r-m	https://www.historyofceylontea.com/tea-planters/planters-registry/eckert-r-m--11121417.html
P002671	S. C. Munro	7	1892-1897	planter, 'bear-bitten Durai' | owner of Chantiveli | planters | correspondent	Chandivelly estate | Maryville | The Hope	link	11122896	munro-s-c	https://www.historyofceylontea.com/tea-planters/planters-registry/munro-s-c--11122896.html
P002699	Valentine Duke	7	1888-1893	Kandy | member of the Planters' Association, proposer of the tea scheme | author of the letter | cacao planter, Kandiy	Orion	link	11122508	valentine-duke-dr	https://www.historyofceylontea.com/tea-planters/planters-registry/valentine-duke-dr--11122508.html
P002712	W. Greig	7	1895-1913	planter | European coffee planter | prospectors | of Kuala Langat	Meeriatenne | Yellatenne | Callander	review	11114195 ; 11123445	greig-william ; greig-wm	
P002716	W. I. Cotton	7	1882-1887	resident | Source of plants | exhibitor, New Galway, fruit | planter, Warwick estate	Hakgala Garden | Warwick estate | Henaratgodu Garden	review	11126703 ; 11127933	cotton-w-i ; cotton-w-i	
P002770	Archibald MacPhail	6	1893-1902	veteran planter | colonist and pioneer | signatory | planter	Abbotsford | Kelburne Estate | Roehampton	link	11115308	macphail-a	https://www.historyofceylontea.com/tea-planters/planters-registry/macphail-a--11115308.html
P002931	H. E. Candy	6	1898-1922	manager of Plopallai estate | member | Member | judge	Plopallai estate | Batam Estate | Godakawela Garden	link	11125153	candy-h-e	https://www.historyofceylontea.com/tea-planters/planters-registry/candy-h-e--11125153.html
P002955	Henry M. Alleyn	6	1902-1912	author | author of the letter | Ceylon | planter	Merria Cotta | Jeram Estate	link	11123239	alleyn-h-m	https://www.historyofceylontea.com/tea-planters/planters-registry/alleyn-h-m--11123239.html
P002967	J. A. Smith	6	1881-1881	exhibitor | tea exhibitor | of Lonmay estate | Lonmay Estate	Blackstone Estate | Dunedin Estate | Agrawatte Estate	review	11112209 ; 11117476	smith-j-a ; smith-mrs-j-a	
P003100	R. Boustead	6	1887-1908	prize winner | representing Mrs. Alice Page Boustead | cacao planter, Wattagama | member	Maria | Pallekelle | Pallekelly	review	11132484 ; 11132485 ; 11132488 ; 11132506	boustead-r ; rowland-boustead ; boustead-r ; boustead-mrs-r	
P003106	R. Gatehouse	6	1893-1941	manager | Committee member, Hospital Visitor | Works Manager of the New Colombo Ice Co. | planter	New Amherst | Batu | Selangor	review	11116742 ; 11127870	gatehouse-r ; gatehouse-r	
P003247	A. J. Thomas	5	1881-1899	patent holder of the transplanter, Agra | cacao planter, Morankanda | experienced planter | Manager	Monerakande estate | Orion | Morankande property	review	11115667 ; 11122552	thomas-a-j ; thomas-a-j	
P003258	A. V. Ryall	5	1895-1904	Estate Superintendent, Battawatte | Superintendent | Hon. Secretary | purchaser	Dotlands | Ury | Dammeria Estate	review	11113222 ; 11117584	a-v-ryall ; ryall-a-v	
P003283	Arthur C. Isham	5	1888-1902	author of the letter | tea estate proprietor | planter	Orwell Estate | Sanquhar Estate | Sogamawattie Estate	link	11114953	isham-a-c	https://www.historyofceylontea.com/tea-planters/planters-registry/isham-a-c--11114953.html
P003286	Arthur Watt	5	1895-1906	Managing Director in Ceylon, Ederapolla estate, Ceylon (Vendor) | manager on furlough | owner of Ederapolla	Ederapolla | Ardross | Ruanwella	review	11111476 ; 11117088 ; 11121218 ; 11122455 ; 11132936	watt-arthur ; watt-a ; watt-a ; watt-a ; a-watt	
P003370	D. T. Angus	5	1923-1939	Acting Visiting Agent | acting Visiting Agent | added experience in experiments	Dartonfield | Nivitigalakele | Royal Horticultural Society's Gardens at Wisley	review	11130385 ; 11131041	angus-d-t ; angus-d-t	
P003599	J. Lindsay	5	1897-1913	planter | manager for Mr. E. Ch. A. Sharper, and also a planter | writer of the essay on slaughter of cattle | owner of Limbe estate	Zomba plantation | Mapemba Estate | Ntonda Hill Estate	link	11120340	lindsay-j	https://www.historyofceylontea.com/tea-planters/planters-registry/lindsay-j--11120340.html
P003632	James Beaton	5	1897-1903	farmer, Burnside House, Turriff | Manager | planter and accountant | acting manager of the African Lakes Corporation	Netherton | Inverquhomery | Monyryy	review	11126692 ; 11126763	beaton-james ; beaton-james	
P003634	James Chisholm	5	1882-1895	planter of Hunchi Betta coffee estate | planter leading cinchona cultivation | author | estate owner	Pallikerry | Hunchi Betta | Hanchi Betta	link	11114381	chisholm-j	https://www.historyofceylontea.com/tea-planters/planters-registry/chisholm-j--11114381.html
P003635	James Clark	5	1888-1902	coffee planter | deputation member | owner of Messrs. James Clark & Co.		link	11114498	clark-j	https://www.historyofceylontea.com/tea-planters/planters-registry/clark-j--11114498.html
P003810	R. J. Trimen	5	1893-1906	Estate Superintendent, Hayes Group | subscribed R10.50 | signatory, Loongalla estate, Rangalla	Hayes Group | Dea Ella | Longford Estate	link	11118477	trimen-r-j	https://www.historyofceylontea.com/tea-planters/planters-registry/trimen-r-j--11118477.html
P003823	R. W. Kerr	5	1900-1906	Estate Superintendent | author of the letter | first subscriber	Glasgow estate	review	11113666 ; 11117662 ; 11119209	kerr-r-w ; kerr-r-watt ; kerr-r-w	
P003910	W. A. Lyford	5	1882-1902	planter | planter at Amblandgodde | correspondent | Estate Superintendent		link	11114478	lyford-w-a	https://www.historyofceylontea.com/tea-planters/planters-registry/lyford-w-a--11114478.html
P003957	W. Wilson Smith	5	1884-1906	planter | correspondent | Estate Superintendent	Gallebodde | St. John's | Union	review	11112930 ; 11116039	smith-w-w ; smith-w-w	
P003958	Wallace R. Westland	5	1908-1912	planting pioneer on the Papuan Coast | author | Manager of the Papua Rubber Plantation Co., Ltd. | planter	Klanang estate	review	11119536 ; 11125847	westland-w-r ; westland-w-r	
P003974	William Tindall	5	1895-1900	owner of vessels | owner of vessels trading with Ceylon | Ship owner | Committee member, Ceylon Railway Company	Hatterebage | Battegalla | Kabroosa	link	11121174	tindall-w	https://www.historyofceylontea.com/tea-planters/planters-registry/tindall-w--11121174.html
P003996	A. H. Bisset	4	1885-1891	coffee cultivator in Ceylon | former coffee planter in Ceylon, now tea planter in Natal | planter and farmer in the lowcountry, Matala district | resident in Ceylon	Reit Valley estate | Kearsney tea estate	link	11118807	bisset-a-h	https://www.historyofceylontea.com/tea-planters/planters-registry/bisset-a-h--11118807.html
P004029	A. R. Wilson	4	1881-1903	Forest Creek estate, Taviuni, Fiji | planter in Taviuni | purchaser | Superintendent	Forest Creek estate | Alpha Estate | Drayton	review	11114578 ; 11117383	a-r-wilson ; wilson-a-r	
P004064	Allan Black	4	1894-1895	author of articles on coffee planting | formerly of Dikoya | ex-coffee planter of Ceylon | ex-Ceylon planter, explorer	Bogieside estate | Broughton | Mirigama	review	11111309 ; 11111710	black-a ; black-allan	
P004144	C. L. Gibson	4	1894-1908	applied for land for coffee planting | applicant for land | owner of coffee estates | moved for increased representation	Jebong estate	link	11132203	gibson-c-l	https://www.historyofceylontea.com/tea-planters/planters-registry/gibson-c-l--11132203.html
P004153	C. R. Paterson	4	1884-1899	Ceylon tea-planter | landowner | tea planter, director | Sub-Committee member	Abbotsford | Ossington Estate | Tillicoultry	link	11113379	paterson-c-r	https://www.historyofceylontea.com/tea-planters/planters-registry/paterson-c-r--11113379.html
P004180	Charles Dixon	4	1893-1902	planter | son of Charles Dixon | father of Charles Dixon | owner of Mahabeeria estate	Tannamunai estate | Kalmunai estate | Hyderabad estate	link	11121843	dixon-c	https://www.historyofceylontea.com/tea-planters/planters-registry/dixon-c--11121843.html
P004219	D. I. Mackenzie	4	1902-1913	Estate Superintendent | member	Ruanawella Estate | Telbedde Estate | Talpitigala Estate	review	11121891 ; 11122910	mackenzie-d-i ; mackenzie-d-i	
P004222	D. Lyall	4	1902-1906	Estate Superintendent | new committee member		link	11115485	lyall-david	https://www.historyofceylontea.com/tea-planters/planters-registry/lyall-david--11115485.html
P004320	F. H. Shelley	4	1889-1898	of Mousava estate | Superintendent | cacao planter, Madawalatenna | Director	Mousava estate | Spring Valley | Glen Alpin	review	11112421 ; 11125875	shelley-f-h ; shelley-f-h	
P004326	F. J. Whittall	4	1892-1904	Estate Superintendent, Gampaha | individual	Dammeria | Battawatte | Gampaha	review	11116457 ; 11118450	whittall-f-j ; whittall-f-j	
P004401	George Smith	4	1885-1891	planter in Dimbula | planter, deceased | planter | author of A Modern Apostle	Rosecath estate | Dessford | Lorne	review	11112390 ; 11113900 ; 11117469	smith-george ; smith-g ; smith-george	
P004431	H. A. Clarke	4	1887-1898	proprietor at Kalupahana | planter | coffee and tea planter	Elkaduwa | Shumshernugger estate | Delaford	review	11118732 ; 11119781	clarke-h-a ; clarke-h-a	
P004440	H. C. Bury	4	1881-1893	coffee planter, Haputale | Haputale proprietor | Uva pioneer, proprietor of plantations in Haputale | Justice of the Peace	Abbotsford	link	11114460	h-c-bury	https://www.historyofceylontea.com/tea-planters/planters-registry/h-c-bury--11114460.html
P004451	H. H. Bastard	4	1890-1894	Kenagaha Ella | informant | planter | owner of Keenagaha Ella	Keenagaha Ella | Ammunamulle estate | Blackstone	link	11112127	bastard-h-h	https://www.historyofceylontea.com/tea-planters/planters-registry/bastard-h-h--11112127.html
P004478	H. R. Farquharson	4	1891-1895	owner of tea gardens | M.P., owner of Ceylon plantations | purchaser | M.P.	Drayton | Yuillefield | Tulloes	link	11111564	farquharson-h-r	https://www.historyofceylontea.com/tea-planters/planters-registry/farquharson-h-r--11111564.html
P004573	J. H. B. Cockburn	4	1893-1902	cacao planter, Badulla | proprietor of Hopton estate | Committee member | late Premier and Minister of Education in South Australia	Orion | Hopton estate | Dunedin Factory	review	11115591 ; 11117295	j-h-b-cockburn ; cockburn-j-h-b	
P004580	J. H. Young	4	1882-1887	proprietor of coffee and cinnamon plantations | landowner, Dambulagalla and Petikande | late owner of land | Too-woomba	Petikande | Damboolagalla | Mariawatte	link	11127828	young-j-h	https://www.historyofceylontea.com/tea-planters/planters-registry/young-j-h--11127828.html
P004641	James Martin	4	1897-1904	owner of Yattawatte | planter of Hantane estate | late Chairman | in charge of 1,137 acres	Yattawatte | Galaha | Kent	review	11112929 ; 11112931	martin-j ; j-martin	
P004663	John Inch	4	1893-1896	Ceylon planter | cacao planter, Matale | manager | Ceylon friend, planter in Deli	Orion | Soengei Kare Estate	review	11113101 ; 11127222	inch-john ; inch-j	
P004832	P. Christian	4	1888-1890	owner of Liberian coffee estate | planter in Ceylon | author | old resident		link	11125216	christian-p	https://www.historyofceylontea.com/tea-planters/planters-registry/christian-p--11125216.html
P004884	R. J. Farquharson	4	1889-1893	owner of Lower Haloya estate | witness, Lower Haloya | cacao planter, Hastane	Crystal Hill estate | Lower Haloya estate | Osborne estate	link	11111189	farquharson-r-j	https://www.historyofceylontea.com/tea-planters/planters-registry/farquharson-r-j--11111189.html
P004903	R. V. Routledge	4	1924-1944	Visitor | visitor | Acting Superintendent of the estate | Superintendent, Pallekelly Estate	Kondesale | Manning Coconut Trial Ground | Pallekelly Estate	link	11111727	routledge-r-v	https://www.historyofceylontea.com/tea-planters/planters-registry/routledge-r-v--11111727.html
P004911	Richard Burke	4	1892-1904	cardamom planter | young planter | shareholder | subscribed R221	Aliwetenatenne | Rajawella No. 2 | Anrugawella	review	11113460 ; 11129034	burke-r ; burke-richard	
P005003	T. L. Villiers	4	1897-1906	to take charge of the estates | planter, formerly of the Scrubs, Nuwara Eliya | Ceylon planter, Manager of the Dumont Coffee Company's estates | Speaker	Yoxford | The Scrubs	link	11126714	villiers-t-l	https://www.historyofceylontea.com/tea-planters/planters-registry/villiers-t-l--11126714.html
P005054	W. A. Anderson	4	1910-1913	speaker on The Rubber Situation in Hawaii | manager of the Nahiki Rubber Company | superintendent of the rubber sub-station | member from the Hawaiian Islands		link	11116205	anderson-w-a	https://www.historyofceylontea.com/tea-planters/planters-registry/anderson-w-a--11116205.html
P005113	W. R. G. Hickey	4	1896-1911	Estate Superintendent | author of visiting report | old Ceylon man | manager of Shelford estate	Old Polatagama | New Polatagama | Blackwater	review	11115164 ; 11117636	hickey-w-r-g ; hickey-w-r-g	
P005213	A. F. White	3	1894-1895	in charge of the estate | manager of the estate | superintendent	Warwick estate | New Cornwall estate | Meeriatenne	link	11116243	white-a-f	https://www.historyofceylontea.com/tea-planters/planters-registry/white-a-f--11116243.html
P005537	C. W. Maclean	3	1902-1906	Estate Superintendent		link	11115650	maclean-c-w	https://www.historyofceylontea.com/tea-planters/planters-registry/maclean-c-w--11115650.html
P005615	D. B. Williamson	3	1909-1909	author of the letter | correspondent, Sunnycroft estate | planter	Sunnycroft Estate | Sunnycroft	link	11121864	williamson-d-b	https://www.historyofceylontea.com/tea-planters/planters-registry/williamson-d-b--11121864.html
P005746	E. M. Leaf	3	1893-1894	Dikoya planter | tea planter, Dikoya district | opening clearings on leased land	Noneuch estate | Keenagaha Ella | Agar's Land	link	11112624	e-m-leaf	https://www.historyofceylontea.com/tea-planters/planters-registry/e-m-leaf--11112624.html
P005948	G. H. H. Austen	3	1881-1887	estate proprietor	Whitney | Michaelstowe | Castlewood	link	11123924	austen-g-h-h	https://www.historyofceylontea.com/tea-planters/planters-registry/austen-g-h-h--11123924.html
P006286	J. Cantlay	3	1883-1889	planter | estate manager | friend of the writer	Namuoya estate	link	11122651	cantlay-mrs-j	https://www.historyofceylontea.com/tea-planters/planters-registry/cantlay-mrs-j--11122651.html
P006396	J. T. Hawke	3	1893-1897	cacao planter, Orion, Gampola | visitor to Mauritius | planter, Orion estate	Orion | Loolecondera | Orion estate	link	11112191	hawke-j-t	https://www.historyofceylontea.com/tea-planters/planters-registry/hawke-j-t--11112191.html
P006441	James Mackenzie	3	1883-1883	sugar planter | formerly a coffee planter in Coorg	Safford | Calamia plantation | Pioneer estate	link	11133030	mackenzie-james	https://www.historyofceylontea.com/tea-planters/planters-registry/mackenzie-james--11133030.html
P006584	L. Archdale	3	1928-1930	Superintendent of Lauslana Estate | Superintendent of Lassahena Estate | Superintendent, Lassahena Estate	Lassahena Estate | Lauslana Estate | Liniyagala Estate	link	11117388	archdale-l	https://www.historyofceylontea.com/tea-planters/planters-registry/archdale-l--11117388.html
P006666	M. C. Evans	3	1931-1933	Superintendent of Kandanuwara Estate	Kandanuwara Estate | Gonakelle Estate | Kandanuwara	link	11121203	evans-m-c	https://www.historyofceylontea.com/tea-planters/planters-registry/evans-m-c--11121203.html
P006733	Mark Kellow	3	1887-1887	Cornish boy, coffee planter | late, estate owner | estate owner, Albion	New Cornwall | Warwick | Hakgala Gardens	link	11128070	kellow-m	https://www.historyofceylontea.com/tea-planters/planters-registry/kellow-m--11128070.html
P006793	O. A. Bannatine	3	1898-1900	planter, formerly of Maskeliya | owner of Spring Valley estate | proprietor	Spring Valley estate | Mousagalla | Cannaverella	link	11119760	bannatine-o-a	https://www.historyofceylontea.com/tea-planters/planters-registry/bannatine-o-a--11119760.html
P006832	P. D. Young	3	1889-1901	cacao planter, Matale | cacao planter	Woodthorpe | Orion | Franklands	review	11118943 ; 11128352	young-p-d ; young-p-d	
P007207	Thomas Smith	3	1893-1902	Chairman Dolosbage and Yakkessa Planters' Association | reporter on estates | Visiting Agent	Gartmore Estate | Ederapolla Estate | Ardross Estate	review	11111380 ; 11125823	smith-t ; smith-thomas	
P007331	W. L. Vanderslott	3	1903-1906	Estate Superintendent, Dea Ella	Hayes Group | Dea Ella | Longford Estate	link	11112280	vanderslott-w-l	https://www.historyofceylontea.com/tea-planters/planters-registry/vanderslott-w-l--11112280.html
P007351	W. P. Kellock	3	1895-1895	purchaser | vendor of the estate | estate owner	Olyphant Cottage | Mango Lodge | Lake House	link	11117044	kellock-w-p	https://www.historyofceylontea.com/tea-planters/planters-registry/kellock-w-p--11117044.html
P007409	William Hendry	3	1896-1902	Manager of tropical estates | coffee planter in Ceylon, farming in Scotland | planter of rubber trees	Halwatura estate | Government experimental plantation | Cairnton	link	11128888	hendry-william	https://www.historyofceylontea.com/tea-planters/planters-registry/hendry-william--11128888.html
P007442	A. Angus	2	1896-1896	Estate Superintendent	Old Polatagama | New Polatagama	link	11121465	angus-a	https://www.historyofceylontea.com/tea-planters/planters-registry/angus-a--11121465.html
P007552	A. J. Pomeroy	2	1900-1901	member of the Planting Community | formerly Superintendent of Silver Kandy	Tea Kiosk | George Wall Tower | Silver Kandy estate	link	11132064	pomeroy-a-j	https://www.historyofceylontea.com/tea-planters/planters-registry/pomeroy-a-j--11132064.html
P008479	D. Douglas	2	1912-1912	planter, Province Wellesley | planter	Jeram Estate	link	11125978	davidson-douglas	https://www.historyofceylontea.com/tea-planters/planters-registry/davidson-douglas--11125978.html
P008585	David Perera	2	1894-1896	planter | late planter, owner of Welikela	Legal Nest | Welikela | Kohana estate	link	11119039	perera-d	https://www.historyofceylontea.com/tea-planters/planters-registry/perera-d--11119039.html
P008696	E. C. Bolton	2	1898-1898	Chairman of the North Mysore Planters' Association, ex-Ceylon planter | President of the North Mysore Planters' Association		link	11122604	bolton-e-c	https://www.historyofceylontea.com/tea-planters/planters-registry/bolton-e-c--11122604.html
P008893	Edward Hope	2	1895-1900	planter | Manager of Kaipoo gala	Kaipooqalla | Medakumbura | Bogahawatte	review	11128990 ; 11130862	hope-e ; hope-e	
P009369	G. W. Pask	2	1908-1908	rubber planter, North Queensland | recently of Melbourne, rubber planter in North Queensland	Hawthorn | Gikiyanakanda	link	11129888	pask-g-w	https://www.historyofceylontea.com/tea-planters/planters-registry/pask-g-w--11129888.html
P009898	Henry Ransome Kerr	2	1888-1895	Former owner of land | manager of the New Crane Wharf	Bearwell | Bambarakellie | Meddecumbra	link	11113671	kerr-h-r	https://www.historyofceylontea.com/tea-planters/planters-registry/kerr-h-r--11113671.html
P010027	J. A. Martensz	2	1896-1897	planter | late proprietor of The Moss	Kannwangalla | Waljapala | Golna Pokuna	link	11115032	martensz-j-a	https://www.historyofceylontea.com/tea-planters/planters-registry/martensz-j-a--11115032.html
P010107	J. Ewen Davidson	2	1882-1885	Queensland Sugar-planter | early settler, scientific observer, manager of Alexandra plantation	The Cedars | Alexandra plantation | Cassada	link	11129868	davidson-j-e	https://www.historyofceylontea.com/tea-planters/planters-registry/davidson-j-e--11129868.html
P010418	Jamie Martin	2	1893-1896	planter | manager of Hantane estate	Barnes | Gangaruwa | Primrose Hill	review	11112929 ; 11112931	martin-j ; j-martin	
P010798	L. P. White	2	1904-1906	Superintendent of Estate		review	11119160 ; 11131378	white-l-percy ; white-l-p	
P012692	W. J. Robertson	2	1901-1901	Ceylon planter | old Ceylon planter	Horagalla Estate | Machui Plantation | Dunga Plantation	link	11113028	robertson-w-j	https://www.historyofceylontea.com/tea-planters/planters-registry/robertson-w-j--11113028.html
P012834	Watkin William Wynn	2	1897-1897	Planter	Kent Estate | Ambokka Estate | Kalugalla Estate	link	11125284	wynn-w-w	https://www.historyofceylontea.com/tea-planters/planters-registry/wynn-w-w--11125284.html
