file	id	issue	words	mentions	title
001_vol002_tropicalagricult18821883colo_1883_01_073.txt	vol002_tropicalagricult18821883colo#1883-01#073	1883-01	344	17	PLANTING IN BURMAH
002_vol002_tropicalagricult18821883colo_1883_02_162.txt	vol002_tropicalagricult18821883colo#1883-02#162	1883-02	102	7	ALON FIBRE
003_vol005_tropicalagricult18851886colo_1886_01_077.txt	vol005_tropicalagricult18851886colo#1886-01#077	1886-01	632	8	OPENING OF SILO IN SUJAN NIWAS GARDENS, OODEYFORD.
004_vol006_tropicalagricult18861887colo_1886_11_023.txt	vol006_tropicalagricult18861887colo#1886-11#023	1886-11	339	11	WASHING COLOURED COTTONS SO AS TO RETAIN THEIR COLOUR.
005_vol006_tropicalagricult18861887colo_1886_12_149.txt	vol006_tropicalagricult18861887colo#1886-12#149	1886-12	2339	93	MARKET RATES FOR OLD AND NEW PRODUCTS.
006_vol006_tropicalagricult18861887colo_1886_12_144.txt	vol006_tropicalagricult18861887colo#1886-12#144	1886-12	2022	107	TRIAL OF COLONIAL TIMBERS.
007_vol006_tropicalagricult18861887colo_1887_02_004.txt	vol006_tropicalagricult18861887colo#1887-02#004	1887-02	192	7	JOKAI (ASSAM) TEA COMPANY, LIMITED.
008_vol006_tropicalagricult18861887colo_1887_03_032.txt	vol006_tropicalagricult18861887colo#1887-03#032	1887-03	3310	76	CLIMATE AND VEGETATION.
009_vol007_tropicalagricult7188ceyl_1887_08_044.txt	vol007_tropicalagricult7188ceyl#1887-08#044	1887-08	193	4	WHAT ONE WOMAN DID
010_vol007_tropicalagricult7188ceyl_1888_06_028.txt	vol007_tropicalagricult7188ceyl#1888-06#028	1888-06	1560	12	FUEL SUPPLY FOR TEA.
011_vol008_tropicalagricult8188ceyl_1889_03_146.txt	vol008_tropicalagricult8188ceyl#1889-03#146	1889-03	208	14	FOOD-STUFFS: KURAKKAN AND RICE.
012_vol008_tropicalagricult8188ceyl_1889_06_102.txt	vol008_tropicalagricult8188ceyl#1889-06#102	1889-06	884	4	COCONUT CULTIVATION AND THE "KANDA PANUWA:" BLACK AND RED BE
013_vol010_tropicalagricult1018ceyl_1890_07_103.txt	vol010_tropicalagricult1018ceyl#1890-07#103	1890-07	253	7	BLACK WALNUT
014_vol010_tropicalagricult1018ceyl_1890_12_009.txt	vol010_tropicalagricult1018ceyl#1890-12#009	1890-12	992	23	HILLCOUNTRY PLANTING REPORT.
015_vol010_tropicalagricult1018ceyl_1891_05_062.txt	vol010_tropicalagricult1018ceyl#1891-05#062	1891-05	2101	18	PEPERCORN. A SUBSTITUTE FOR COAL: THE FIRST LIQUID-FUEL EXPR
016_vol010_tropicalagricult1018ceyl_1891_06_030.txt	vol010_tropicalagricult1018ceyl#1891-06#030	1891-06	966	13	COFFEE SEEDS.
017_vol012_tropicalagricult1218ceyl_1892_08_060.txt	vol012_tropicalagricult1218ceyl#1892-08#060	1892-08	1723	39	GUM BARKS
018_vol012_tropicalagricult1218ceyl_1893_02_100.txt	vol012_tropicalagricult1218ceyl#1893-02#100	1893-02	452	4	THE KOLAR GOLD FIELD FOR 3 AND 7 YEARS.
019_vol014_tropicalagricult1418ceyl_1895_06_116.txt	vol014_tropicalagricult1418ceyl#1895-06#116	1895-06	889	7	THE JOKAI (ASSAM) TEA COMPANY.
020_vol016_tropicalagricult1618ceyl_1896_11_002.txt	vol016_tropicalagricult1618ceyl#1896-11#002	1896-11	2062	310	BIBLIOGRAPHY OF COFFEE.
021_vol017_tropicalagricult1718ceyl_1897_11_034.txt	vol017_tropicalagricult1718ceyl#1897-11#034	1897-11	219	12	PLANTING IN PAHANG, STRAITS SETTLEMENTS.
022_vol018_tropicalagricult1818ceyl_1898_07_077.txt	vol018_tropicalagricult1818ceyl#1898-07#077	1898-07	265	14	MR. HUGHES AND MR. BAMBER'S VISIT.
023_vol018_tropicalagricult1818ceyl_1899_06_118.txt	vol018_tropicalagricult1818ceyl#1899-06#118	1899-06	2081	25	GALAHA CEYLON TEA ESTATES AND AGENCY COMPANY.
024_vol019_tropicalagricult1918ceyl_1899_11_056.txt	vol019_tropicalagricult1918ceyl#1899-11#056	1899-11	177	3	ROTALE ESTATE CROP, 1899.
025_vol019_tropicalagricult1918ceyl_1900_03_092.txt	vol019_tropicalagricult1918ceyl#1900-03#092	1900-03	184	4	THE CLAREMONT ESTATE CO., LTD.THE ANNUAL REPORT,
026_vol019_tropicalagricult1918ceyl_1900_04_001.txt	vol019_tropicalagricult1918ceyl#1900-04#001	1900-04	3424	186	A SKETCH OF THE HISTORY OF INDIAN BOTANY.\*
027_vol019_tropicalagricult1918ceyl_1900_05_100.txt	vol019_tropicalagricult1918ceyl#1900-05#100	1900-05	683	8	A FARMER'S EVERYDAY LIFE.
028_vol020_tropicalagricult2019ceyl_1900_08_114.txt	vol020_tropicalagricult2019ceyl#1900-08#114	1900-08	633	62	TROPICAL AGRICULTURIST.[AUG. 1 1900.]S FOR OLD AND NEW PRODU
029_vol020_tropicalagricult2019ceyl_1900_08_039.txt	vol020_tropicalagricult2019ceyl#1900-08#039	1900-08	536	13	GREEN TEAS: PATENT PREPARATION OF, IN CEYLON.
030_vol020_tropicalagricult2019ceyl_1901_02_080.txt	vol020_tropicalagricult2019ceyl#1901-02#080	1901-02	112	9	COFFEE PLANTING IN SUMATRA.
031_vol020_tropicalagricult2019ceyl_1901_06_104.txt	vol020_tropicalagricult2019ceyl#1901-06#104	1901-06	119	6	THE CEYLON REDUCTION IN OUTPUT
032_vol021_tropicalagricult2119ceyl_1902_04_148.txt	vol021_tropicalagricult2119ceyl#1902-04#148	1902-04	1621	14	VEGETABLES, HOW TO COOK AND SERVE THEM.
033_vol023_tropicalagricult2319ceyl_1903_11_067.txt	vol023_tropicalagricult2319ceyl#1903-11#067	1903-11	62	8	PLANTING IN NEGRI SEMBILAN.
034_vol030_tropicalagricul301908ceyl_1908_05_027.txt	vol030_tropicalagricul301908ceyl#1908-05#027	1908-05	2780	61	LIME AND ITS RELATION TO AGRICULTURE.
035_vol031_tropicalagricul311908ceyl_1908_11_010.txt	vol031_tropicalagricul311908ceyl#1908-11#010	1908-11	760	28	MILO AS A DRY-LAND GRAIN CROP.
036_vol032_tropicalagricul321909ceyl_1909_01_018.txt	vol032_tropicalagricul321909ceyl#1909-01#018	1909-01	1758	14	THE COCONUT PALM: ITS RELATION OF WEATHER TO CROPS.
037_vol034_tropicalagricul341910ceyl_1910_01_051.txt	vol034_tropicalagricul341910ceyl#1910-01#051	1910-01	279	9	BRAZIL GOVERNMENT AND THE RUBBER INDUSTRY.
038_vol035_tropicalagricul351910ceyl_1910_10_031.txt	vol035_tropicalagricul351910ceyl#1910-10#031	1910-10	372	3	SOME NEEDS OF VILLAGE AGRICULTURE.
039_vol035_tropicalagricul351910ceyl_1910_12_051.txt	vol035_tropicalagricul351910ceyl#1910-12#051	1910-12	1007	32	LABOUR AND WAGES IN SOUTH INDIA.
040_vol037_tropicalagricul371911ceyl_1911_07_048.txt	vol037_tropicalagricul371911ceyl#1911-07#048	1911-07	3815	95	W. J. & H. THOMPSON'S ANNUAL REPORT ON THE TEA TRADE.
041_vol037_tropicalagricul371911ceyl_1911_11_045.txt	vol037_tropicalagricul371911ceyl#1911-11#045	1911-11	149	7	INTENSIVE CULTIVATION IN JAPAN.
042_vol038_tropicalagricul381912ceyl_1912_01_008.txt	vol038_tropicalagricul381912ceyl#1912-01#008	1912-01	2834	30	THE BROOM FIBRE INDUSTRY.
043_vol038_tropicalagricul381912ceyl_1912_02_005.txt	vol038_tropicalagricul381912ceyl#1912-02#005	1912-02	3143	102	THE SOY BEAN IN INDIA : GLYCINE HISPIDA.
044_vol039_tropicalagricul391912ceyl_1912_11_041.txt	vol039_tropicalagricul391912ceyl#1912-11#041	1912-11	338	11	THE FEEDING OF COCONUT CAKE TO MILCH COWS.
045_vol039_tropicalagricul391912ceyl_1912_11_011.txt	vol039_tropicalagricul391912ceyl#1912-11#011	1912-11	72	6	THE COCONUT PAVILION.
046_vol040_lbg_630_5_tag_v_40_1913_02_036.txt	vol040_lbg-630-5-tag-v-40#1913-02#036	1913-02	564	11	DIGESTION EXPERIMENTS WITH POULTRY.
047_vol040_lbg_630_5_tag_v_40_1913_02_060.txt	vol040_lbg-630-5-tag-v-40#1913-02#060	1913-02	244	7	SISAL HEMP CULTIVATION.
048_vol041_lbg_vol_xli_tropicalagricult0000dewi_t3r5_1913_10_097.txt	vol041_lbg-vol-xli-tropicalagricult0000dewi-t3r5#1913-10#097	1913-10	2402	124	MARKET RATES FOR TROPICAL PRODUCTS.
