file	words	n_mentions	wrong	mistyped	bad_norm	missed	missed_examples	notes
001_vol042_lbg_630_5_tag_v_42_1914_01_044.txt	853	24	0	0	0	1	Okrika and Bonny people (GROUP)	Clean. Byline-less reprint; author of monograph captured with degree stripped and role. Obadan kept as printed (prob. Ibadan misprint). Okrika/Bonny typed PLACE though text says 'Okrika and Bonny people'.
002_vol043_lbg_tropicalagricultvol_xliii0000unse_c5y3_1914_10_03.txt	659	12	0	0	0	0		Generic fertiliser chemicals (Sulphate of potash, Superphosphate, Basic Slag) as PRODUCT - per prompt 'fertilisers' but these are not brands; schema ambiguity. Source publication captured.
003_vol044_lbg_tropicalagricultvol_xliv0000unse_e6v7_1915_05_043.txt	274	5	1	0	0	0		Byline L. A. BRUNTON captured but role empty. 'cacao' from 'cacao house' extracted as COMMODITY (wrong). Source bulletin captured.
004_vol044_lbg_tropicalagricultvol_xliv0000unse_e6v7_1915_06_042.txt	1509	68	4	3	1	6	Imperial Institute (ORG; only inside a PERSON title); Mankatan Melon; Philippine rice varieties Macan/Inasimang/Mulanay; 67th Progress Report (PUBLICATION); 27-item fruit tree list (Rambutan, Mangosteen, Durian...)	Unnamed office-holders as PERSON: 'Director of Agriculture, Manila', 'Director, Imperial Institute', 'Government Agricultural Chemist', 'Director of Industries, Madras'. arrowroot flour/Cassava Chips/Coconut Vinegar as PRODUCT (should be COMMODITY). Cucumis Dudain kept OCR/capitalised (Cucumis dudaim). Society gardens typed ESTATE. Byline-type staff (L. A. D. Silva, A.I.) handled well, degree stripped from norm.
005_vol048_iss01_tropical_agriculturist_1917_01_48_1_1917_01_045.txt	955	37	0	0	0	2	'T. A. for January, 1915' (PUBLICATION, footnote); Medical Store Departments of Calcutta, Madras and Bombay (ORG)	Very good. Abbreviated binomial 'P. Marsupium' expanded to Pterocarpus marsupium (good), but 'C. strictum' left unexpanded (Canarium strictum). Same taxon listed twice (P. Marsupium + Pterocarpus Marsupium) in one chunk. TAXON/COMMODITY split sensible (gums as COMMODITY, plants as TAXON).
006_vol048_iss01_tropical_agriculturist_1917_01_48_1_1917_01_019.txt	205	4	0	1	0	0		raffia fibre as PRODUCT (a raw material; COMMODITY). Otherwise clean.
007_vol048_iss05_tropical_agriculturist_1917_05_48_5_1917_05_001.txt	685	7	0	0	0	0		Clean. Editorial, no names; journal self-reference captured.
008_vol049_iss05_tropical_agriculturist_1917_11_49_5_1917_11_008.txt	3376	20	1	5	1	1	'Variability' (paper by Schidrowitz, PUBLICATION)	Byline captured well: 'B. J. EATON, F.I.C., F.C.S.' -> norm B. J. Eaton, role 'Agricultural Chemist, F.M.S.' (degrees stripped, affiliation from italic line). Rubber grades (crepe, smoked sheet, dry block, virgin slab, Fine Hard Para) typed PRODUCT; Fine Hard Para also COMMODITY in another chunk. acetic acid as PRODUCT (generic chemical). 'Agricultural Department' norm loses 'F.M.S.'. Honorifics kept in norm when no initials (Dr. Schidrowitz, Mr. Williams).
009_vol050_dli_ernet_21168_1918_04_006.txt	1862	43	0	0	0	3	MR. SPEYER (PERSON, gave borer report); dadap (TAXON); tea/rubber/coconut crops not extracted at all	Minutes: 31 named persons captured with honorifics and military/native titles moved to role (Lt.-Col., Mudaliyar, Hon'ble). Office-holders without names (Director of Agriculture, Botanist and Mycologist) correctly NOT extracted here. OCR 'BANDARANAIKA' repaired to Bandaranaike in norm (good); 'PANDITESLKERA' kept. 'C.P.' expanded to Central Province. Speyer (one paragraph, MR. SPEYER) missed.
010_vol051_iss01_tropical_agriculturist_1918_07_51_1_1918_07_020.txt	97	9	1	0	0	0		'Hawaiian' (adjective in 'Hawaiian conditions') as GROUP. OCR 'Andubon Park' (Audubon Park) kept in norm unrepaired. Roles empty for all mentions.
011_vol052_iss01_tropical_agriculturist_1919_01_52_1_1919_01_019.txt	169	6	0	0	0	0		Clean. Dolichos Hoseii -> Dolichos hoseii (case fixed). Source 'AGRIC. NEWS, BARBADOS' expanded. 'Sarawak bean' common name in title not separately listed (fine).
012_vol052_iss04_tropical_agriculturist_1919_04_52_4_1919_04_005.txt	1812	68	1	0	0	0		HTML tables of districts -> 24 district PLACE mentions, all real places (table rows are genuine toponyms here, not noise). 'Bengal and Behar & Orissa' (table row label) as single PLACE. Heavy cross-chunk repetition (Assam x2, Southern India x3) inflates count: 68 mentions for ~45 distinct entities. Behar and Orissa correctly kept as a province name. Source report captured and abbreviation expanded.
013_vol054_lbg_630_5_tag_v_54_1920_02_006.txt	2357	39	0	1	0	2	Mandarin Orange (TAXON); Indians (GROUP)	Very good research-paper extraction. Byline 'A.-H. WHITTLE, "ORCHARD DENE," YERCAUD' split correctly into PERSON + ESTATE + PLACE; hyphen OCR fixed in norm. Abbreviated 'C. vulgaris', 'C. medica Sp.' expanded to Citrus..., authority/'Sp.' stripped, 'Bigardia' repaired to bigaradia. Norms are the period synonyms (Citrus decumana, not C. maxima) - prompt asks for 'accepted' name, ambiguous. Common names (Lime, Pomelo) normed to Latin. Pest Act as EVENT (legislation has no type). Conference footnote captured as EVENT.
014_vol055_lbg_630_5_tag_v_55_1920_09_013.txt	128	1	0	0	0	0		Clean; source abbreviation expanded to Agricultural Gazette of New South Wales.
015_vol047_lbg_630_5_tag_v_47_1921_12_018.txt	1175	47	1	6	2	0		Section-heading crops Tea/Rubber/Cacao/Coconuts/Coffee/Paddy typed COMMODITY although discussed as plants in field plots (prompt says TAXON). 'Hybrid' (generic) as TAXON. Norm repairs: Collectrotrichum->Colletotrichum, Indigifera->Indigofera, case fixed (good); but 'Crotalaria Mujussi'->'Crotalaria mjujusi' (worsened) and OCR 'Elack gram' not repaired to Black gram. Signature 'T. H. HOLLAND, Manager' captured with role. Station field blocks (New Avenue, Bandarattenne) as PLACE.
016_vol058_dli_ernet_229219_1922_01_06_001.txt	88	4	0	0	0	1	Cave (printer, 'Cave, Colombo', ORG)	Title-page/front matter; OCR image description ('lion and unicorn') did not leak into mentions. Pusa listed as both ORG (institute) and PLACE - acceptable.
017_vol059_tropicalagricult0059unse_1922_10_018.txt	264	9	0	0	0	0		Market-rates table handled well: one COMMODITY per good, 'Do' rows ignored, quality column Ceylon/Cochin as PLACE.
018_vol060_lbg_tropicalagricultvol_lx_1923_0000unse_n0c4_1923_04.txt	2437	44	2	0	1	7	Saskatchewan Grain Growers' Association; Dominion Department of Agriculture; Dominion Poultry Division; Ontario Department of Agriculture; Great Britain / United States / Maritime Provinces	Long single-subject reprint: many firms captured but government departments systematically skipped (6+ named departments/branches: Dairy Branch, Butter Marketing Service, Co-operative Organisation Branch). Generic class names 'Grain Growers' Associations', 'Co-operative Elevator Companies' extracted as ORG. 'Charlotte Town' not normalised to Charlottetown. Late-text countries (Great Britain, United States, England) missed - recall drops toward the end of a long chunk.
019_vol063_lbg_630_5_tag_v_63_1924_09_011.txt	781	1	0	0	0	3	kainit (PRODUCT); basic slag / superphosphate / sulphate of potash (PRODUCT, as extracted in 002); potatoes, mangels (TAXON)	Only the source journal extracted from 781 words. Inconsistent with 002 where the same fertiliser names were all extracted as PRODUCT.
020_vol063_lbg_630_5_tag_v_63_1924_09_012.txt	119	2	0	0	0	0		Byline with italic affiliation line ('Assistant Fruit Expert') captured as role; particle 'Le Gay' case handled.
021_vol065_iss06_tropical_agriculturist_1925_12_65_6_1925_12_001.txt	603	7	1	0	0	2	THE TROPICAL AGRICULTURIST (masthead, PUBLICATION); Peradeniya (dateline PLACE)	Editorial. Unnamed office 'Agricultural Chemist' as PERSON. Masthead/dateline not extracted (acceptable as page furniture, but the journal is cited). Crops tea/rubber/coconut/paddy not extracted.
022_vol070_dli_ernet_229220_1928_01_006.txt	3290	28	9	0	0	0		Generic chemicals extracted as entities: sulphur (x2) and zinc oxide (x3) as COMMODITY; diphenylguanidine (x2, two spellings), hexamethylenetetramine as PRODUCT; 'Commercial Antioxidant' (a graph legend label from the OCR's image description) as PRODUCT. Brand 'Revertex' correctly PRODUCT. 9 chunks -> heavy repetition (Revertex x5, Imperial Institute x4, plantation rubber x4). Unsigned report: closing 'Imperial Institute.' correctly ORG.
023_vol071_tropical_agriculturist_1928_09_71_1928_09_003.txt	3374	33	0	1	1	0		Research paper done well. Byline 'W. SMALL, M.B.E., M.A., B.Sc., Ph.D., F.L.S.' -> W. Small, role from italic affiliation; all five post-nominals stripped. Authorities stripped ('Musa paradisiaca L.', 'Pentalonia nigrinervosa Coq.', 'Rhizoctonia bataticola (Taub.) Butler'); 'M. sapientum' expanded. Photo credit 'L. S. Bertus' captured. Cited authors Bryce/Gadd as surname-only PERSON with empty role (no link to references). 'Bulletin 30' as PUBLICATION norm without its issuer (CSIR Australia). 'tea' (from 'tea seedling roots') as COMMODITY. The subject, bunchy top disease, has no type in the schema.
024_vol072_dli_ernet_229221_1929_05_007.txt	1446	29	0	3	0	0		Translated research paper; author and translator both captured from footnote ('Dr. Steinmann' norm enriched to 'Dr. A. Steinmann' from footnote; 'H. Ludowyke, Librarian, Dept. of Agriculture, Peradeniya' with role). Thea japonica/Thea sinensis normed to Camellia (accepted names - the only article where the model modernised). tea/rubber/coffee as COMMODITY though discussed as host plants of mycorrhiza. OCR 'Gedch' (Gedeh) kept unrepaired. Cited researchers (Frank, Janse, Von Faber, Tunstall) captured surname-only with year roles.
025_vol074_dli_ernet_229223_1930_01_022.txt	136	12	3	1	0	0		'Agricultural Instructor, Trincomalie' (unnamed office) and 'Vanniah' (a headman's title, 'the Vanniah') as PERSON; 'Pinmari' (cultivation season) as EVENT. paddy as COMMODITY (crop in field). Prize-winner table rows correctly turned into PERSON + PLACE pairs. Trincomalie->Trincomalee normalised.
026_vol074_dli_ernet_229223_1930_02_023.txt	271	10	0	0	0	0		Clean. School abbreviations 'G. V. B. S.' expanded in norm; event named in title captured.
027_vol074_dli_ernet_229223_1930_03_004.txt	81	4	1	0	0	0		Running head 'The Tropical Agriculturist / March 1930' (page furniture after an OCR blank-page description) extracted as PUBLICATION.
028_vol076_dli_ernet_229225_1931_03_006.txt	1538	46	6	0	0	1	"The World's Rubber Supplies" (paper title, PUBLICATION)	Table row labels from an output-by-nationality table extracted as GROUP: 'British : U.K.', 'British : Local', 'Other European', 'Other Native', 'Asiatic Estate', plus generic 'natives'. Speaker 'Dr. George Rae, D.Sc. (Messrs. Harrisons and Crosfield, Limited)' -> PERSON George Rae + ORG with affiliation role (good). 'rubber tree' normed to Hevea brasiliensis though text gives no binomial (correct but beyond the rule). 'Netherlands E. Indies' merged to Dutch East Indies (good).
029_vol080_dli_ernet_229226_1933_06_012.txt	2622	49	1	4	3	0		Footnote author 'W. L. Fielding, B.Sc., Dip. Agric.' captured, degrees stripped, but role is generic ('author of discussion') - affiliation Cotton Breeding Station, Barberton in same footnote not used. 'The Corporation' (Empire Cotton Growing Corporation, never named in full) kept with article as norm. 'Phaseolus vulgare' not corrected to P. vulgaris; 'Berzcellar process' (Berczeller) unrepaired. Field crops (maize, sunflower, groundnuts, sorghums) as COMMODITY when discussed agronomically; generic 'beans' as COMMODITY. Cultivar names (White Flint, Hickory King, Potchefstroom Pearl, Barberton Y 1) as TAXON - good recall.
030_vol083_tropical_agriculturist_1934_07_1934_07_014.txt	1018	22	0	8	0	0		Animal Disease Return table: 8 disease names (Rinderpest, Anthrax, Foot-and-mouth disease, Rabies (Dogs), ...) typed TAXON - diseases are not organisms and the schema has no slot for them (counted as mistyped). Province row labels 'Western', 'Uva' etc. correctly normed to '... Province'. Signature 'M. CRAWFORD, Government Veterinary Surgeon' captured with role; 'G. V. S. Office' expanded. Each disease appears once despite repeating per province (dedup within chunk works).
031_vol086_dli_ernet_229228_1936_03_001.txt	2133	28	1	0	1	0		Strong. Byline 'H. W. R. BERTRAND / SUPERINTENDENT, GOVINNA ESTATE, GOVINNA' -> PERSON with role + ESTATE. Cited articles extracted as PUBLICATION with their authors as PERSON; 'Annals R. B. G. Perad.' expanded correctly. 'Albizzia' -> Albizia (modern spelling) and 'Phytophthora Meadii' case fixed. 'Economic Botanist, Peradeniya' (office) as PERSON. 'Governor Raffles' keeps title in norm. 'Brazil' derived from adjective 'Brazilian home' (acceptable).
032_vol088_dli_ernet_229229_1937_11_011.txt	339	36	0	2	1	0		List of 27 binomials all captured, case fixed (Adenanthera Pavonina -> pavonina), 'M. elengi' expanded, OCR 'accrifolium' repaired to acerifolium. But 'Jaminum Augustifolium' -> 'Jasminum augustifolium' (genus repaired, epithet still wrong; angustifolium). Synonym pair Jasminum sambac / Nyctanthes sambac kept as two entities. Royal Park / People's Park typed ESTATE (parks are PLACE). 'Polonnaruva' normalised to modern Polonnaruwa. Sinhala vernacular names ignored (reasonable).
033_vol091_tropical_agriculturist_1938_09_91_1938_09_003.txt	243	13	3	1	0	0		Three-author byline: all three PERSONs captured with titles as role, all post-nominals stripped (good). But degree parentheticals became entities: 'Cantab.' -> ORG 'University of Cambridge', 'Poona' and 'Trinidad' (from 'Dip. Agric. (Poona)', 'A.I.C.T.A. (Trinidad)') as PLACE. Article BYLINE metadata wrongly reads 'CHEMIST,' (segmenter issue, not NER). Experiment stations typed PLACE (role says 'experiment station'). paddy as COMMODITY.
034_vol092_tropical_agriculturist_1939_01_92_1939_01_001.txt	740	2	0	0	0	0		Editorial with almost no named entities; extraction correctly sparse.
035_vol092_tropical_agriculturist_1939_06_92_1939_06_014.txt	1167	34	2	4	0	3	Mr. S. R. K. Menon (PERSON, italic sub-heading); Building Committee (ORG); tabled reports 'Report of the Geneticist for 1937' etc. (PUBLICATION)	Minutes: 18 named people captured with post-nominals (C.C.S., J.P., U.P.M., M.S.C.) stripped and office as role. 'H.E. the Governor' and 'Hon. Minister for Agriculture and Lands' as PERSON (offices, unnamed). Traded goods Cane Syrup, Fancy Molasses, Coconut Toddy Vinegar, Toddy Syrup typed PRODUCT (COMMODITY). Ordinances (Workmen's Compensation Ordinance No. 19 of 1934, Coconut Research Ordinance) have no type and were dropped. Printer's job number '3-J. N. 84070 (5/39)' correctly ignored.
036_vol093_iss06_tropical_agriculturist_1939_12_93_6_1939_12_007.txt	3064	139	2	0	2	5	Reference titles: 'Sugar Changes in the Banana During Ripening'; 'The Chemical Composition of the Food Grains, Vegetables and Fruits of Western India'; 'The Nutritive Value of Indian Foods...'; 'The Proximate Chemical Analysis of Philippine Foods and Feedingstuffs'; 'The Analysis of Ceylon Foodstuffs, I-V'	139 mentions for ~70 distinct entities: 6 chunks each re-list the 20 fruits (avocado pear x4, papaw x4, sapodilla x4...). Two-author byline captured with roles, degrees and '(Lond.)/(Cantab.)/(Poona)' NOT turned into entities here (contrast 033). Reference list: authors split from 'Surname, Initials' and re-ordered correctly (good), but 'McCance, Widdowson, and Shackleton' also kept as one PERSON; journal abbreviations not expanded and 'Jl. Agr. Res.' truncated to 'Jl. Agr. R.'. Taxon norms: Acris sapota -> Manilkara zapota and Artocarpus integrifolia -> A. heterophyllus (good modernisation); 'Perona etepantum' (OCR of Feronia elephantum, wood apple) normed to Aegle marmelos (WRONG - that is bael); 'Psidium guava' not corrected to P. guajava. 'young-coconut kernel' (a fruit part) as TAXON.
037_vol094_iss05_tropical_agriculturist_1940_05_94_5_1940_05_017.txt	861	39	1	0	1	0		Book review handled well: compiler R. O. Whyte with combined role, reviewer initials 'J.E.S.' as PERSON, publisher ORG + place, series PUBLICATION. But the reviewed book's own title is only in the role field; PUBLICATION norm is 'Herbage Publication Series, Bulletin 26' (title should be the norm). Taxonomic-correction passage handled carefully: misspelt and correct names both kept with explanatory roles (Panicum purpurescens/purpurascens; Cajanus indicus/cajan). Generic 'grass' as TAXON.
040_vol096_dli_ernet_229230_1941_01_06_017.txt	125	9	0	0	0	2	Bitter-gourd (TAXON); Cucurbit Fruit-fly (TAXON)	Contents-page table: 6 authors captured, all degree strings incl. '(Cantab.)', '(Lond.)' correctly ignored here. Article titles not taken as PUBLICATION (defensible: they are this journal's own articles).
041_vol097_iss02_tropical_agriculturist_1941_08_97_2_1941_08_017.txt	881	34	0	6	1	0		Meteorological Report: every station row became PLACE 'weather station' - correct for towns, but Westward Ho, Theydon Bois, Kenilworth, Abergeldie Group, Blackwater, Carchilmally are tea estates (rain-gauge stations) - typed PLACE (needs world knowledge; text never says 'estate'). OCR 'Nuwaru Eliya' (x2 in text) kept in norm instead of Nuwara Eliya. 'Island' (generic 'the Island') extracted, normed to Ceylon. Signature captured with role.
042_vol097_iss03_tropical_agriculturist_1941_09_97_3_1941_09_016.txt	561	23	0	9	0	0		Same pattern as 030: 9 diseases as TAXON. OCR-hyphenated row 'Sabara-gamuwa' repaired to Sabaragamuwa Province (good). Two-office signature role captured in full.
044_vol100_iss02_tropical_agriculturist_april_june_1944_100_2_19.txt	264	21	1	0	0	0		Minutes: all 13 persons captured, post-nominals stripped, 'L. C. P. A.' expanded. Generic 'oil' as COMMODITY. Cross-article variant: 'Graham Pandittesekera' here vs 'G. Pandittesekere' in 035 and 'D. G. PANDITTESEKERE' in 036 - norms will not merge without fuzzy matching.
043_vol099_iss01_tropical_agriculturist_january_march_1943_99_1_.txt	3071	110	0	3	1	0		Segment bundles an Animal Disease Return plus three monthly Meteorological Reports. 110 mentions for ~75 distinct: the 19 principal stations x3 (one per monthly table) and 'D. T. E. Dassanayake' x3. Diseases (Rinderpest, Surra, Pleuro Pneumonia...) NOT extracted here, whereas 030 and 042 typed them TAXON - inconsistent across runs. 'Hendon' PLACE and 'Hendon estate' ESTATE for the same place; St. Martin's (Upper/Lower) as PLACE. Estates named with 'estate' in text are correctly ESTATE (10). One norm worsened: 'Kurunegala' -> 'Kurunegeala'. 'Island' normed to Ceylon. Printer job number ignored.
045_vol100_iss04_tropical_agriculturist_october_december_1944_10.txt	2484	32	2	0	0	0		Byline with two-line italic affiliation fully captured as role ('Retired Sericultural Expert, Madras Government, and Sericultural Expert, Ceylon'). Generic goods 'cricket bats', 'hockey sticks' as PRODUCT; nylon/rayon as PRODUCT (materials). Same institution as 'Agricultural Department' and 'Department of Agriculture' in one article (two norms). 'Madras Government' as ORG with role 'Employer of K. T. Achaya' - an inferred relation, not text-quoted.
046_vol101_iss03_tropical_agriculturist_july_september_1945_101_.txt	291	14	0	6	1	0		6 diseases as TAXON again. 'C. Mange' left unexpanded (Contagious Mange, as spelled out in 042). OCR-split 'Hæmorrhagic Septi-/caemic' repaired. Signature with role captured.
048_vol101_iss04_tropical_agriculturist_october_december_1945_10.txt	251	7	0	0	0	1	VJ day (EVENT)	Clean minutes fragment: Rubber Research Scheme estates Dartonfield/Nivitigalakele correctly ESTATE (from 'estate roads'), firm with Messrs. stripped, 'Gardner engine' PRODUCT. 'Experimental Committee' norm lacks parent body (Rubber Research Scheme - only in section metadata, not text).
038_vol094_iss06_tropical_agriculturist_1940_06_94_6_1940_06_005.txt	3497	107	1	0	1	5	Reference article titles e.g. 'Rootstock influence on the composition of citrus fruits'; 'Changes in the composition of oranges during ripening'; 'The limitation of the Satsuma orange to trifoliolate orange stock'; 'Errors of the second kind...'; 'On bud union effect in citrus'	107 mentions for ~55 distinct (Washington Navel x5 variants, trifoliolate orange x6, Hodgson as 'Hodgson'/'Hodgson, R. W.'/'Prof. R. W. Hodgson'). Byline captured with role; '(Calif.)', '(Cantab.)', '(Trinidad)' degree places correctly ignored. Authorities stripped from all binomials (Osbeck, Swingle, Macf., Lush.); 'C. paradiisi' repaired to paradisi; 'Cope-man' de-hyphenated. Reference journals expanded well except 'Calif. Citrog.' -> 'California Citrogapher' (sic; Citrograph). 'Neyman and Tokarska' also kept as one PERSON. Only the book title in the references became a PUBLICATION; 8 article titles missed.
039_vol095_iss06_tropical_agriculturist_1940_12_95_6_1940_12_009.txt	2004	24	0	0	0	1	District Agricultural Committees (ORG)	Questionnaire in HTML Q/A tables: places and crops captured; vernacular crop names (bandakka) kept. Unnamed 'the Botanist' correctly NOT extracted here (contrast 004/021/031). OCR typo 'Forthy-nine' irrelevant.
047_vol101_iss04_tropical_agriculturist_october_december_1945_10.txt	1372	39	0	1	0	1	Estate and Experimental Sub-Committee / Experimental Committee (ORG)	Best minutes extraction in sample: 22 persons; office-holders written 'the Director of Agriculture (Mr. L. J. de S. Seneviratne, C.C.S.)' resolved to the named person with office as role; post-nominals (K.B.E., C.M.G., O.B.E., M.C., C.C.S., M.S.C.) kept in text but stripped from norm; military rank moved out of norm (Major Redman King -> Redman King). 'Order of the British Empire' typed EVENT. 'V-J Day' EVENT (good). Closing signature 'ROLAND V. NORRIS' not separately listed but Dr. R. V. Norris present.
